accounting_error,adverse_selection_cost,average_quoted_spread_ticks,executable_mark_adjustment,external_cancel_count,external_event_count,external_limit_count,external_market_count,external_successful_cancel_count,external_trade_count,external_unfilled_market_quantity,fees,fill_count,fill_rate,filled_quantity_rate,final_inventory,final_pnl,final_wealth,inventory_mark_to_market,inventory_rms,liquidation_count,liquidation_pnl,max_abs_inventory,max_drawdown,max_drawdown_pct,max_queue_ahead_at_entry,mean_abs_inventory,mean_queue_ahead_at_entry,pnl_per_second,pnl_per_traded_unit,quote_count,quote_to_trade_ratio,seed,spread_capture,strategy,terminal_liquidation_unfilled,time_at_inventory_limit,total_traded_quantity,turnover_notional_ticks
-1.3969853052131498e-11,-0.09,2.67,0.0299999999982538,424.0,992.0,514.0,54.0,422.0,100.0,10.0,0.05999999999999999,11.0,0.055,0.0275,0.0,0.02999999998428393,100000.02999999998,0.10999999999999997,0.9489454739013253,1.0,0.08,1.0,0.08500000000640284,8.499995750642408e-07,7.0,0.900497512437811,1.5454545454545454,0.0014999999992141965,0.0027272727258439936,200.0,18.181818181818183,0.0,-0.13,naive_symmetric,0.0,0.0,11.0,109923
1.3387846387047375e-11,0.020000000000000014,2.86,0.7699999999976718,421.0,979.0,505.0,53.0,419.0,115.0,20.0,0.14000000000000004,24.0,0.12,0.06,0.0,-0.6599999999889405,99999.34000000001,-0.7200000000000002,2.308323679416564,1.0,-0.6,5.0,0.7700000000040745,7.699993070046982e-06,15.0,1.6965174129353233,2.2916666666666665,-0.03299999999944703,-0.027499999999539188,200.0,8.333333333333334,0.0,0.030000000000000013,inventory_skew,0.0,0.0,24.0,239646
-1.1641659858341313e-12,-0.01,28.11,0.09999999999883585,435.0,1002.0,521.0,46.0,434.0,81.0,9.0,0.01,1.0,0.005,0.0025,0.0,0.059999999997671694,100000.06,0.030000000000000006,0.9874838622020375,1.0,-0.12,1.0,0.04999999998835847,4.999996248838661e-07,0.0,0.9751243781094527,0.0,0.0029999999998835845,0.059999999997671694,200.0,200.0,0.0,0.06,avellaneda_stoikov,0.0,0.0,1.0,10003
1.2223597134486397e-11,0.0,5.135,-0.02000000000989527,352.0,828.0,434.0,42.0,352.0,83.0,22.0,0.02,4.0,0.02,0.012658227848101266,0.0,-0.059999999997671694,99999.94,0.05999999999999999,0.14106912317171966,0.0,0.0,1.0,0.1849999999976717,1.8499999999767168e-06,0.0,0.01990049751243781,0.0,-0.0029999999998835845,-0.014999999999417923,200.0,50.0,0.0,-0.08000000000000002,microstructure_adaptive,0.0,0.0,4.0,39992
-5.238809386298726e-12,-0.07999999999999999,2.68,-0.02000000000407448,434.0,987.0,510.0,43.0,432.0,86.0,50.0,0.1,16.0,0.08,0.04,0.0,-0.010000000009313226,99999.98999999999,0.009999999999999967,3.6732189307789476,1.0,-0.44,6.0,0.2449999999953434,2.449997549955884e-06,19.0,3.5323383084577116,1.5625,-0.0005000000004656613,-0.0006250000005820766,200.0,12.5,1.0,0.54,naive_symmetric,0.0,0.0,16.0,160015
1.1640688413194766e-12,-0.039999999999999994,2.955,0.4700000000203728,433.0,989.0,512.0,44.0,431.0,94.0,51.0,0.07999999999999999,14.0,0.07,0.035,0.0,-0.42999999997846317,99999.57000000002,-0.53,2.7208427140551263,1.0,-0.4,6.0,0.6199999999807915,6.199994729812394e-06,19.0,2.5074626865671643,3.7142857142857144,-0.02149999999892316,-0.03071428571274737,200.0,14.285714285714286,1.0,0.10999999999999999,inventory_skew,0.0,0.0,14.0,139955
1.746229549848266e-11,-0.03,25.01,0.18999999997788108,436.0,996.0,533.0,27.0,432.0,53.0,29.0,0.02,4.0,0.02,0.01,0.0,0.11999999999534339,100000.12,-0.2,0.2543159784901902,0.0,0.0,1.0,0.1899999999877764,1.8999974348812268e-06,11.0,0.06467661691542288,2.75,0.005999999999767169,0.029999999998835847,200.0,50.0,1.0,0.15000000000000002,avellaneda_stoikov,0.0,0.0,4.0,39990
-1.5716067336413175e-11,-0.05,4.92,-0.11999999997904523,360.0,846.0,447.0,39.0,360.0,77.0,7.0,0.030000000000000002,5.0,0.025,0.015432098765432098,0.0,-0.00999999999476131,99999.99,0.03,1.354924682601357,1.0,0.12,3.0,0.08999999999650754,8.999995049653477e-07,0.0,1.2487562189054726,0.0,-0.0004999999997380655,-0.001999999998952262,200.0,40.0,1.0,-0.010000000000000002,microstructure_adaptive,0.0,0.0,5.0,49995
-9.313216864370588e-12,0.039999999999999994,2.555,-0.3000000000023283,427.0,986.0,506.0,53.0,425.0,104.0,12.0,0.06999999999999999,14.0,0.07,0.035,0.0,-0.20000000001164153,99999.79999999999,-0.01000000000000001,1.7732113824824083,0.0,0.0,3.0,0.3150000000023283,3.150000000023283e-06,13.0,1.5621890547263682,4.0,-0.010000000000582076,-0.014285714286545823,200.0,14.285714285714286,2.0,0.18,naive_symmetric,0.0,0.0,14.0,139839
-1.74632530658414e-12,0.039999999999999994,2.915,-0.22999999998370182,427.0,986.0,506.0,53.0,425.0,105.0,12.0,0.06999999999999999,14.0,0.07,0.035,0.0,-0.24999999998544808,99999.75000000001,-0.07999999999999999,1.7732113824824083,0.0,0.0,3.0,0.3149999999732245,3.1499999997322447e-06,10.0,1.5621890547263682,3.642857142857143,-0.012499999999272404,-0.017857142856103434,200.0,14.285714285714286,2.0,0.13000000000000003,inventory_skew,0.0,0.0,14.0,139816
2.0954654678106976e-11,0.0,20.73267326732673,0.04999999998253771,235.0,600.0,342.0,23.0,233.0,43.0,7.0,0.02,4.0,0.02,0.019801980198019802,0.0,-0.08999999999650754,99999.91,-0.2899999999999999,1.9044331628182154,0.0,0.0,2.0,0.33999999999650754,3.399999659965109e-06,0.0,1.8258706467661692,0.0,-0.004499999999825377,-0.022499999999126885,200.0,50.0,2.0,0.17,avellaneda_stoikov,0.0,0.0,4.0,39929
-6.40276720531574e-12,0.03,5.435897435897436,-0.8399999999720603,320.0,786.0,415.0,51.0,319.0,99.0,13.0,0.06,9.0,0.045,0.030405405405405407,0.0,0.07000000002153683,100000.07000000002,0.5399999999999999,2.7956967643165362,1.0,0.72,3.0,0.7349999999860302,7.349993752365611e-06,6.0,2.711442786069652,1.4444444444444444,0.003500000001076842,0.007777777780170759,200.0,22.22222222222222,2.0,-0.29,microstructure_adaptive,0.0,0.0,9.0,89986
1.979083563696804e-11,0.01,2.5808823529411766,0.879999999984866,337.0,833.0,445.0,51.0,336.0,122.0,80.0,0.2600000000000001,42.0,0.21,0.125,0.0,-0.11999999999534339,99999.88,-1.5099999999999998,7.169934462671536,4.0,-0.7000000000000001,10.0,1.5750000000116415,1.5749811789865524e-05,13.0,6.213930348258707,1.0476190476190477,-0.005999999999767169,-0.0028571428570319853,200.0,4.761904761904762,3.0,1.4699999999999998,naive_symmetric,0.0,0.31840796019900497,42.0,420088
1.0477174683387602e-11,0.09000000000000001,2.935,0.5199999999825378,425.0,980.0,513.0,42.0,425.0,85.0,44.0,0.12000000000000004,23.0,0.115,0.0575,0.0,-0.3200000000069849,99999.68,-0.5199999999999999,1.8106923993804496,1.0,-0.12,4.0,0.41000000000349246,4.099999590034965e-06,8.0,1.5174129353233832,1.173913043478261,-0.016000000000349245,-0.013913043478564561,200.0,8.695652173913043,3.0,-0.07999999999999993,inventory_skew,0.0,0.0,23.0,230084
-9.313223803264492e-12,-0.03,28.48,0.06000000000407454,440.0,1001.0,534.0,27.0,435.0,49.0,14.0,0.02,2.0,0.01,0.005,0.0,0.00999999999476131,100000.01,-0.009999999999999988,1.9661311354513067,1.0,-0.1,2.0,0.10000000000582077,9.999994000585676e-07,0.0,1.935323383084577,0.0,0.0004999999997380655,0.004999999997380655,200.0,100.0,3.0,0.08,avellaneda_stoikov,0.0,0.0,2.0,20005
1.5133963526814398e-11,0.0,5.115,0.07999999999825377,359.0,834.0,435.0,40.0,359.0,66.0,22.0,0.030000000000000002,6.0,0.03,0.01875,0.0,0.030000000013387762,100000.03000000001,-0.13999999999999999,0.642600438362039,0.0,0.0,2.0,0.10499999999592546,1.0499989499603046e-06,15.0,0.38308457711442784,3.8333333333333335,0.0015000000006693882,0.005000000002231293,200.0,33.333333333333336,3.0,0.12000000000000001,microstructure_adaptive,0.0,0.0,6.0,59992
0.0,0.0,2.825,0.0,438.0,1000.0,521.0,41.0,438.0,81.0,0.0,0.0,0.0,0.0,0.0,0.0,0.0,100000.0,0.0,0.0,0.0,0.0,0.0,0.0,0.0,0.0,0.0,0.0,0.0,0.0,200.0,0.0,4.0,0.0,naive_symmetric,0.0,0.0,0.0,0
0.0,0.0,2.825,0.0,438.0,1000.0,521.0,41.0,438.0,81.0,0.0,0.0,0.0,0.0,0.0,0.0,0.0,100000.0,0.0,0.0,0.0,0.0,0.0,0.0,0.0,0.0,0.0,0.0,0.0,0.0,200.0,0.0,4.0,0.0,inventory_skew,0.0,0.0,0.0,0
0.0,0.0,27.09,0.0,443.0,1000.0,509.0,48.0,437.0,81.0,0.0,0.0,0.0,0.0,0.0,0.0,0.0,100000.0,0.0,0.0,0.0,0.0,0.0,0.0,0.0,0.0,0.0,0.0,0.0,0.0,200.0,0.0,4.0,0.0,avellaneda_stoikov,0.0,0.0,0.0,0
9.313216864370588e-12,-0.01,4.99,-0.13000000000407452,366.0,858.0,455.0,37.0,366.0,76.0,0.0,0.01,1.0,0.005,0.003048780487804878,0.0,-0.00999999999476131,99999.99,0.01,0.816496580927726,1.0,0.1,1.0,0.020000000004074536,1.9999999004074584e-07,0.0,0.6666666666666666,0.0,-0.0004999999997380655,-0.00999999999476131,200.0,200.0,4.0,0.02,microstructure_adaptive,0.0,0.0,1.0,10001
1.1640688413194766e-12,0.009999999999999998,2.686868686868687,-1.2900000000331784,422.0,980.0,514.0,44.0,420.0,83.0,34.0,0.14,19.0,0.095,0.04773869346733668,0.0,-0.5500000000320142,99999.44999999997,-0.53,7.936627101687705,1.0,0.9,10.0,1.1700000000128057,1.1699968410213353e-05,5.0,7.3283582089552235,0.3157894736842105,-0.02750000000160071,-0.02894736842273759,200.0,10.526315789473685,5.0,0.5100000000000001,naive_symmetric,0.0,0.009950248756218905,19.0,189912
-1.2223444478820511e-11,-0.010000000000000004,2.92,-0.34999999994528475,415.0,974.0,512.0,47.0,413.0,95.0,50.0,0.13000000000000003,26.0,0.13,0.065,0.0,-0.7199999999575084,99999.28000000004,-0.81,3.5443178546409135,0.0,0.0,8.0,1.3949999999895226,1.3949967217472265e-05,13.0,2.810945273631841,1.8076923076923077,-0.03599999999787542,-0.0276923076906734,200.0,7.6923076923076925,5.0,0.5699999999999998,inventory_skew,0.0,0.0,26.0,259751
0.0,0.0,28.46,0.0,445.0,1000.0,522.0,33.0,443.0,64.0,0.0,0.0,0.0,0.0,0.0,0.0,0.0,100000.0,0.0,0.0,0.0,0.0,0.0,0.0,0.0,0.0,0.0,0.0,0.0,0.0,200.0,0.0,5.0,0.0,avellaneda_stoikov,0.0,0.0,0.0,0
1.4552137272971777e-11,0.010000000000000004,5.245,-0.7800000000133878,327.0,776.0,406.0,43.0,327.0,94.0,5.0,0.09,15.0,0.075,0.05102040816326531,0.0,0.22000000000116415,100000.22,-8.326672684688674e-17,3.4705584737046262,1.0,0.48,5.0,0.4499999999970896,4.499977275085658e-06,3.0,3.2786069651741294,0.2,0.011000000000058208,0.014666666666744276,200.0,13.333333333333334,5.0,0.6099999999999999,microstructure_adaptive,0.0,0.0,15.0,149960
1.5716317136593716e-11,-0.029999999999999992,2.2857142857142856,4.790000000020955,264.0,655.0,350.0,41.0,261.0,82.0,40.0,0.14,18.0,0.09,0.07659574468085106,0.0,-1.0699999999633292,99998.93000000004,-2.2800000000000002,9.216036207778515,3.0,-5.0,10.0,4.600000000005821,4.59984038554444e-05,2.0,8.696517412935323,0.2222222222222222,-0.05349999999816646,-0.05944444444240718,200.0,11.11111111111111,6.0,1.5599999999999998,naive_symmetric,0.0,0.8208955223880597,18.0,179985
9.313105842068126e-12,-0.06,2.97,0.7699999999953435,434.0,994.0,511.0,49.0,433.0,89.0,28.0,0.049999999999999996,9.0,0.045,0.0225,0.0,-0.11999999999534339,99999.88,-0.24000000000000002,1.4071600841722176,1.0,-0.44,2.0,0.16500000000814907,1.6499997525815277e-06,11.0,1.3034825870646767,1.2222222222222223,-0.005999999999767169,-0.013333333332815932,200.0,22.22222222222222,6.0,-0.16000000000000003,inventory_skew,0.0,0.0,9.0,90009
0.0,-0.05,28.6,0.01999999999359716,438.0,998.0,523.0,37.0,434.0,70.0,7.0,0.01,2.0,0.01,0.005,0.0,0.03999999999359716,100000.04,0.0,0.07053456158585983,0.0,0.0,1.0,0.014999999999417923,1.4999993999420324e-07,8.0,0.004975124378109453,4.0,0.0019999999996798577,0.01999999999679858,200.0,100.0,6.0,0.03,avellaneda_stoikov,0.0,0.0,2.0,19999
4.365552364049563e-11,-0.20999999999999996,5.228426395939087,0.5299999999493594,331.0,794.0,419.0,44.0,331.0,93.0,7.0,0.09000000000000001,17.0,0.085,0.05592105263157895,0.0,-0.07000000000698492,99999.93,-0.4999999999999999,1.0697095900127165,1.0,0.34,2.0,0.41999999999825377,4.199995169988092e-06,9.0,0.945273631840796,1.1176470588235294,-0.003500000000349246,-0.004117647059234407,200.0,11.764705882352942,6.0,-0.35,microstructure_adaptive,0.0,0.0,17.0,170002
3.4924424463511627e-12,-0.03,2.78,-0.01000000000523868,439.0,997.0,517.0,41.0,439.0,78.0,13.0,0.049999999999999996,6.0,0.03,0.015,0.0,-0.08000000000174623,99999.92,-0.09,3.739662368030792,2.0,-0.04,4.0,0.19999999999708962,1.9999988999715013e-06,7.0,3.616915422885572,1.3333333333333333,-0.004000000000087311,-0.013333333333624372,200.0,33.333333333333336,7.0,0.11,naive_symmetric,0.0,0.0,6.0,60011
-6.938893903907228e-18,0.0,2.8,0.05000000000000001,442.0,998.0,518.0,38.0,442.0,65.0,8.0,0.01,2.0,0.01,0.005,0.0,0.0,100000.0,0.0,0.24433888871261045,0.0,0.0,1.0,0.014999999999417923,1.4999999999417924e-07,0.0,0.05970149253731343,0.0,0.0,0.0,200.0,100.0,7.0,-0.04,inventory_skew,0.0,0.0,2.0,20005
0.0,0.0,27.365,0.0,442.0,1000.0,523.0,35.0,437.0,74.0,0.0,0.0,0.0,0.0,0.0,0.0,0.0,100000.0,0.0,0.0,0.0,0.0,0.0,0.0,0.0,0.0,0.0,0.0,0.0,0.0,200.0,0.0,7.0,0.0,avellaneda_stoikov,0.0,0.0,0.0,0
1.9208523660552146e-11,0.060000000000000005,5.275,0.1499999999580905,274.0,688.0,368.0,46.0,274.0,85.0,34.0,0.05,7.0,0.035,0.028455284552845527,0.0,-0.290000000022701,99999.70999999998,-0.37,4.004972034237552,1.0,-0.18,5.0,0.5599999999976717,5.599989079998011e-06,0.0,3.781094527363184,0.0,-0.01450000000113505,-0.04142857143181443,200.0,28.571428571428573,7.0,0.16,microstructure_adaptive,0.0,0.0,7.0,70032
9.313216864370588e-12,0.05,2.8,0.3799999999918509,435.0,1001.0,527.0,39.0,435.0,68.0,0.0,0.02,2.0,0.01,0.005,0.0,-0.029999999998835847,99999.97,0.009999999999999998,1.9572546515832523,1.0,-0.36,2.0,0.03999999999359716,3.999999999359716e-07,13.0,1.9203980099502487,10.5,-0.0014999999999417923,-0.014999999999417923,200.0,100.0,8.0,-0.04,naive_symmetric,0.0,0.0,2.0,20003
2.386507658158621e-11,0.06000000000000001,2.925,-0.35000000002386505,433.0,994.0,515.0,46.0,433.0,99.0,0.0,0.049999999999999996,9.0,0.045,0.0225,0.0,0.0,100000.0,0.009999999999999997,1.0858657732942596,1.0,0.12,2.0,0.06000000001222361,5.999998801222601e-07,13.0,0.8109452736318408,6.888888888888889,0.0,0.0,200.0,22.22222222222222,8.0,0.26999999999999996,inventory_skew,0.0,0.0,9.0,89985
0.0,0.0,27.23,0.0,445.0,1000.0,519.0,36.0,440.0,64.0,0.0,0.0,0.0,0.0,0.0,0.0,0.0,100000.0,0.0,0.0,0.0,0.0,0.0,0.0,0.0,0.0,0.0,0.0,0.0,0.0,200.0,0.0,8.0,0.0,avellaneda_stoikov,0.0,0.0,0.0,0
-1.1059486659803497e-11,-0.06,5.275,0.35000000000756704,321.0,775.0,399.0,55.0,321.0,115.0,0.0,0.06999999999999999,12.0,0.06,0.0410958904109589,0.0,-0.16000000000349246,99999.84,-0.09,1.1928476734853044,1.0,-0.54,3.0,0.20500000000174623,2.0500000000174623e-06,5.0,0.7761194029850746,0.6666666666666666,-0.008000000000174623,-0.013333333333624372,200.0,16.666666666666668,8.0,0.19,microstructure_adaptive,0.0,0.0,12.0,120077
0.0,0.01,2.92,-0.19999999998952261,435.0,1002.0,526.0,41.0,435.0,83.0,0.0,0.01,1.0,0.005,0.0025,0.0,-0.01999999998952262,99999.98000000001,0.0,0.9824327607288114,1.0,0.18,1.0,0.014999999999417923,1.4999999999417924e-07,7.0,0.9651741293532339,7.0,-0.000999999999476131,-0.01999999998952262,200.0,200.0,9.0,0.01,naive_symmetric,0.0,0.0,1.0,10001
0.0,0.01,2.97,-0.19999999998952261,435.0,1002.0,526.0,41.0,435.0,83.0,0.0,0.01,1.0,0.005,0.0025,0.0,-0.01999999998952262,99999.98000000001,0.0,0.9824327607288114,1.0,0.18,1.0,0.014999999999417923,1.4999999999417924e-07,7.0,0.9651741293532339,7.0,-0.000999999999476131,-0.01999999998952262,200.0,200.0,9.0,0.01,inventory_skew,0.0,0.0,1.0,10001
0.0,-0.02,28.005,0.01999999999592547,441.0,1002.0,507.0,54.0,438.0,107.0,0.0,0.01,1.0,0.005,0.0025,0.0,-0.020000000004074536,99999.98,0.0,0.0,1.0,-0.24,0.0,0.014999999999417923,1.4999999999417924e-07,4.0,0.0,4.0,-0.0010000000002037268,-0.020000000004074536,200.0,200.0,9.0,0.21,avellaneda_stoikov,0.0,0.0,1.0,9997
8.149037000748649e-12,-0.04999999999999999,5.245,-0.5500000000174623,325.0,807.0,434.0,48.0,325.0,94.0,5.0,0.030000000000000002,4.0,0.02,0.013157894736842105,0.0,-0.010000000009313226,99999.98999999999,0.04000000000000001,1.7420751621691777,2.0,0.28,3.0,0.23000000001047738,2.299998045106435e-06,5.0,1.572139303482587,1.75,-0.0005000000004656613,-0.0025000000023283064,200.0,50.0,9.0,0.25,microstructure_adaptive,0.0,0.0,4.0,40026
-3.026801032035564e-11,-0.009999999999999998,2.7,0.44000000005005857,434.0,997.0,519.0,44.0,434.0,81.0,0.0,0.04,6.0,0.03,0.015,0.0,-0.009999999980209395,99999.99000000002,0.030000000000000002,1.5661214251800402,1.0,-1.0,3.0,0.05999999998311978,5.999998798312217e-07,3.0,1.4577114427860696,0.8333333333333334,-0.0004999999990104697,-0.0016666666633682325,200.0,33.333333333333336,10.0,0.56,naive_symmetric,0.0,0.0,6.0,60001
0.0,-0.09,2.845,0.8000000000384171,429.0,990.0,512.0,49.0,429.0,96.0,0.0,0.06999999999999999,13.0,0.065,0.0325,0.0,0.010000000038417056,100000.01000000004,0.0,0.8949832539637945,1.0,-0.51,2.0,0.05499999999301508,5.499998349302002e-07,11.0,0.7810945273631841,2.230769230769231,0.0005000000019208528,0.0007692307721859274,200.0,15.384615384615385,10.0,-0.21000000000000002,inventory_skew,0.0,0.0,13.0,130000
0.0,0.0,29.69,0.0,430.0,1000.0,522.0,48.0,428.0,88.0,0.0,0.0,0.0,0.0,0.0,0.0,0.0,100000.0,0.0,0.0,0.0,0.0,0.0,0.0,0.0,0.0,0.0,0.0,0.0,0.0,200.0,0.0,10.0,0.0,avellaneda_stoikov,0.0,0.0,0.0,0
-1.2223555501122974e-11,-0.03999999999999999,5.345177664974619,2.87000000004482,280.0,692.0,362.0,50.0,280.0,98.0,11.0,0.1,15.0,0.075,0.05952380952380952,0.0,-0.08999999996740371,99999.91000000003,-0.8099999999999999,4.0580366794229805,1.0,-2.75,5.0,1.75,1.749972612928607e-05,2.0,3.8805970149253732,0.13333333333333333,-0.004499999998370185,-0.005999999997826914,200.0,13.333333333333334,10.0,0.7000000000000002,microstructure_adaptive,0.0,0.0,15.0,150041
-8.149481089958499e-12,0.01,2.8,1.6400000000168804,426.0,993.0,512.0,55.0,426.0,99.0,2.0,0.07999999999999999,10.0,0.05,0.025,0.0,-0.5999999999912689,99999.40000000001,-0.2899999999999999,4.733179172039325,1.0,-1.3800000000000001,6.0,0.694999999992433,6.949999652424347e-06,17.0,4.164179104477612,2.4,-0.029999999999563442,-0.059999999999126884,200.0,20.0,11.0,-0.48999999999999994,naive_symmetric,0.0,0.0,10.0,100028
1.1641465569312004e-11,0.019999999999999997,2.98,0.29999999998835847,429.0,993.0,515.0,49.0,429.0,86.0,2.0,0.06,10.0,0.05,0.025,0.0,-0.25,99999.75,-0.04999999999999999,1.8635012250922718,1.0,-0.48,3.0,0.27000000000407454,2.699999865040752e-06,17.0,1.681592039800995,2.6,-0.0125,-0.025,200.0,20.0,11.0,0.04000000000000002,inventory_skew,0.0,0.0,10.0,100039
0.0,0.0,27.495,0.0,443.0,1000.0,514.0,43.0,439.0,83.0,0.0,0.0,0.0,0.0,0.0,0.0,0.0,100000.0,0.0,0.0,0.0,0.0,0.0,0.0,0.0,0.0,0.0,0.0,0.0,0.0,200.0,0.0,11.0,0.0,avellaneda_stoikov,0.0,0.0,0.0,0
9.313216864370588e-12,-0.01,5.205,-0.23000000000407453,361.0,838.0,435.0,42.0,361.0,71.0,0.0,0.01,1.0,0.005,0.0031446540880503146,0.0,-0.00999999999476131,99999.99,0.01,0.7563989049982733,1.0,0.12,1.0,0.014999999999417923,1.4999999999417924e-07,0.0,0.572139303482587,0.0,-0.0004999999997380655,-0.00999999999476131,200.0,200.0,11.0,0.1,microstructure_adaptive,0.0,0.0,1.0,10002
-1.1641576591614466e-11,-0.03,2.71,0.14999999996914995,434.0,995.0,513.0,48.0,434.0,86.0,9.0,0.06,8.0,0.04,0.02,0.0,-0.030000000042491592,99999.96999999996,0.05000000000000001,3.3907982006912394,3.0,-0.12,4.0,0.07500000001164153,7.499998126164623e-07,7.0,3.109452736318408,1.625,-0.0015000000021245796,-0.003750000005311449,200.0,25.0,12.0,-0.049999999999999975,naive_symmetric,0.0,0.0,8.0,79967
1.513400516017782e-11,0.05,2.93,0.36999999997613486,429.0,993.0,511.0,53.0,429.0,91.0,15.0,0.06999999999999999,10.0,0.05,0.025,0.0,-0.15000000000873115,99999.84999999999,-0.13999999999999999,3.6186361192007244,1.0,-0.28,5.0,0.3000000000029104,2.9999962500337918e-06,9.0,3.3233830845771144,2.8,-0.007500000000436558,-0.015000000000873115,200.0,20.0,12.0,-0.029999999999999964,inventory_skew,0.0,0.0,10.0,99942
9.313227272711444e-12,-0.01,27.69,0.01999999999476131,447.0,1002.0,509.0,46.0,442.0,77.0,2.0,0.01,1.0,0.005,0.0025,0.0,0.020000000004074536,100000.02,0.01,0.9671211832467413,1.0,-0.04,1.0,0.01999999998952262,1.9999994989523872e-07,0.0,0.9353233830845771,0.0,0.0010000000002037268,0.020000000004074536,200.0,200.0,12.0,0.04,avellaneda_stoikov,0.0,0.0,1.0,10004
4.074539317056036e-12,-0.03,5.11,0.050000000006402846,356.0,833.0,434.0,43.0,356.0,74.0,0.0,0.02,2.0,0.01,0.006329113924050633,0.0,-0.01999999998952262,99999.98000000001,0.019999999999999997,1.401846685395102,1.0,-0.06,2.0,0.024999999994179234,2.49999962441798e-07,0.0,1.308457711442786,0.0,-0.000999999999476131,-0.00999999999476131,200.0,100.0,12.0,-0.01,microstructure_adaptive,0.0,0.0,2.0,20000
5.471523234490405e-11,0.08,2.77,-0.9400000000465663,421.0,983.0,520.0,42.0,418.0,86.0,35.0,0.12000000000000002,20.0,0.1,0.05,0.0,0.04000000000814907,100000.04000000001,0.09000000000000002,2.9337629717019325,1.0,0.56,4.0,0.180000000007567,1.7999973000797196e-06,16.0,2.6069651741293534,1.9,0.0020000000004074536,0.0020000000004074536,200.0,10.0,13.0,0.45,naive_symmetric,0.0,0.0,20.0,200130
-8.731071421408387e-12,0.03,2.935,-0.30999999998370187,419.0,983.0,523.0,41.0,418.0,79.0,31.0,0.12000000000000002,20.0,0.1,0.05,0.0,-0.319999999992433,99999.68000000001,-0.65,3.48200776987254,1.0,0.16,5.0,0.6550000000133878,6.549989847649614e-06,7.0,3.1492537313432836,0.4,-0.01599999999962165,-0.01599999999962165,200.0,10.0,13.0,0.6,inventory_skew,0.0,0.0,20.0,200066
1.746230937627047e-11,0.0,23.848484848484848,-6.984933464959653e-12,426.0,992.0,513.0,53.0,425.0,88.0,8.0,0.030000000000000002,3.0,0.015,0.007575757575757576,0.0,0.23000000001047738,100000.23000000001,-0.44999999999999996,2.6059633105858193,2.0,-0.04,3.0,1.4099999999889405,1.4099879445920144e-05,0.0,2.353233830845771,0.0,0.011500000000523869,0.07666666667015913,200.0,66.66666666666667,13.0,0.75,avellaneda_stoikov,0.0,0.0,3.0,29961
-7.56700258008891e-12,1.734723475976807e-18,5.17,-0.039999999980209394,336.0,808.0,424.0,48.0,336.0,71.0,11.0,0.04,8.0,0.04,0.025974025974025976,0.0,0.06000000001222361,100000.06000000001,0.07,0.37984023873883366,0.0,0.0,2.0,0.0650000000023283,6.49999610023517e-07,0.0,0.11442786069651742,0.0,0.0030000000006111804,0.007500000001527951,200.0,25.0,13.0,0.07,microstructure_adaptive,0.0,0.0,8.0,80018
0.0,0.0,2.745,0.0,439.0,1000.0,524.0,37.0,439.0,62.0,0.0,0.0,0.0,0.0,0.0,0.0,0.0,100000.0,0.0,0.0,0.0,0.0,0.0,0.0,0.0,0.0,0.0,0.0,0.0,0.0,200.0,0.0,14.0,0.0,naive_symmetric,0.0,0.0,0.0,0
0.0,0.0,2.745,0.0,439.0,1000.0,524.0,37.0,439.0,62.0,0.0,0.0,0.0,0.0,0.0,0.0,0.0,100000.0,0.0,0.0,0.0,0.0,0.0,0.0,0.0,0.0,0.0,0.0,0.0,0.0,200.0,0.0,14.0,0.0,inventory_skew,0.0,0.0,0.0,0
0.0,0.0,27.54,0.0,440.0,1000.0,524.0,36.0,435.0,63.0,0.0,0.0,0.0,0.0,0.0,0.0,0.0,100000.0,0.0,0.0,0.0,0.0,0.0,0.0,0.0,0.0,0.0,0.0,0.0,0.0,200.0,0.0,14.0,0.0,avellaneda_stoikov,0.0,0.0,0.0,0
-1.0477368972416912e-11,0.01,5.02,-0.11999999998952263,371.0,850.0,440.0,39.0,371.0,65.0,0.0,0.01,1.0,0.005,0.0030864197530864196,0.0,0.0,100000.0,0.02,0.8809763918432063,1.0,0.1,1.0,0.014999999999417923,1.4999999249417963e-07,0.0,0.7761194029850746,0.0,0.0,0.0,200.0,200.0,14.0,0.01,microstructure_adaptive,0.0,0.0,1.0,10000
1.1641521080463235e-12,0.019999999999999997,2.72,-0.29000000000349246,428.0,990.0,517.0,45.0,427.0,89.0,21.0,0.09,13.0,0.065,0.0325,0.0,-0.1900000000023283,99999.81,-0.03,4.3560445794446885,2.0,0.2,5.0,0.2600000000093132,2.599998830093659e-06,6.0,4.009950248756219,1.1538461538461537,-0.009500000000116415,-0.014615384615563717,200.0,15.384615384615385,15.0,0.01999999999999999,naive_symmetric,0.0,0.0,13.0,130006
-6.98498203721698e-12,0.010000000000000007,2.955,-0.11999999997206029,423.0,989.0,519.0,47.0,423.0,80.0,36.0,0.07999999999999999,14.0,0.07,0.035,0.0,-0.03999999997904524,99999.96000000002,-0.06999999999999999,2.6164424595772418,1.0,0.1,4.0,0.14999999997962732,1.4999987997972334e-06,8.0,2.3482587064676617,2.0,-0.001999999998952262,-0.0028571428556460887,200.0,14.285714285714286,15.0,0.13,inventory_skew,0.0,0.0,14.0,140026
5.819789095085071e-13,-0.02,29.788235294117648,0.21999999999650754,380.0,882.0,477.0,25.0,379.0,46.0,3.0,0.01,1.0,0.005,0.0029411764705882353,0.0,-0.05000000000291038,99999.95,-0.13999999999999993,0.9798974461519554,1.0,-0.24,1.0,0.22999999999592546,2.29999781496133e-06,0.0,0.9601990049751243,0.0,-0.002500000000145519,-0.05000000000291038,200.0,200.0,15.0,0.12,avellaneda_stoikov,0.0,0.0,1.0,9990
-3.492484079714586e-12,-0.009999999999999995,5.4,0.2400000000197906,328.0,808.0,433.0,47.0,327.0,89.0,39.0,0.05999999999999999,11.0,0.055,0.03571428571428571,0.0,0.08000000001629815,100000.08000000002,-0.16,1.8514482700084853,1.0,-0.09,4.0,0.47999999999592546,4.799989439982486e-06,8.0,1.5771144278606966,0.7272727272727273,0.004000000000814907,0.007272727274208923,200.0,18.181818181818183,15.0,0.15000000000000002,microstructure_adaptive,0.0,0.0,11.0,109979
-1.1644019082268642e-12,-0.08999999999999998,2.56,0.5899999999767171,415.0,984.0,522.0,47.0,415.0,102.0,41.0,0.10000000000000002,19.0,0.095,0.0475,0.0,-0.12000000002444722,99999.87999999998,0.029999999999999985,1.4368982625486826,1.0,0.34,3.0,0.16500000000814907,1.6500000000814908e-06,10.0,1.2189054726368158,4.105263157894737,-0.006000000001222361,-0.006315789474970906,200.0,10.526315789473685,16.0,-0.98,naive_symmetric,0.0,0.0,19.0,190038
-3.434263984303243e-11,-0.05000000000000001,2.955,-0.7099999999749707,424.0,984.0,510.0,50.0,424.0,100.0,36.0,0.11000000000000001,19.0,0.095,0.0475,0.0,-0.7600000000093132,99999.23999999999,-0.74,3.614509180637867,1.0,0.51,5.0,0.7899999999935972,7.899996839937237e-06,13.0,3.353233830845771,2.4210526315789473,-0.03800000000046566,-0.04000000000049017,200.0,10.526315789473685,16.0,0.29000000000000004,inventory_skew,0.0,0.0,19.0,190144
0.0,0.0,26.34,0.0,436.0,1000.0,525.0,39.0,436.0,71.0,0.0,0.0,0.0,0.0,0.0,0.0,0.0,100000.0,0.0,0.0,0.0,0.0,0.0,0.0,0.0,0.0,0.0,0.0,0.0,0.0,200.0,0.0,16.0,0.0,avellaneda_stoikov,0.0,0.0,0.0,0
-1.1641521080463235e-12,0.01,5.29,0.24000000000116414,338.0,802.0,413.0,51.0,338.0,88.0,0.0,0.01,1.0,0.005,0.0033333333333333335,0.0,0.0,100000.0,0.03,0.7397727229305225,1.0,-0.36,1.0,0.029999999998835847,2.9999995498836524e-07,0.0,0.5472636815920398,0.0,0.0,0.0,200.0,200.0,16.0,0.1,microstructure_adaptive,0.0,0.0,1.0,10001
1.8626416381506417e-11,0.01,2.64,-0.00999999999999997,431.0,992.0,513.0,48.0,431.0,91.0,2.0,0.04,8.0,0.04,0.02,0.0,0.02000000001862645,100000.02000000002,0.019999999999999997,1.0024844758788585,0.0,0.0,2.0,0.02500000000873115,2.4999995008732144e-07,11.0,0.845771144278607,2.5,0.0010000000009313225,0.0025000000023283064,200.0,25.0,17.0,0.05,naive_symmetric,0.0,0.0,8.0,80002
4.074532378162132e-12,0.02,2.99,-0.08000000000407453,440.0,1002.0,524.0,38.0,440.0,62.0,0.0,0.01,1.0,0.005,0.0025,0.0,0.0,100000.0,0.02,0.9925092578236596,1.0,0.05,1.0,0.024999999994179234,2.4999998744179295e-07,0.0,0.9850746268656716,0.0,0.0,0.0,200.0,200.0,17.0,0.02,inventory_skew,0.0,0.0,1.0,9999
0.0,0.0,30.19,0.0,441.0,1000.0,517.0,42.0,434.0,74.0,0.0,0.0,0.0,0.0,0.0,0.0,0.0,100000.0,0.0,0.0,0.0,0.0,0.0,0.0,0.0,0.0,0.0,0.0,0.0,0.0,200.0,0.0,17.0,0.0,avellaneda_stoikov,0.0,0.0,0.0,0
1.1641521080463235e-12,0.009999999999999998,5.265,0.16999999998428394,332.0,796.0,414.0,50.0,332.0,91.0,5.0,0.04,8.0,0.04,0.026490066225165563,0.0,-1.4551915228366852e-11,99999.99999999999,-0.030000000000000006,0.7018100265975371,0.0,0.0,2.0,0.07000000000698492,6.999998950698651e-07,0.0,0.4228855721393035,0.0,-7.275957614183426e-13,-1.8189894035458565e-12,200.0,25.0,17.0,-0.09999999999999999,microstructure_adaptive,0.0,0.0,8.0,80014
-3.5506708684351906e-11,-0.02,2.745,-0.48999999994237436,426.0,994.0,514.0,54.0,426.0,103.0,11.0,0.06,9.0,0.045,0.0225,0.0,-0.06999999997788109,99999.93000000002,0.039999999999999994,1.92263293764965,1.0,0.6,3.0,0.14999999999417923,1.4999999249417958e-06,5.0,1.8756218905472637,2.5555555555555554,-0.0034999999988940544,-0.007777777775320121,200.0,22.22222222222222,18.0,-0.15999999999999998,naive_symmetric,0.0,0.0,9.0,90008
-9.313216864370588e-12,0.08,2.94,1.4551915228366852e-11,431.0,992.0,512.0,49.0,431.0,91.0,0.0,0.05999999999999999,11.0,0.055,0.0275,0.0,-0.00999999999476131,99999.99,-0.01,0.8315902167276945,1.0,-0.25,2.0,0.03999999999359716,3.999999999359716e-07,9.0,0.6019900497512438,3.909090909090909,-0.0004999999997380655,-0.0009090909086146646,200.0,18.181818181818183,18.0,0.31,inventory_skew,0.0,0.0,11.0,110001
-7.567058091240142e-12,-0.04,26.61904761904762,0.440000000014552,293.0,702.0,378.0,31.0,287.0,55.0,6.0,0.01,2.0,0.01,0.007936507936507936,0.0,0.07000000000698492,100000.07,-0.17999999999999994,0.8894069800262436,0.0,0.0,1.0,0.2400000000052387,2.3999953200615127e-06,0.0,0.7910447761194029,0.0,0.003500000000349246,0.03500000000349246,200.0,100.0,18.0,-0.18000000000000002,avellaneda_stoikov,0.0,0.0,2.0,19966
-2.9103941479036166e-12,0.019999999999999993,5.425,-0.5399999999644933,332.0,794.0,416.0,46.0,332.0,88.0,12.0,0.09000000000000001,17.0,0.085,0.05592105263157895,0.0,-0.08999999996740371,99999.91000000003,-0.04999999999999997,2.2855810195691872,1.0,0.13,5.0,0.3949999999895226,3.949997629896648e-06,7.0,1.9701492537313432,0.4117647058823529,-0.004499999998370185,-0.005294117645141394,200.0,11.764705882352942,18.0,0.46,microstructure_adaptive,0.0,0.0,17.0,170134
9.313216864370588e-12,0.02,2.955,-0.39000000000407453,426.0,1000.0,530.0,44.0,426.0,86.0,0.0,0.02,3.0,0.015,0.0075,0.0,-0.00999999999476131,99999.99,0.01,1.0533056234153542,1.0,0.32,2.0,0.059999999997671694,5.999999999767169e-07,7.0,1.0298507462686568,3.6666666666666665,-0.0004999999997380655,-0.0033333333315871037,200.0,66.66666666666667,19.0,0.07,naive_symmetric,0.0,0.0,3.0,29997
3.2014391138091014e-11,-0.019999999999999997,3.01010101010101,-0.8000000000209548,416.0,980.0,521.0,43.0,416.0,91.0,1.0,0.11000000000000001,19.0,0.095,0.04773869346733668,0.0,-0.40999999998894054,99999.59000000001,-0.7000000000000001,4.453742347231414,1.0,0.81,10.0,0.9149999999790452,9.149952877533132e-06,7.0,4.044776119402985,0.7894736842105263,-0.020499999999447027,-0.021578947367838976,200.0,10.526315789473685,19.0,0.38999999999999996,inventory_skew,0.0,0.009950248756218905,19.0,189945
0.0,0.0,28.375,0.0,436.0,1000.0,538.0,26.0,436.0,59.0,0.0,0.0,0.0,0.0,0.0,0.0,0.0,100000.0,0.0,0.0,0.0,0.0,0.0,0.0,0.0,0.0,0.0,0.0,0.0,0.0,200.0,0.0,19.0,0.0,avellaneda_stoikov,0.0,0.0,0.0,0
0.0,0.02,4.95,-0.3399999999895226,358.0,854.0,458.0,38.0,358.0,60.0,0.0,0.01,1.0,0.005,0.003067484662576687,0.0,-0.01999999998952262,99999.98000000001,0.0,0.995012437733208,1.0,0.32,1.0,0.020000000004074536,1.9999999004074584e-07,0.0,0.9900497512437811,0.0,-0.000999999999476131,-0.01999999998952262,200.0,200.0,19.0,0.01,microstructure_adaptive,0.0,0.0,1.0,9999
-1.1642214969853626e-12,0.08000000000000002,2.565,-0.07999999998719426,427.0,988.0,512.0,49.0,427.0,97.0,8.0,0.08,15.0,0.075,0.0375,0.0,-0.04999999998835847,99999.95000000001,0.03,2.683096154654987,1.0,0.1,3.0,0.15999999998894054,1.5999999998894054e-06,13.0,2.5522388059701493,2.6,-0.0024999999994179236,-0.0033333333325572313,200.0,13.333333333333334,20.0,-0.01999999999999999,naive_symmetric,0.0,0.0,15.0,150060
1.2805700944085174e-11,-0.019999999999999997,2.99,-0.02000000002153684,442.0,996.0,509.0,45.0,442.0,71.0,8.0,0.04,7.0,0.035,0.0175,0.0,-0.15000000000873115,99999.84999999999,-0.07999999999999999,1.628416805836988,1.0,0.06,3.0,0.21499999999650754,2.1499999999650753e-06,11.0,1.4975124378109452,1.5714285714285714,-0.007500000000436558,-0.021428571429818737,200.0,28.571428571428573,20.0,-0.07,inventory_skew,0.0,0.0,7.0,70034
1.1641659858341313e-12,0.02,26.32,-0.11999999999476131,448.0,1002.0,512.0,42.0,448.0,67.0,4.0,0.01,1.0,0.005,0.0025,0.0,-0.03999999999359716,99999.96,-0.030000000000000013,0.9925092578236596,1.0,0.1,1.0,0.10499999999592546,1.0499999999592547e-06,0.0,0.9850746268656716,0.0,-0.0019999999996798577,-0.03999999999359716,200.0,200.0,20.0,0.02,avellaneda_stoikov,0.0,0.0,1.0,10002
-2.910449659054848e-12,-0.01,5.1,0.03999999999359716,359.0,827.0,426.0,42.0,359.0,73.0,19.0,0.05,8.0,0.04,0.02531645569620253,0.0,-0.010000000009313226,99999.98999999999,-0.05,1.5275252316519468,1.0,-0.32,2.0,0.1200000000098953,1.199999700099028e-06,12.0,1.208955223880597,2.75,-0.0005000000004656613,-0.0012500000011641532,200.0,25.0,20.0,0.37000000000000005,microstructure_adaptive,0.0,0.0,8.0,80016
-3.0268121342658105e-11,0.030000000000000006,2.5918367346938775,0.9700000000506407,307.0,764.0,415.0,42.0,307.0,118.0,59.0,0.12000000000000004,24.0,0.12,0.08163265306122448,0.0,0.3500000000203727,100000.35000000002,0.03000000000000002,3.6630466073694987,0.0,0.0,6.0,0.3649999999906868,3.649985217466736e-06,14.0,3.1691542288557213,1.4583333333333333,0.017500000001018635,0.014583333334182194,200.0,8.333333333333334,21.0,-0.5299999999999999,naive_symmetric,0.0,0.0,24.0,240089
2.793942854850684e-11,0.05999999999999999,3.035532994923858,2.2500000000058207,411.0,973.0,512.0,50.0,411.0,107.0,28.0,0.13000000000000003,24.0,0.12,0.060453400503778336,0.0,-0.36999999996623956,99999.63000000003,-1.2199999999999998,4.257273553514354,1.0,-0.72,10.0,1.3799999999901047,1.3799870971107463e-05,12.0,3.4975124378109452,1.0833333333333333,-0.018499999998311978,-0.015416666665259982,200.0,8.333333333333334,21.0,-0.5499999999999999,inventory_skew,0.0,0.014925373134328358,24.0,239960
-2.910380270115809e-12,-0.03,28.805,0.03000000000058208,438.0,998.0,524.0,36.0,433.0,63.0,23.0,0.01,2.0,0.01,0.005,0.0,0.059999999997671694,100000.06,-0.05,0.18661690879115475,0.0,0.0,1.0,0.05000000000291038,4.999997000292838e-07,0.0,0.03482587064676617,0.0,0.0029999999998835845,0.029999999998835847,200.0,100.0,21.0,0.09,avellaneda_stoikov,0.0,0.0,2.0,20005
-9.31327237552182e-12,-0.02,5.355,0.39999999999941793,314.0,780.0,412.0,54.0,314.0,105.0,34.0,0.04,8.0,0.04,0.027210884353741496,0.0,0.1299999999901047,100000.12999999999,-0.00999999999999999,0.8667432036621501,0.0,0.0,1.0,0.08999999999650754,8.999987849667157e-07,0.0,0.7512437810945274,0.0,0.006499999999505235,0.016249999998763087,200.0,25.0,21.0,-0.22,microstructure_adaptive,0.0,0.0,8.0,79983
1.3387707609169297e-11,-0.09999999999999999,2.715,-0.1900000000133877,429.0,996.0,516.0,51.0,429.0,94.0,0.0,0.04,7.0,0.035,0.0175,0.0,0.0,100000.0,0.030000000000000006,0.451641560867119,1.0,-0.03,2.0,0.0650000000023283,6.49999870023309e-07,3.0,0.19402985074626866,0.7142857142857143,0.0,0.0,200.0,28.571428571428573,22.0,0.22999999999999998,naive_symmetric,0.0,0.0,7.0,70008
8.149050878536457e-12,-0.06999999999999999,2.925,-0.0199999999947613,435.0,998.0,522.0,41.0,435.0,70.0,0.0,0.030000000000000002,5.0,0.025,0.0125,0.0,0.030000000013387762,100000.03000000001,0.04000000000000001,0.9357467021300495,1.0,0.01,2.0,0.05499999999301508,5.499998074302181e-07,6.0,0.8656716417910447,1.4,0.0015000000006693882,0.006000000002677553,200.0,40.0,22.0,0.029999999999999992,inventory_skew,0.0,0.0,5.0,50002
0.0,0.0,28.45,0.0,435.0,1000.0,524.0,41.0,435.0,78.0,0.0,0.0,0.0,0.0,0.0,0.0,0.0,100000.0,0.0,0.0,0.0,0.0,0.0,0.0,0.0,0.0,0.0,0.0,0.0,0.0,200.0,0.0,22.0,0.0,avellaneda_stoikov,0.0,0.0,0.0,0
-1.3387790875896144e-11,0.030000000000000006,5.48,-0.0799999999935971,317.0,772.0,403.0,52.0,317.0,113.0,26.0,0.06999999999999999,11.0,0.055,0.03793103448275862,0.0,0.17999999999301508,100000.18,-0.28,2.5304120365321663,1.0,-0.12,4.0,0.4850000000005821,4.849967262726798e-06,15.0,2.084577114427861,1.3636363636363635,0.008999999999650754,0.01636363636300137,200.0,18.181818181818183,22.0,0.73,microstructure_adaptive,0.0,0.0,11.0,109994
5.819789095085071e-13,0.06999999999999999,2.53,-0.2999999999802094,419.0,982.0,509.0,54.0,419.0,117.0,39.0,0.14,21.0,0.105,0.0525,0.0,-0.6499999999796273,99999.35000000002,-0.3899999999999999,4.221480252516653,2.0,0.21,8.0,0.7399999999906868,7.399998149907331e-06,15.0,3.611940298507463,1.2380952380952381,-0.032499999998981365,-0.030952380951410823,200.0,9.523809523809524,23.0,-0.03,naive_symmetric,0.0,0.0,21.0,209844
1.0477341216841296e-11,-0.01,2.99,-0.2300000000291038,435.0,996.0,516.0,45.0,435.0,83.0,5.0,0.04,7.0,0.035,0.0175,0.0,-0.02000000001862645,99999.97999999998,-0.019999999999999997,1.4368982625486826,1.0,0.17,2.0,0.180000000007567,1.7999995500757825e-06,15.0,1.328358208955224,5.857142857142857,-0.0010000000009313225,-0.002857142859803779,200.0,28.571428571428573,23.0,0.1,inventory_skew,0.0,0.0,7.0,69989
4.0745185003743245e-12,0.0,28.42,0.18999999999068679,454.0,1002.0,514.0,34.0,447.0,53.0,0.0,0.01,1.0,0.005,0.0025,0.0,0.00999999999476131,100000.01,0.020000000000000004,0.9824327607288114,1.0,-0.21,1.0,0.03500000000349246,3.499999475349325e-07,0.0,0.9651741293532339,0.0,0.0004999999997380655,0.00999999999476131,200.0,200.0,23.0,0.02,avellaneda_stoikov,0.0,0.0,1.0,10005
3.492484079714586e-12,0.04000000000000001,5.59,-0.4900000000261934,239.0,621.0,317.0,65.0,239.0,119.0,62.0,0.07999999999999999,12.0,0.06,0.05581395348837209,0.0,0.209999999977299,100000.20999999998,0.15999999999999998,3.7008806266799965,2.0,0.72,5.0,0.4549999999871943,4.5499895348960135e-06,7.0,3.228855721393035,0.75,0.01049999999886495,0.01749999999810825,200.0,16.666666666666668,23.0,-0.10000000000000003,microstructure_adaptive,0.0,0.0,12.0,119983
5.238476319391339e-12,-0.019999999999999997,2.625,0.4399999999866123,424.0,992.0,525.0,43.0,423.0,96.0,7.0,0.05999999999999999,11.0,0.055,0.0275,0.0,-0.04000000000814907,99999.95999999999,-0.2599999999999999,1.562941479919111,1.0,-0.19,4.0,0.3750000000145519,3.749991562664503e-06,17.0,1.199004975124378,1.9090909090909092,-0.0020000000004074536,-0.0036363636371044613,200.0,18.181818181818183,24.0,0.030000000000000027,naive_symmetric,0.0,0.0,11.0,109989
-1.1059569926530344e-11,-0.12000000000000001,2.99,-0.09999999999243293,423.0,982.0,511.0,48.0,422.0,100.0,27.0,0.11000000000000003,21.0,0.105,0.0525,0.0,-0.16000000000349246,99999.84,0.16,1.3327112976879405,1.0,0.08,2.0,0.2599999999947613,2.5999999999476132e-06,16.0,1.228855721393035,2.380952380952381,-0.008000000000174623,-0.007619047619213927,200.0,9.523809523809524,24.0,-0.18999999999999992,inventory_skew,0.0,0.0,21.0,210083
0.0,0.0,26.945,0.0,442.0,1000.0,525.0,33.0,439.0,60.0,0.0,0.0,0.0,0.0,0.0,0.0,0.0,100000.0,0.0,0.0,0.0,0.0,0.0,0.0,0.0,0.0,0.0,0.0,0.0,0.0,200.0,0.0,24.0,0.0,avellaneda_stoikov,0.0,0.0,0.0,0
3.0850016985439765e-11,-0.039999999999999994,5.273224043715847,0.06999999997788114,299.0,739.0,393.0,47.0,297.0,105.0,32.0,0.09,16.0,0.08,0.057971014492753624,0.0,0.15000000000873115,100000.15000000001,0.33,1.3139132997287075,1.0,0.32,2.0,0.5750000000116415,5.749990800131134e-06,12.0,1.0696517412935322,0.75,0.007500000000436558,0.009375000000545697,200.0,12.5,24.0,-0.48000000000000004,microstructure_adaptive,0.0,0.0,16.0,160094
-3.492428568563355e-12,0.039999999999999994,2.8,-0.49,430.0,993.0,511.0,52.0,430.0,96.0,14.0,0.06999999999999999,10.0,0.05,0.025,0.0,0.08999999999650754,100000.09,0.08999999999999997,3.9297310429152454,2.0,0.32,5.0,0.27000000000407454,2.6999970300440127e-06,7.0,3.870646766169154,1.2,0.004499999999825377,0.008999999999650754,200.0,20.0,25.0,0.24,naive_symmetric,0.0,0.0,10.0,100016
4.656552921034063e-12,0.019999999999999997,2.935,0.42999999997788113,414.0,979.0,514.0,51.0,414.0,103.0,67.0,0.13000000000000003,24.0,0.12,0.06,0.0,-0.0500000000174623,99999.94999999998,-0.6200000000000001,2.90821447675134,1.0,-0.3,6.0,0.6000000000058208,5.999974200169148e-06,10.0,2.527363184079602,1.25,-0.002500000000873115,-0.0020833333340609292,200.0,8.333333333333334,25.0,0.5700000000000002,inventory_skew,0.0,0.0,24.0,239958
1.1059458904227881e-11,0.0,26.605,-0.0800000000250293,445.0,1000.0,522.0,33.0,439.0,67.0,8.0,0.030000000000000002,3.0,0.015,0.0075,0.0,-0.14000000001396984,99999.85999999999,-0.16,2.9599314231668856,2.0,0.0,3.0,0.27000000000407454,2.6999985150415624e-06,7.0,2.9303482587064678,2.3333333333333335,-0.007000000000698492,-0.04666666667132328,200.0,66.66666666666667,25.0,0.13,avellaneda_stoikov,0.0,0.0,3.0,30013
-6.4028227164669715e-12,-0.04,5.075,-0.29,350.0,828.0,434.0,44.0,350.0,74.0,13.0,0.05,7.0,0.035,0.022151898734177215,0.0,0.03999999999359716,100000.04,0.03999999999999998,2.8231452767669154,1.0,0.24,3.0,0.12499999998544808,1.2499986873558592e-06,0.0,2.736318407960199,0.0,0.0019999999996798577,0.005714285713371022,200.0,28.571428571428573,25.0,0.1,microstructure_adaptive,0.0,0.0,7.0,69995
-4.0745185003743245e-12,0.0,2.54,-0.4799999999644933,443.0,999.0,510.0,46.0,443.0,84.0,0.0,0.030000000000000002,4.0,0.02,0.01,0.0,-0.05999999996856786,99999.94000000003,-0.02,1.0438161901436336,2.0,0.76,2.0,0.06499999998777639,6.499999348777704e-07,2.0,0.9800995024875622,0.5,-0.002999999998428393,-0.014999999992141966,200.0,50.0,26.0,-0.29000000000000004,naive_symmetric,0.0,0.0,4.0,39995
-5.238726119571879e-12,-0.03,2.93,0.2100000000052386,443.0,996.0,509.0,44.0,443.0,83.0,0.0,0.04,7.0,0.035,0.0175,0.0,0.0,100000.0,0.01,1.0024844758788585,1.0,-0.43,2.0,0.04000000000814907,3.999999600814947e-07,4.0,0.945273631840796,0.8571428571428571,0.0,0.0,200.0,28.571428571428573,26.0,0.2500000000000001,inventory_skew,0.0,0.0,7.0,69996
0.0,0.0,29.98,0.0,438.0,1000.0,518.0,44.0,435.0,82.0,0.0,0.0,0.0,0.0,0.0,0.0,0.0,100000.0,0.0,0.0,0.0,0.0,0.0,0.0,0.0,0.0,0.0,0.0,0.0,0.0,200.0,0.0,26.0,0.0,avellaneda_stoikov,0.0,0.0,0.0,0
2.852162950262027e-11,0.03,5.665,1.9199999999895225,271.0,690.0,360.0,59.0,271.0,108.0,48.0,0.07999999999999999,13.0,0.065,0.052,0.0,-0.08999999998195563,99999.91000000002,-0.61,2.9983411665859143,1.0,-1.2,5.0,1.1000000000058208,1.0999919150652446e-05,4.0,2.5920398009950247,0.3076923076923077,-0.004499999999097781,-0.006923076921688894,200.0,15.384615384615385,26.0,-0.12,microstructure_adaptive,0.0,0.0,13.0,129958
-2.852162950262027e-11,-0.030000000000000013,2.679558011049724,1.9700000000552973,403.0,942.0,491.0,48.0,401.0,96.0,10.0,0.15000000000000002,23.0,0.115,0.06036745406824147,0.0,-0.4399999999732245,99999.56000000003,-0.89,6.795886962125698,2.0,-2.38,10.0,1.125,1.1249952750198448e-05,9.0,6.482587064676617,1.6956521739130435,-0.021999999998661222,-0.019130434781444543,200.0,8.695652173913043,27.0,1.01,naive_symmetric,0.0,0.0945273631840796,23.0,230008
2.1536994410098487e-11,-0.039999999999999994,3.1658031088082903,1.27999999998603,420.0,966.0,494.0,52.0,419.0,103.0,10.0,0.12000000000000004,23.0,0.115,0.058524173027989825,0.0,-0.319999999992433,99999.68000000001,-0.6799999999999999,5.835216469316378,1.0,-0.33,10.0,0.7799999999988358,7.799968020119474e-06,6.0,5.104477611940299,0.6521739130434783,-0.01599999999962165,-0.01391304347793187,200.0,8.695652173913043,27.0,-0.4699999999999999,inventory_skew,0.0,0.03482587064676617,23.0,230014
1.1059431148652266e-11,0.01,26.415,-1.1641534958251043e-11,429.0,996.0,518.0,49.0,420.0,94.0,14.0,0.02,4.0,0.02,0.01,0.0,0.13999999999941792,100000.14,-0.16,0.44609973674547054,0.0,0.0,2.0,0.15999999998894054,1.5999977598925416e-06,9.0,0.11940298507462686,2.25,0.006999999999970896,0.03499999999985448,200.0,50.0,27.0,0.32,avellaneda_stoikov,0.0,0.0,4.0,40004
5.820788295807233e-12,-0.03,5.405,0.9600000000221189,308.0,751.0,392.0,51.0,307.0,100.0,13.0,0.06999999999999999,10.0,0.05,0.035842293906810034,0.0,0.030000000027939677,100000.03000000003,-0.15,3.922127557476226,1.0,-1.04,5.0,0.27999999998428393,2.7999959398487262e-06,3.0,3.781094527363184,0.3,0.001500000001396984,0.003000000002793968,200.0,20.0,27.0,0.32999999999999996,microstructure_adaptive,0.0,0.0,10.0,99994
4.307387779789451e-11,0.059999999999999935,2.5527638190954773,1.1599999999429567,391.0,966.0,521.0,54.0,391.0,141.0,28.0,0.18000000000000008,33.0,0.165,0.0829145728643216,0.0,0.6099999999860302,100000.60999999999,0.13999999999999974,4.6600877578054,2.0,-0.68,9.0,1.4399999999877764,1.439983944166799e-05,8.0,4.1940298507462686,1.6666666666666667,0.03049999999930151,0.018484848484425158,200.0,6.0606060606060606,28.0,0.16999999999999996,naive_symmetric,0.0,0.0,33.0,330106
-1.1641576591614466e-11,0.07999999999999999,2.95,1.1800000000110595,428.0,995.0,521.0,46.0,428.0,97.0,8.0,0.05,8.0,0.04,0.02,0.0,-0.3600000000005821,99999.64,-0.45,3.9844224036298237,1.0,-0.84,5.0,0.7050000000017462,7.04998131756697e-06,10.0,3.6766169154228856,1.875,-0.018000000000029104,-0.04500000000007276,200.0,25.0,28.0,-0.19999999999999996,inventory_skew,0.0,0.0,8.0,79963
-5.2388648974499574e-12,0.019999999999999997,15.787878787878787,-0.26000000000349244,168.0,464.0,276.0,20.0,168.0,41.0,4.0,0.02,3.0,0.015,0.022727272727272728,0.0,0.09999999999126885,100000.09999999999,-0.23999999999999985,1.8701637462561789,1.0,0.14,2.0,0.34000000001105946,3.399991840130178e-06,1.0,1.7860696517412935,0.3333333333333333,0.004999999999563442,0.03333333333042295,200.0,66.66666666666667,28.0,0.48,avellaneda_stoikov,0.0,0.0,3.0,30055
-1.4551915228366852e-11,-0.02,5.3,0.4200000000209548,343.0,812.0,421.0,48.0,343.0,91.0,0.0,0.02,3.0,0.015,0.00980392156862745,0.0,-0.03999999999359716,99999.96,0.0,1.7016234566024593,1.0,-0.34,2.0,0.05999999998311978,5.999999998311977e-07,0.0,1.6119402985074627,0.0,-0.0019999999996798577,-0.013333333331199052,200.0,66.66666666666667,28.0,-0.09999999999999999,microstructure_adaptive,0.0,0.0,3.0,30001
-5.238642852845032e-12,0.01,2.76,-0.5900000000192085,431.0,996.0,516.0,49.0,431.0,95.0,24.0,0.06,7.0,0.035,0.0175,0.0,-0.3700000000244472,99999.62999999998,-0.24000000000000005,4.777642791876154,2.0,0.44999999999999996,6.0,0.5500000000174623,5.499998350175118e-06,11.0,4.616915422885572,2.2857142857142856,-0.01850000000122236,-0.052857142860635316,200.0,28.571428571428573,29.0,0.07,naive_symmetric,0.0,0.0,7.0,70025
1.4551471139157002e-11,-0.07999999999999999,3.0,0.6199999999883586,404.0,960.0,512.0,44.0,404.0,98.0,46.0,0.12000000000000002,21.0,0.105,0.05398457583547558,0.0,-1.1999999999970896,99998.8,-1.4999999999999996,6.546428140064995,2.0,-0.12,10.0,1.875000000014552,1.8749926875430705e-05,12.0,6.08955223880597,1.2857142857142858,-0.05999999999985448,-0.05714285714271855,200.0,9.523809523809524,29.0,-0.08000000000000002,inventory_skew,0.0,0.05472636815920398,21.0,210283
0.0,0.0,27.035,0.0,440.0,1000.0,514.0,46.0,439.0,88.0,0.0,0.0,0.0,0.0,0.0,0.0,0.0,100000.0,0.0,0.0,0.0,0.0,0.0,0.0,0.0,0.0,0.0,0.0,0.0,0.0,200.0,0.0,29.0,0.0,avellaneda_stoikov,0.0,0.0,0.0,0
1.1641243524707079e-12,0.01,5.25,0.2699999999970897,330.0,790.0,407.0,53.0,330.0,98.0,0.0,0.030000000000000002,5.0,0.025,0.016891891891891893,0.0,-0.08000000000174623,99999.92,-0.03,0.9671211832467413,1.0,-0.07,1.0,0.07499999999708962,7.499999999708962e-07,5.0,0.9353233830845771,1.6,-0.004000000000087311,-0.016000000000349245,200.0,40.0,29.0,-0.22,microstructure_adaptive,0.0,0.0,5.0,50039
-3.0850211274469075e-11,0.020000000000000004,2.535,1.100000000028522,430.0,991.0,510.0,51.0,429.0,88.0,35.0,0.07999999999999999,12.0,0.06,0.03,0.0,0.059999999997671694,100000.06,0.17,3.564613255556841,1.0,-1.12,4.0,0.20500000000174623,2.0499960025252574e-06,6.0,3.4029850746268657,1.3333333333333333,0.0029999999998835845,0.004999999999805975,200.0,16.666666666666668,30.0,-0.01000000000000002,naive_symmetric,0.0,0.0,12.0,120008
-8.149037000748649e-12,0.020000000000000007,2.95,0.980000000022119,431.0,994.0,520.0,43.0,428.0,71.0,36.0,0.06,9.0,0.045,0.0225,0.0,-0.10999999998603016,99999.89000000001,-0.04000000000000002,2.9286711027120638,1.0,-0.99,4.0,0.20499999998719431,2.0499983598732553e-06,4.0,2.81592039800995,0.6666666666666666,-0.005499999999301508,-0.012222222220670018,200.0,22.22222222222222,30.0,0.0,inventory_skew,0.0,0.0,9.0,89979
4.656386387580369e-12,0.02,23.4625,-0.21000000001164154,200.0,520.0,295.0,25.0,195.0,50.0,5.0,0.03,3.0,0.015,0.01875,0.0,-0.07000000000698492,99999.93,-0.3699999999999998,1.8487591643481294,1.0,0.09,3.0,0.6600000000034925,6.599974920130229e-06,0.0,1.5572139303482586,0.0,-0.003500000000349246,-0.02333333333566164,200.0,66.66666666666667,30.0,0.45,avellaneda_stoikov,0.0,0.0,3.0,30074
0.0,0.0,5.13,0.0,344.0,824.0,435.0,45.0,344.0,75.0,0.0,0.0,0.0,0.0,0.0,0.0,0.0,100000.0,0.0,0.0,0.0,0.0,0.0,0.0,0.0,0.0,0.0,0.0,0.0,0.0,200.0,0.0,30.0,0.0,microstructure_adaptive,0.0,0.0,0.0,0
1.2223597134486397e-11,0.030000000000000006,2.65,0.10999999996973205,427.0,988.0,513.0,48.0,427.0,95.0,0.0,0.08,15.0,0.075,0.0375,0.0,0.08999999998195563,100000.08999999998,0.060000000000000005,0.9384013080369044,1.0,-0.19,2.0,0.03500000000349246,3.499996675352405e-07,12.0,0.7213930348258707,3.3333333333333335,0.004499999999097781,0.005999999998797041,200.0,13.333333333333334,31.0,0.19,naive_symmetric,0.0,0.0,15.0,150014
-1.0477410605780335e-11,0.030000000000000002,2.785,-0.019999999997089596,423.0,986.0,511.0,52.0,423.0,103.0,0.0,0.06999999999999999,14.0,0.07,0.035,0.0,0.069999999992433,100000.06999999999,0.02,0.6348110542727384,0.0,0.0,1.0,0.01999999998952262,1.999998598953243e-07,12.0,0.40298507462686567,3.4285714285714284,0.0034999999996216504,0.0049999999994595,200.0,14.285714285714286,31.0,0.14,inventory_skew,0.0,0.0,14.0,140012
0.0,0.0,30.265,0.0,430.0,1000.0,523.0,47.0,428.0,82.0,0.0,0.0,0.0,0.0,0.0,0.0,0.0,100000.0,0.0,0.0,0.0,0.0,0.0,0.0,0.0,0.0,0.0,0.0,0.0,0.0,200.0,0.0,31.0,0.0,avellaneda_stoikov,0.0,0.0,0.0,0
-2.3283597272438783e-12,0.0,5.235,0.6200000000058208,334.0,802.0,419.0,49.0,334.0,95.0,1.0,0.06,9.0,0.045,0.029605263157894735,0.0,-0.08999999999650754,99999.91,0.06,1.9161528621289001,1.0,-0.63,3.0,0.11000000001513399,1.1000000001513399e-06,16.0,1.6019900497512438,3.0,-0.004499999999825377,-0.00999999999961195,200.0,22.22222222222222,31.0,-0.07999999999999999,microstructure_adaptive,0.0,0.0,9.0,90008
-9.31327237552182e-12,0.0,2.585,-0.15999999998311976,435.0,999.0,521.0,43.0,435.0,90.0,0.0,0.03,4.0,0.02,0.01,0.0,-0.069999999992433,99999.93000000001,-0.009999999999999998,1.8768026160738087,1.0,0.04,2.0,0.07999999998719431,7.999999998719432e-07,11.0,1.8308457711442787,5.25,-0.0034999999996216504,-0.01749999999810825,200.0,50.0,32.0,0.09000000000000001,naive_symmetric,0.0,0.0,4.0,40010
1.047738285020472e-11,0.0,2.99,-0.07000000000407454,437.0,1000.0,524.0,39.0,437.0,75.0,0.0,0.02,3.0,0.015,0.0075,0.0,-0.03999999999359716,99999.96,-0.019999999999999997,1.2986790073682968,1.0,0.03,2.0,0.059999999997671694,5.999999999767169e-07,5.0,1.2189054726368158,2.0,-0.0019999999996798577,-0.013333333331199052,200.0,66.66666666666667,32.0,0.039999999999999994,inventory_skew,0.0,0.0,3.0,30008
5.820344206597383e-13,-0.01,24.23,0.07000000001222362,432.0,1002.0,529.0,41.0,432.0,76.0,3.0,0.01,1.0,0.005,0.0025,0.0,-0.07999999998719431,99999.92000000001,-0.13999999999999996,0.9619631668251951,1.0,-0.09,1.0,0.15999999998894054,1.5999989598900816e-06,0.0,0.9253731343283582,0.0,-0.003999999999359715,-0.07999999998719431,200.0,200.0,32.0,0.09,avellaneda_stoikov,0.0,0.0,1.0,10009
2.0954682433682592e-11,0.019999999999999997,5.21,0.27000000000814905,307.0,772.0,409.0,56.0,307.0,109.0,17.0,0.09,15.0,0.075,0.05136986301369863,0.0,2.9103830456733704e-11,100000.00000000003,-0.03999999999999995,2.5372841672295263,1.0,-0.36,4.0,0.14999999999417923,1.4999978999447322e-06,6.0,2.2786069651741294,1.4,1.4551915228366853e-12,1.940255363782247e-12,200.0,13.333333333333334,32.0,0.22000000000000006,microstructure_adaptive,0.0,0.0,15.0,149980
8.14909251189988e-12,0.01,2.52,0.3799999999906868,428.0,990.0,509.0,53.0,428.0,106.0,15.0,0.06999999999999999,13.0,0.065,0.0325,0.0,0.029999999998835847,100000.03,0.04000000000000001,1.6765873892021976,1.0,-0.01,3.0,0.069999999992433,6.999996499245051e-07,10.0,1.2487562189054726,2.1538461538461537,0.0014999999999417923,0.0023076923076027576,200.0,15.384615384615385,33.0,-0.31,naive_symmetric,0.0,0.0,13.0,130035
2.910380270115809e-12,-0.02,2.995,0.11000000000116415,436.0,1000.0,525.0,39.0,436.0,64.0,15.0,0.02,3.0,0.015,0.0075,0.0,0.020000000004074536,100000.02,0.05,1.0881542179259562,1.0,-0.04,2.0,0.059999999997671694,5.999998499767544e-07,2.0,1.054726368159204,0.6666666666666666,0.0010000000002037268,0.006666666668024845,200.0,66.66666666666667,33.0,-0.08,inventory_skew,0.0,0.0,3.0,29998
1.0477355094629104e-11,0.0,27.825,0.1199999999854481,444.0,1001.0,515.0,42.0,443.0,78.0,15.0,0.02,2.0,0.01,0.005,0.0,-0.020000000004074536,99999.98,-0.019999999999999993,1.9825105948535224,1.0,-0.16,2.0,0.1300000000046566,1.299999610046683e-06,9.0,1.9701492537313432,4.5,-0.0010000000002037268,-0.010000000002037268,200.0,100.0,33.0,0.06,avellaneda_stoikov,0.0,0.0,2.0,19992
-5.8207744180194254e-12,-0.06,5.27,-0.029999999991850917,332.0,800.0,421.0,47.0,332.0,104.0,0.0,0.04,8.0,0.04,0.02631578947368421,0.0,-0.059999999997671694,99999.94,-0.10000000000000002,2.5254919229204273,0.0,0.0,3.0,0.27499999999417923,2.7499955999488325e-06,15.0,2.388059701492537,1.875,-0.0029999999998835845,-0.007499999999708962,200.0,25.0,33.0,0.11000000000000001,microstructure_adaptive,0.0,0.0,8.0,79996
-1.3969936318858345e-11,-0.09,2.645,-0.35999999997031407,429.0,988.0,518.0,41.0,429.0,90.0,1.0,0.08,15.0,0.075,0.0375,0.0,0.22000000001571607,100000.22000000002,0.36000000000000004,1.973707776764256,1.0,0.19,5.0,0.3849999999947613,3.849991337467103e-06,12.0,1.6467661691542288,1.5333333333333334,0.011000000000785803,0.014666666667714405,200.0,13.333333333333334,34.0,0.10999999999999999,naive_symmetric,0.0,0.0,15.0,149968
4.481970350411757e-11,0.049999999999999996,2.9494949494949494,0.2999999999796277,419.0,968.0,506.0,43.0,418.0,99.0,8.0,0.14000000000000004,27.0,0.135,0.06818181818181818,0.0,-0.12999999997555278,99999.87000000002,0.22,1.5388824529443759,1.0,-0.12,3.0,0.3799999999901047,3.7999975299026524e-06,15.0,1.36318407960199,2.259259259259259,-0.006499999998777639,-0.004814814813909362,200.0,7.407407407407407,34.0,-0.3900000000000001,inventory_skew,0.0,0.0,27.0,269898
0.0,0.0,25.865,0.0,454.0,1000.0,516.0,30.0,453.0,54.0,0.0,0.0,0.0,0.0,0.0,0.0,0.0,100000.0,0.0,0.0,0.0,0.0,0.0,0.0,0.0,0.0,0.0,0.0,0.0,0.0,200.0,0.0,34.0,0.0,avellaneda_stoikov,0.0,0.0,0.0,0
9.313216864370588e-12,-0.04,5.115,0.07999999998661225,343.0,820.0,431.0,46.0,343.0,80.0,0.0,0.02,3.0,0.015,0.00967741935483871,0.0,-0.020000000004074536,99999.98,0.009999999999999997,0.9671211832467413,1.0,-0.1,1.0,0.029999999998835847,2.9999998498835926e-07,0.0,0.9353233830845771,0.0,-0.0010000000002037268,-0.006666666668024845,200.0,66.66666666666667,34.0,0.01,microstructure_adaptive,0.0,0.0,3.0,30001
5.238684486208456e-12,0.0,2.9,-0.08999999998137355,436.0,999.0,527.0,36.0,436.0,56.0,21.0,0.03,4.0,0.02,0.01,0.0,0.010000000023865141,100000.01000000002,-0.009999999999999998,1.9109529804608847,1.0,0.12,2.0,0.04499999999825377,4.4999990998255564e-07,5.0,1.8507462686567164,1.25,0.0005000000011932571,0.0025000000059662852,200.0,50.0,35.0,0.020000000000000004,naive_symmetric,0.0,0.0,4.0,39998
-8.149064756324265e-12,0.01,2.955,-0.009999999967985788,437.0,998.0,519.0,42.0,437.0,73.0,21.0,0.030000000000000002,5.0,0.025,0.0125,0.0,0.010000000023865141,100000.01000000002,-0.04000000000000001,1.0556646535223757,1.0,0.04,2.0,0.04499999999825377,4.499998424825928e-07,7.0,1.0049751243781095,2.4,0.0005000000011932571,0.0020000000047730284,200.0,40.0,35.0,0.05,inventory_skew,0.0,0.0,5.0,49998
0.0,0.0,25.985,0.0,442.0,1000.0,517.0,41.0,434.0,70.0,0.0,0.0,0.0,0.0,0.0,0.0,0.0,100000.0,0.0,0.0,0.0,0.0,0.0,0.0,0.0,0.0,0.0,0.0,0.0,0.0,200.0,0.0,35.0,0.0,avellaneda_stoikov,0.0,0.0,0.0,0
1.1641451691524196e-12,0.02,4.935,0.07000000000814907,373.0,854.0,445.0,36.0,373.0,66.0,9.0,0.01,2.0,0.01,0.006097560975609756,0.0,0.010000000009313226,100000.01000000001,-0.03,0.19950186722152657,0.0,0.0,1.0,0.07499999999708962,7.499999249709036e-07,0.0,0.03980099502487562,0.0,0.0005000000004656613,0.005000000004656613,200.0,100.0,35.0,-0.01999999999999999,microstructure_adaptive,0.0,0.0,2.0,19994
-1.9790669103514347e-11,0.01,2.57,0.33000000004598407,433.0,998.0,519.0,46.0,433.0,88.0,0.0,0.04,5.0,0.025,0.0125,0.0,-0.04999999997380655,99999.95000000003,0.009999999999999998,1.4962640041614492,1.0,-0.72,3.0,0.04999999998835847,4.999999248835959e-07,19.0,1.3930348258706469,4.6,-0.0024999999986903276,-0.00999999999476131,200.0,40.0,36.0,0.37,naive_symmetric,0.0,0.0,5.0,50003
-1.1641521080463235e-12,0.0,2.985,0.19000000001047737,437.0,1002.0,524.0,41.0,437.0,72.0,0.0,0.01,1.0,0.005,0.0025,0.0,0.010000000009313226,100000.01000000001,0.03,0.9899997487310601,1.0,-0.21,1.0,0.020000000004074536,1.9999997004074987e-07,0.0,0.9800995024875622,0.0,0.0005000000004656613,0.010000000009313226,200.0,200.0,36.0,0.01,inventory_skew,0.0,0.0,1.0,10001
0.0,0.0,26.57,0.0,450.0,1000.0,513.0,37.0,443.0,67.0,0.0,0.0,0.0,0.0,0.0,0.0,0.0,100000.0,0.0,0.0,0.0,0.0,0.0,0.0,0.0,0.0,0.0,0.0,0.0,0.0,200.0,0.0,36.0,0.0,avellaneda_stoikov,0.0,0.0,0.0,0
6.40321129452559e-12,0.05,5.02,-0.9599999999988361,366.0,852.0,448.0,38.0,366.0,75.0,0.0,0.04,7.0,0.035,0.021341463414634148,0.0,0.180000000007567,100000.18000000001,0.21000000000000002,1.2967621369399227,1.0,0.04,3.0,0.055000000007566996,5.499989825775521e-07,14.0,1.064676616915423,2.0,0.00900000000037835,0.025714285715366714,200.0,28.571428571428573,36.0,0.9299999999999999,microstructure_adaptive,0.0,0.0,7.0,69892
2.6193269775376393e-11,-0.060000000000000005,2.673076923076923,3.9199999999796273,384.0,893.0,476.0,33.0,382.0,94.0,24.0,0.15000000000000002,22.0,0.11,0.06179775280898876,0.0,0.10000000000582077,100000.1,-0.05000000000000006,6.921018531432914,3.0,-3.4299999999999997,10.0,1.3000000000029104,1.2999855701630815e-05,11.0,5.8606965174129355,1.3181818181818181,0.005000000000291038,0.004545454545719126,200.0,9.090909090909092,37.0,-0.19000000000000003,naive_symmetric,0.0,0.21890547263681592,22.0,219952
9.895195773879095e-12,-0.009999999999999995,3.0351758793969847,2.7700000000454024,416.0,971.0,514.0,41.0,412.0,112.0,31.0,0.16000000000000006,30.0,0.15,0.07518796992481203,0.0,0.7000000000552973,100000.70000000006,0.11999999999999998,4.69836427554012,1.0,-0.86,10.0,0.3800000000046566,3.7999648503716978e-06,13.0,3.955223880597015,1.7,0.03500000000276486,0.023333333335176575,200.0,6.666666666666667,37.0,-1.1700000000000002,inventory_skew,0.0,0.004975124378109453,30.0,299876
0.0,0.0,29.77,0.0,438.0,1000.0,516.0,46.0,432.0,85.0,0.0,0.0,0.0,0.0,0.0,0.0,0.0,100000.0,0.0,0.0,0.0,0.0,0.0,0.0,0.0,0.0,0.0,0.0,0.0,0.0,200.0,0.0,37.0,0.0,avellaneda_stoikov,0.0,0.0,0.0,0
1.3969825296555882e-11,-0.07999999999999999,5.275,-0.27000000000756696,344.0,816.0,426.0,46.0,344.0,94.0,7.0,0.04,7.0,0.035,0.02258064516129032,0.0,-0.03999999999359716,99999.96,-0.11,1.3120186869194626,1.0,0.37,2.0,0.11999999999534339,1.199999279953866e-06,10.0,1.2238805970149254,2.0,-0.0019999999996798577,-0.005714285713371022,200.0,28.571428571428573,37.0,0.009999999999999988,microstructure_adaptive,0.0,0.0,7.0,70015
2.0372592501871623e-11,0.020000000000000004,2.64,-1.290000000008731,441.0,994.0,512.0,41.0,441.0,79.0,6.0,0.07,9.0,0.045,0.0225,0.0,-0.04999999998835847,99999.95000000001,-0.4,4.012418533448647,2.0,0.25,6.0,0.9999999999854481,9.999929500351501e-06,11.0,3.512437810945274,2.3333333333333335,-0.0024999999994179236,-0.005555555554262052,200.0,22.22222222222222,38.0,1.46,naive_symmetric,0.0,0.0,9.0,89990
1.7462253865119237e-11,0.019999999999999997,2.99,-0.7400000000227008,433.0,997.0,523.0,41.0,433.0,74.0,0.0,0.04,6.0,0.03,0.015,0.0,0.00999999999476131,100000.01,0.05,1.6390750941244592,1.0,0.1,2.0,0.04000000000814907,3.999999200815067e-07,11.0,1.5323383084577114,3.3333333333333335,0.0004999999997380655,0.0016666666657935518,200.0,33.333333333333336,38.0,0.6399999999999999,inventory_skew,0.0,0.0,6.0,59993
-2.3283597272438783e-12,-0.03,26.51,-0.03999999997846315,439.0,1001.0,516.0,46.0,438.0,90.0,2.0,0.02,2.0,0.01,0.005,0.0,0.13000000001920853,100000.13000000002,-0.18999999999999995,0.7662014595502382,2.0,0.04,2.0,0.20999999999185093,2.099992754943505e-06,4.0,0.5771144278606966,2.0,0.006500000000960427,0.06500000000960426,200.0,100.0,38.0,0.33999999999999997,avellaneda_stoikov,0.0,0.0,2.0,19975
2.910366392328001e-11,-0.039999999999999994,5.08,-0.07000000000931315,345.0,824.0,438.0,41.0,345.0,82.0,29.0,0.06999999999999999,11.0,0.055,0.03481012658227848,0.0,-0.2599999999802094,99999.74000000002,-0.7499999999999999,2.8045804751853787,2.0,0.24,4.0,0.8799999999901047,8.799951600167244e-06,1.0,2.5024875621890548,0.18181818181818182,-0.01299999999901047,-0.023636363634564492,200.0,18.181818181818183,38.0,0.39,microstructure_adaptive,0.0,0.0,11.0,110044
8.731126932559619e-12,-0.05,2.56,0.7299999999935972,440.0,998.0,517.0,41.0,440.0,64.0,5.0,0.04,5.0,0.025,0.0125,0.0,-0.059999999997671694,99999.94,-0.1,2.7625786497437317,1.0,-0.78,3.0,0.20999999999185093,2.0999976899210503e-06,14.0,2.5771144278606966,3.6,-0.0029999999998835845,-0.011999999999534338,200.0,40.0,39.0,0.13,naive_symmetric,0.0,0.0,5.0,50004
9.895195773879095e-12,-0.05,2.99,0.6799999999831199,439.0,997.0,517.0,41.0,439.0,64.0,5.0,0.04,6.0,0.03,0.015,0.0,-0.07000000000698492,99999.93,-0.13,1.9368127893770548,1.0,-0.54,3.0,0.20999999999185093,2.0999974799215334e-06,2.0,1.800995024875622,0.8333333333333334,-0.003500000000349246,-0.01166666666783082,200.0,33.333333333333336,39.0,-0.03999999999999998,inventory_skew,0.0,0.0,6.0,60003
0.0,0.0,28.29,0.0,434.0,1000.0,523.0,43.0,428.0,69.0,0.0,0.0,0.0,0.0,0.0,0.0,0.0,100000.0,0.0,0.0,0.0,0.0,0.0,0.0,0.0,0.0,0.0,0.0,0.0,0.0,200.0,0.0,39.0,0.0,avellaneda_stoikov,0.0,0.0,0.0,0
2.910366392328001e-12,0.02,5.165,0.1200000000052387,358.0,832.0,431.0,43.0,358.0,81.0,2.0,0.02,3.0,0.015,0.00949367088607595,0.0,0.04000000000814907,100000.04000000001,0.05,0.4835605916233707,1.0,-0.21,1.0,0.03500000000349246,3.499998250350121e-07,0.0,0.23383084577114427,0.0,0.0020000000004074536,0.01333333333604969,200.0,66.66666666666667,39.0,0.09999999999999999,microstructure_adaptive,0.0,0.0,3.0,30013
-2.1536994410098487e-11,0.01,2.465,0.7200000000325961,428.0,993.0,518.0,47.0,428.0,93.0,19.0,0.06999999999999999,10.0,0.05,0.025,0.0,-0.15999999998894054,99999.84000000001,-0.06999999999999998,3.519667555535968,1.0,-1.44,5.0,0.22000000000116415,2.2000000000116417e-06,13.0,3.383084577114428,4.1,-0.007999999999447028,-0.015999999998894055,200.0,20.0,40.0,0.7000000000000002,naive_symmetric,0.0,0.0,10.0,99975
1.455180420606439e-11,0.04,2.855,0.3199999999866123,423.0,994.0,530.0,41.0,423.0,82.0,19.0,0.049999999999999996,9.0,0.045,0.0225,0.0,-0.029999999998835847,99999.97,6.938893903907228e-18,1.146050974355371,1.0,-0.34,2.0,0.10000000000582077,1.0000000000582076e-06,7.0,0.9353233830845771,1.3333333333333333,-0.0014999999999417923,-0.003333333333203983,200.0,22.22222222222222,40.0,0.04000000000000001,inventory_skew,0.0,0.0,9.0,89976
1.1641243524707079e-12,-0.01,27.19,0.3200000000040746,433.0,1002.0,529.0,40.0,430.0,75.0,19.0,0.01,1.0,0.005,0.0025,0.0,-0.00999999999476131,99999.99,-0.03,0.9874838622020375,1.0,-0.34,1.0,0.07000000000698492,6.999997550699349e-07,0.0,0.9751243781094527,0.0,-0.0004999999997380655,-0.00999999999476131,200.0,200.0,40.0,0.05,avellaneda_stoikov,0.0,0.0,1.0,9996
-2.9101165921474603e-12,0.10999999999999997,5.307291666666667,-1.140000000015716,301.0,737.0,391.0,45.0,301.0,110.0,44.0,0.12000000000000002,20.0,0.1,0.07220216606498195,0.0,0.47999999998137355,100000.47999999998,0.4499999999999995,3.3591043582407853,3.0,1.12,5.0,1.0850000000209548,1.0849945750480799e-05,9.0,3.174129353233831,1.05,0.023999999999068676,0.023999999999068676,200.0,10.0,40.0,0.16999999999999998,microstructure_adaptive,0.0,0.0,20.0,200230
-1.1641548836038851e-11,-0.049999999999999996,2.705,-0.1500000000116415,433.0,989.0,510.0,46.0,432.0,92.0,21.0,0.07999999999999999,14.0,0.07,0.035,0.0,0.09999999997671694,100000.09999999998,0.04999999999999999,2.6616868926355446,1.0,-0.1,4.0,0.1750000000174623,1.7499972876788276e-06,10.0,2.4378109452736316,2.142857142857143,0.004999999998835847,0.007142857141194067,200.0,14.285714285714286,41.0,0.38,naive_symmetric,0.0,0.0,14.0,140002
9.313216864370588e-12,-0.03,2.965,0.03999999998661227,435.0,997.0,513.0,49.0,435.0,81.0,0.0,0.04,6.0,0.03,0.015,0.0,-0.020000000004074536,99999.98,0.010000000000000002,2.401284896514542,1.0,-0.14,3.0,0.08999999999650754,8.999996849651857e-07,10.0,2.283582089552239,4.166666666666667,-0.0010000000002037268,-0.0033333333340124227,200.0,33.333333333333336,41.0,0.11,inventory_skew,0.0,0.0,6.0,60010
-3.4924563241389706e-12,0.03,22.25423728813559,-0.00999999998486601,278.0,670.0,369.0,23.0,268.0,43.0,3.0,0.01,2.0,0.01,0.00847457627118644,0.0,0.20000000001164153,100000.20000000001,0.09,0.9515632594924629,0.0,0.0,1.0,0.1900000000023283,1.8999962000308828e-06,0.0,0.9054726368159204,0.0,0.010000000000582076,0.10000000000582077,200.0,100.0,41.0,0.13,avellaneda_stoikov,0.0,0.0,2.0,19997
-1.1059479720909593e-11,-0.020000000000000004,5.13,0.07000000001396983,333.0,804.0,423.0,48.0,332.0,84.0,61.0,0.05999999999999999,12.0,0.06,0.03896103896103896,0.0,0.05000000000291038,100000.05,-0.08999999999999998,0.9722518356068021,0.0,0.0,3.0,0.3200000000069849,3.199995200077049e-06,0.0,0.7164179104477612,0.0,0.002500000000145519,0.004166666666909198,200.0,16.666666666666668,41.0,0.13,microstructure_adaptive,0.0,0.0,12.0,119969
4.0745185003743245e-12,0.0,2.86,-0.33000000000407453,447.0,1002.0,515.0,40.0,447.0,67.0,0.0,0.01,1.0,0.005,0.0025,0.0,0.0,100000.0,0.02,0.995012437733208,1.0,0.31,1.0,0.014999999999417923,1.499999924941796e-07,0.0,0.9900497512437811,0.0,0.0,0.0,200.0,200.0,42.0,0.01,naive_symmetric,0.0,0.0,1.0,10001
4.0745185003743245e-12,0.0,2.995,-0.33000000000407453,447.0,1002.0,515.0,40.0,447.0,67.0,0.0,0.01,1.0,0.005,0.0025,0.0,0.0,100000.0,0.02,0.995012437733208,1.0,0.31,1.0,0.014999999999417923,1.499999924941796e-07,0.0,0.9900497512437811,0.0,0.0,0.0,200.0,200.0,42.0,0.01,inventory_skew,0.0,0.0,1.0,10001
7.56700258008891e-12,0.0,29.495,0.37999999998719436,440.0,1002.0,524.0,38.0,439.0,61.0,2.0,0.01,1.0,0.005,0.0025,0.0,0.00999999999476131,100000.01,-0.07,0.9619631668251951,1.0,-0.4,1.0,0.15999999998894054,1.5999986398905617e-06,0.0,0.9253731343283582,0.0,0.0004999999997380655,0.00999999999476131,200.0,200.0,42.0,0.11,avellaneda_stoikov,0.0,0.0,1.0,9989
8.731126932559619e-12,-0.009999999999999997,5.37,-0.8299999999825377,356.0,813.0,411.0,46.0,356.0,88.0,20.0,0.04,8.0,0.04,0.025806451612903226,0.0,-0.04999999997380655,99999.95000000003,-0.1,2.172876672714278,0.0,0.0,3.0,0.180000000007567,1.7999991900760343e-06,2.0,1.9850746268656716,0.375,-0.0024999999986903276,-0.006249999996725819,200.0,25.0,42.0,0.92,microstructure_adaptive,0.0,0.0,8.0,80029
1.0477341216841296e-11,0.02,2.805,-0.3000000000017462,436.0,1000.0,518.0,46.0,436.0,78.0,6.0,0.03,3.0,0.015,0.0075,0.0,-0.09999999999126885,99999.90000000001,-0.019999999999999997,2.50472190887452,1.0,0.15,3.0,0.11499999999068677,1.1499999999068677e-06,11.0,2.383084577114428,3.6666666666666665,-0.004999999999563442,-0.03333333333042295,200.0,66.66666666666667,43.0,0.1,naive_symmetric,0.0,0.0,3.0,29992
1.1641465569312004e-11,0.03,2.97,-0.27999999999767167,437.0,999.0,520.0,42.0,437.0,80.0,6.0,0.03,4.0,0.02,0.01,0.0,-0.10999999998603016,99999.89000000001,-0.049999999999999996,2.152171181857963,1.0,0.08,3.0,0.10499999999592546,1.0499999999592544e-06,11.0,2.054726368159204,3.5,-0.005499999999301508,-0.02749999999650754,200.0,50.0,43.0,0.17,inventory_skew,0.0,0.0,4.0,39986
0.0,0.0,28.725,0.0,440.0,1000.0,519.0,41.0,434.0,76.0,0.0,0.0,0.0,0.0,0.0,0.0,0.0,100000.0,0.0,0.0,0.0,0.0,0.0,0.0,0.0,0.0,0.0,0.0,0.0,0.0,200.0,0.0,43.0,0.0,avellaneda_stoikov,0.0,0.0,0.0,0
0.0,0.0,5.185,0.0,349.0,822.0,428.0,45.0,348.0,78.0,0.0,0.0,0.0,0.0,0.0,0.0,0.0,100000.0,0.0,0.0,0.0,0.0,0.0,0.0,0.0,0.0,0.0,0.0,0.0,0.0,200.0,0.0,43.0,0.0,microstructure_adaptive,0.0,0.0,0.0,0
1.7462142842816775e-12,0.020000000000000004,2.565,-0.21999999999126885,420.0,992.0,516.0,56.0,419.0,112.0,0.0,0.05999999999999999,11.0,0.055,0.0275,0.0,-0.01999999998952262,99999.98000000001,0.07999999999999999,0.546358364708153,1.0,-0.25,2.0,0.09500000000116415,9.499999050116509e-07,2.0,0.24875621890547264,0.2727272727272727,-0.000999999999476131,-0.0018181818172293292,200.0,18.181818181818183,44.0,0.43000000000000005,naive_symmetric,0.0,0.0,11.0,109991
1.7462142842816775e-12,0.020000000000000004,2.67,-0.21999999999126885,420.0,992.0,516.0,56.0,419.0,112.0,0.0,0.05999999999999999,11.0,0.055,0.0275,0.0,-0.01999999998952262,99999.98000000001,0.08,0.546358364708153,1.0,-0.25,2.0,0.09500000000116415,9.499999050116509e-07,2.0,0.24875621890547264,0.2727272727272727,-0.000999999999476131,-0.0018181818172293292,200.0,18.181818181818183,44.0,0.43000000000000005,inventory_skew,0.0,0.0,11.0,109991
6.984968159429172e-12,0.02,25.78,-0.3199999999988359,440.0,1002.0,520.0,42.0,431.0,80.0,0.0,0.01,1.0,0.005,0.0025,0.0,0.04000000000814907,100000.04000000001,0.07,0.9541738631895289,1.0,0.2,1.0,0.024999999994179234,2.4999988744184293e-07,0.0,0.9104477611940298,0.0,0.0020000000004074536,0.04000000000814907,200.0,200.0,44.0,0.1,avellaneda_stoikov,0.0,0.0,1.0,9991
-1.5134116182480284e-11,0.049999999999999996,5.265,0.8600000000174624,303.0,749.0,395.0,51.0,303.0,102.0,36.0,0.06999999999999999,12.0,0.06,0.043010752688172046,0.0,0.1900000000023283,100000.19,0.14,3.4741404320052367,1.0,-0.48,5.0,0.2449999999953434,2.449994609965292e-06,15.0,3.1940298507462686,1.5,0.009500000000116415,0.01583333333352736,200.0,16.666666666666668,44.0,-0.26,microstructure_adaptive,0.0,0.0,12.0,120004
-5.238698363996264e-12,0.0,2.805,-0.2100000000040745,440.0,1002.0,521.0,41.0,440.0,71.0,0.0,0.01,1.0,0.005,0.0025,0.0,-0.010000000009313226,99999.98999999999,0.01,0.7330166661378313,1.0,0.21,1.0,0.01999999998952262,1.9999998989522674e-07,10.0,0.5373134328358209,10.0,-0.0005000000004656613,-0.010000000009313226,200.0,200.0,45.0,-0.01,naive_symmetric,0.0,0.0,1.0,10000
-5.238698363996264e-12,0.0,2.935,-0.2100000000040745,440.0,1002.0,521.0,41.0,440.0,71.0,0.0,0.01,1.0,0.005,0.0025,0.0,-0.010000000009313226,99999.98999999999,0.01,0.7330166661378313,1.0,0.21,1.0,0.01999999998952262,1.9999998989522674e-07,10.0,0.5373134328358209,10.0,-0.0005000000004656613,-0.010000000009313226,200.0,200.0,45.0,-0.01,inventory_skew,0.0,0.0,1.0,10000
-2.910366392328001e-12,0.01,25.39766081871345,-0.14999999999825375,388.0,886.0,479.0,19.0,384.0,44.0,7.0,0.01,1.0,0.005,0.0029239766081871343,0.0,0.029999999998835847,100000.03,-0.05000000000000003,0.9250521028757385,1.0,0.13,1.0,0.13999999999941792,1.3999988099951906e-06,0.0,0.8557213930348259,0.0,0.0014999999999417923,0.029999999998835847,200.0,200.0,45.0,0.11,avellaneda_stoikov,0.0,0.0,1.0,10012
1.1059375637501034e-11,-0.07,5.165,0.5899999999860303,333.0,800.0,422.0,45.0,332.0,92.0,57.0,0.10000000000000002,19.0,0.095,0.06168831168831169,0.0,0.19999999999708962,100000.2,-0.15999999999999998,1.1503838857429787,1.0,-0.17,4.0,0.17999999997846317,1.7999963097921969e-06,5.0,0.7761194029850746,0.3157894736842105,0.009999999999854481,0.010526315789320506,200.0,10.526315789473685,45.0,0.03999999999999998,microstructure_adaptive,0.0,0.0,19.0,189968
-1.0477355094629104e-11,-0.03,2.525,0.040000000007566996,436.0,997.0,509.0,52.0,436.0,90.0,10.0,0.04,6.0,0.03,0.015,0.0,-0.05000000000291038,99999.95,0.019999999999999993,1.5740431824757881,1.0,0.1,2.0,0.05000000000291038,4.999999500291088e-07,0.0,1.472636815920398,0.0,-0.002500000000145519,-0.008333333333818397,200.0,33.333333333333336,46.0,-0.17,naive_symmetric,0.0,0.0,6.0,60013
5.238677547314552e-12,-0.05,2.875,-0.04999999999592547,428.0,992.0,515.0,49.0,428.0,78.0,10.0,0.04,8.0,0.04,0.02,0.0,0.010000000009313226,100000.01000000001,-0.01,0.7018100265975371,0.0,0.0,2.0,0.059999999997671694,5.99999879976741e-07,11.0,0.48258706467661694,1.375,0.0005000000004656613,0.0012500000011641532,200.0,25.0,46.0,0.11000000000000001,inventory_skew,0.0,0.0,8.0,80023
-2.9103941479036166e-12,-0.02,28.595,0.11999999999417925,437.0,998.0,527.0,34.0,437.0,61.0,0.0,0.01,2.0,0.01,0.005,0.0,0.09999999999126885,100000.09999999999,-0.05,0.19950186722152657,0.0,0.0,1.0,0.055000000007566996,5.499994500762199e-07,0.0,0.03980099502487562,0.0,0.004999999999563442,0.049999999995634425,200.0,100.0,46.0,0.04,avellaneda_stoikov,0.0,0.0,2.0,20001
4.1909475889667647e-11,-0.02,5.155,0.6699999999447028,344.0,815.0,428.0,43.0,344.0,83.0,57.0,0.060000000000000005,8.0,0.04,0.025806451612903226,0.0,-0.030000000013387762,99999.96999999999,-0.33,3.8851676106937885,2.0,-0.56,5.0,0.6349999999947613,6.349962852664926e-06,7.0,3.781094527363184,0.875,-0.0015000000006693882,-0.0037500000016734703,200.0,25.0,46.0,0.25,microstructure_adaptive,0.0,0.0,8.0,79987
1.2805756455236406e-11,0.03,2.745,1.769999999983702,435.0,991.0,513.0,43.0,435.0,79.0,13.0,0.09,12.0,0.06,0.03,0.0,-0.16000000000349246,99999.84,-0.08000000000000007,5.20858457105487,2.0,-1.62,7.0,0.5999999999912689,5.999979899980024e-06,16.0,4.751243781094527,2.9166666666666665,-0.008000000000174623,-0.013333333333624372,200.0,16.666666666666668,47.0,-0.14000000000000007,naive_symmetric,0.0,0.0,12.0,120045
2.270089671796427e-11,-0.06999999999999999,2.77,0.459999999991851,434.0,990.0,507.0,49.0,434.0,101.0,9.0,0.06999999999999999,13.0,0.065,0.0325,0.0,1.4551915228366852e-11,100000.00000000001,0.04,1.570879273382359,1.0,-0.22,3.0,0.10499999999592546,1.049999894959265e-06,13.0,1.243781094527363,3.3076923076923075,7.275957614183426e-13,1.1193780944897579e-12,200.0,15.384615384615385,47.0,-0.20999999999999994,inventory_skew,0.0,0.0,13.0,130014
0.0,0.0,28.245,0.0,451.0,1000.0,508.0,41.0,441.0,74.0,0.0,0.0,0.0,0.0,0.0,0.0,0.0,100000.0,0.0,0.0,0.0,0.0,0.0,0.0,0.0,0.0,0.0,0.0,0.0,0.0,200.0,0.0,47.0,0.0,avellaneda_stoikov,0.0,0.0,0.0,0
-1.2805645432933943e-11,0.07,5.165,-1.0099999999575084,359.0,835.0,437.0,39.0,359.0,74.0,27.0,0.06999999999999999,10.0,0.05,0.03115264797507788,0.0,-0.1399999999703141,99999.86000000003,0.07999999999999997,3.187350620829077,2.0,0.68,5.0,0.5249999999941792,5.249997899942632e-06,4.0,2.6766169154228856,0.6,-0.006999999998515705,-0.01399999999703141,200.0,20.0,47.0,0.18,microstructure_adaptive,0.0,0.0,10.0,99983
-6.402878227618203e-12,0.01,2.615,0.45000000001688023,443.0,1000.0,519.0,38.0,443.0,67.0,0.0,0.03,3.0,0.015,0.0075,0.0,-0.01999999998952262,99999.98000000001,0.039999999999999994,2.4043906769414956,1.0,-0.66,3.0,0.069999999992433,6.999999649243317e-07,2.0,2.228855721393035,1.0,-0.000999999999476131,-0.006666666663174207,200.0,66.66666666666667,48.0,0.18000000000000002,naive_symmetric,0.0,0.0,3.0,29996
1.8626447606528984e-11,0.02,2.98,0.10999999999592547,445.0,1000.0,517.0,38.0,445.0,65.0,0.0,0.02,3.0,0.015,0.0075,0.0,1.4551915228366852e-11,100000.00000000001,0.02,0.9722518356068021,1.0,-0.22,1.0,0.014999999999417923,1.4999998499418072e-07,12.0,0.945273631840796,6.0,7.275957614183426e-13,4.850638409455617e-12,200.0,66.66666666666667,48.0,0.11000000000000001,inventory_skew,0.0,0.0,3.0,29999
-5.820899318109696e-13,-0.03,17.315068493150687,0.4299999999755528,183.0,490.0,277.0,30.0,182.0,56.0,6.0,0.030000000000000002,5.0,0.025,0.03424657534246575,0.0,0.019999999974970706,100000.01999999997,-0.35999999999999993,0.872464343025402,1.0,0.38,1.0,0.4400000000023283,4.399987020061574e-06,7.0,0.7611940298507462,1.8,0.0009999999987485354,0.0039999999949941415,200.0,40.0,48.0,-0.4,avellaneda_stoikov,0.0,0.0,5.0,49898
-2.4447235902336217e-11,0.009999999999999997,5.175,-0.11999999998486595,330.0,798.0,418.0,50.0,330.0,96.0,0.0,0.049999999999999996,9.0,0.045,0.029801324503311258,0.0,-0.010000000009313226,99999.98999999999,-0.12,0.911507416944195,1.0,0.21,2.0,0.22000000000116415,2.1999993400118397e-06,8.0,0.6417910447761194,1.3333333333333333,-0.0005000000004656613,-0.001111111112145914,200.0,22.22222222222222,48.0,0.06999999999999997,microstructure_adaptive,0.0,0.0,9.0,89994
-5.238698363996264e-12,0.02,2.85,-0.28999999999883586,432.0,996.0,524.0,40.0,432.0,72.0,0.0,0.02,4.0,0.02,0.01,0.0,-0.020000000004074536,99999.98,0.01,0.672856833515095,0.0,0.0,2.0,0.10000000000582077,1.0000000000582076e-06,5.0,0.35323383084577115,2.25,-0.0010000000002037268,-0.005000000001018634,200.0,50.0,49.0,0.28,naive_symmetric,0.0,0.0,4.0,40010
-9.313244619946204e-12,0.02,2.895,-0.27000000000407454,438.0,996.0,520.0,38.0,438.0,72.0,0.0,0.02,4.0,0.02,0.01,0.0,-0.030000000013387762,99999.96999999999,-0.01,0.672856833515095,0.0,0.0,2.0,0.10000000000582077,1.0000000000582076e-06,5.0,0.35323383084577115,3.0,-0.0015000000006693882,-0.0075000000033469405,200.0,50.0,49.0,0.27,inventory_skew,0.0,0.0,4.0,40011
0.0,0.0,25.51,0.0,438.0,1000.0,527.0,35.0,432.0,58.0,0.0,0.0,0.0,0.0,0.0,0.0,0.0,100000.0,0.0,0.0,0.0,0.0,0.0,0.0,0.0,0.0,0.0,0.0,0.0,0.0,200.0,0.0,49.0,0.0,avellaneda_stoikov,0.0,0.0,0.0,0
-2.7755575615628914e-17,0.04,5.015,0.16000000000116418,369.0,853.0,445.0,39.0,369.0,69.0,4.0,0.02,2.0,0.01,0.006134969325153374,0.0,-0.029999999998835847,99999.97,0.0,1.7816086419957193,1.0,-0.2,2.0,0.07499999999708962,7.499998499709261e-07,0.0,1.7114427860696517,0.0,-0.0014999999999417923,-0.014999999999417923,200.0,100.0,49.0,0.03,microstructure_adaptive,0.0,0.0,2.0,20011
1.6880108422157036e-11,-0.1,2.75,-0.0800000000110594,440.0,993.0,514.0,39.0,439.0,79.0,19.0,0.06,10.0,0.05,0.025,0.0,0.35000000000582077,100000.35,0.44000000000000006,2.5067074200137993,1.0,0.0,4.0,0.389999999984866,3.899985959899204e-06,5.0,2.3930348258706466,0.5,0.01750000000029104,0.03500000000058208,200.0,20.0,50.0,0.04999999999999999,naive_symmetric,0.0,0.0,10.0,100041
1.571609509198879e-11,-0.09000000000000001,2.975,0.32999999999068674,438.0,998.0,530.0,30.0,438.0,51.0,17.0,0.04,5.0,0.025,0.0125,0.0,-0.03999999999359716,99999.96,-0.03,2.9184607133424607,1.0,-0.42,3.0,0.20999999999185093,2.0999993699186982e-06,0.0,2.8656716417910446,0.0,-0.0019999999996798577,-0.00799999999871943,200.0,40.0,50.0,0.12000000000000001,inventory_skew,0.0,0.0,5.0,50001
1.4551915228366852e-11,-0.04,30.645,0.23999999998311983,439.0,1001.0,523.0,39.0,434.0,72.0,11.0,0.02,2.0,0.01,0.005,0.0,0.059999999997671694,100000.06,6.938893903907228e-18,1.9661311354513067,1.0,-0.28,2.0,0.07999999998719431,7.999992798725913e-07,0.0,1.935323383084577,0.0,0.0029999999998835845,0.029999999998835847,200.0,100.0,50.0,0.12,avellaneda_stoikov,0.0,0.0,2.0,19994
-1.7462697954329087e-12,-0.07,5.252525252525253,0.35000000002270104,352.0,826.0,432.0,42.0,352.0,75.0,15.0,0.049999999999999996,9.0,0.045,0.028481012658227847,0.0,-0.03999999997904524,99999.96000000002,-0.07999999999999999,1.2676613010301108,1.0,0.12,3.0,0.16999999999825377,1.699999234982882e-06,13.0,1.109452736318408,1.8888888888888888,-0.001999999998952262,-0.004444444442116138,200.0,22.22222222222222,50.0,-0.38,microstructure_adaptive,0.0,0.0,9.0,90002
-1.804445481923267e-11,-3.469446951953614e-18,2.5107913669064748,-0.21000000001688024,358.0,858.0,454.0,46.0,355.0,103.0,100.0,0.15000000000000002,23.0,0.115,0.06784660766961652,0.0,-0.3500000000349246,99999.64999999997,-1.1600000000000001,7.997823086900162,2.0,0.14,10.0,1.540000000008149,1.5399909140617565e-05,13.0,7.666666666666667,1.608695652173913,-0.01750000000174623,-0.015217391305866287,200.0,8.695652173913043,51.0,1.0300000000000002,naive_symmetric,0.0,0.3034825870646766,23.0,229960
-1.9208523660552146e-11,-1.734723475976807e-18,2.9864864864864864,0.030000000001746262,375.0,884.0,470.0,39.0,373.0,78.0,31.0,0.1,15.0,0.075,0.04310344827586207,0.0,-0.5500000000174623,99999.44999999998,-1.1300000000000001,6.806493826409837,1.0,0.05,10.0,1.1400000000139698,1.1399932740536532e-05,10.0,6.308457711442786,1.2666666666666666,-0.027500000000873114,-0.03666666666783082,200.0,13.333333333333334,51.0,0.6,inventory_skew,0.0,0.25870646766169153,15.0,149980
-2.3284013606073017e-12,0.03,29.72,0.010000000005238676,439.0,1002.0,532.0,31.0,435.0,50.0,5.0,0.01,1.0,0.005,0.0025,0.0,0.05000000000291038,100000.05,-0.18999999999999992,0.9696899027331813,1.0,-0.03,1.0,0.2400000000052387,2.3999941200667925e-06,0.0,0.9402985074626866,0.0,0.002500000000145519,0.05000000000291038,200.0,200.0,51.0,0.27,avellaneda_stoikov,0.0,0.0,1.0,9985
1.2223611012274205e-11,-0.08,5.145,-0.18000000004074534,315.0,751.0,395.0,41.0,314.0,71.0,21.0,0.05,6.0,0.03,0.021660649819494584,0.0,-0.14000000002852175,99999.85999999997,-0.44,4.191320099813957,1.0,0.12,5.0,0.5999999999912689,5.999972700036905e-06,0.0,4.074626865671642,0.0,-0.007000000001426088,-0.02333333333808696,200.0,33.333333333333336,51.0,0.41,microstructure_adaptive,0.0,0.0,6.0,59997
-3.958118555136281e-11,-0.020000000000000004,2.755,-0.059999999965075365,416.0,982.0,523.0,43.0,416.0,98.0,4.0,0.09000000000000001,18.0,0.09,0.045,0.0,0.11999999999534339,100000.12,0.019999999999999997,1.9850185156473192,0.0,0.0,6.0,0.2549999999901047,2.549996939904719e-06,8.0,1.1144278606965174,2.388888888888889,0.005999999999767169,0.006666666666407966,200.0,11.11111111111111,52.0,0.24999999999999997,naive_symmetric,0.0,0.0,18.0,179949
-1.1059514415379113e-11,0.02,2.97,-0.0799999999970896,420.0,992.0,523.0,49.0,420.0,102.0,4.0,0.05999999999999999,11.0,0.055,0.0275,0.0,-0.04000000000814907,99999.95999999999,-0.09,1.5517603548889163,1.0,0.14,4.0,0.19999999999708962,1.999999299971141e-06,9.0,1.3233830845771144,2.3636363636363638,-0.0020000000004074536,-0.0036363636371044613,200.0,18.181818181818183,52.0,0.05000000000000001,inventory_skew,0.0,0.0,11.0,109991
2.328318093880455e-12,0.0,23.715976331360945,-0.050000000012805676,376.0,878.0,479.0,23.0,376.0,45.0,4.0,0.01,1.0,0.005,0.0029585798816568047,0.0,0.01999999998952262,100000.01999999999,-0.06000000000000001,0.9005249988933348,1.0,0.03,1.0,0.13999999999941792,1.399998669995443e-06,0.0,0.8109452736318408,0.0,0.000999999999476131,0.01999999998952262,200.0,200.0,52.0,0.11,avellaneda_stoikov,0.0,0.0,1.0,9983
2.910360841212878e-11,0.03,5.376288659793815,0.5199999999720605,308.0,747.0,383.0,56.0,308.0,102.0,59.0,0.11000000000000001,18.0,0.09,0.06405693950177936,0.0,-0.029999999998835847,99999.97,-0.24999999999999983,2.4260198142850116,1.0,-0.8,5.0,0.7200000000157161,7.19996328034443e-06,8.0,1.9253731343283582,0.8888888888888888,-0.0014999999999417923,-0.0016666666666019915,200.0,11.11111111111111,52.0,0.61,microstructure_adaptive,0.0,0.0,18.0,179982
1.4551887472791236e-11,0.02,2.865,-0.2899999999976717,435.0,996.0,521.0,40.0,432.0,72.0,12.0,0.04,7.0,0.035,0.0175,0.0,-0.05999999998311978,99999.94000000002,1.0408340855860843e-17,1.0858657732942596,1.0,0.14,2.0,0.14999999999417923,1.4999998499418073e-06,4.0,1.0497512437810945,0.7142857142857143,-0.002999999999155989,-0.008571428569017112,200.0,28.571428571428573,53.0,0.13,naive_symmetric,0.0,0.0,7.0,70012
2.2118085141187294e-11,0.08999999999999996,3.122340425531915,-0.17999999999359684,382.0,928.0,496.0,50.0,377.0,138.0,70.0,0.3000000000000001,51.0,0.255,0.13144329896907217,0.0,1.6400000000285218,100001.64000000003,-0.06999999999999998,5.795005569646919,1.0,-0.18,10.0,1.8999999999796273,1.899968840490643e-05,7.0,4.54726368159204,0.49019607843137253,0.08200000000142608,0.03215686274565729,200.0,3.9215686274509802,53.0,2.3700000000000006,inventory_skew,9.0,0.05970149253731343,51.0,510240
-6.402850472042587e-12,0.0,28.02020202020202,0.16999999999708962,444.0,992.0,513.0,35.0,438.0,59.0,18.0,0.02,3.0,0.015,0.007575757575757576,0.0,0.23999999999068677,100000.23999999999,0.04000000000000001,0.9849615493669504,1.0,-0.16,1.0,0.11500000000523869,1.1499971825592897e-06,0.0,0.9701492537313433,0.0,0.011999999999534338,0.0799999999968956,200.0,66.66666666666667,53.0,0.21000000000000002,avellaneda_stoikov,0.0,0.0,3.0,30010
-4.07454625594994e-12,0.02,4.975,-0.2699999999965075,365.0,860.0,458.0,37.0,365.0,71.0,6.0,0.03,3.0,0.015,0.00909090909090909,0.0,-0.11000000000058208,99999.89,-0.020000000000000018,2.8107823666085943,2.0,0.36,3.0,0.4299999999930151,4.299999784930161e-06,2.0,2.7064676616915424,0.6666666666666666,-0.005500000000029104,-0.03666666666686069,200.0,66.66666666666667,53.0,-0.15000000000000002,microstructure_adaptive,0.0,0.0,3.0,30010
-1.2805673188509559e-11,-0.05,2.8,-0.2799999999755528,437.0,998.0,520.0,41.0,437.0,77.0,19.0,0.030000000000000002,5.0,0.025,0.0125,0.0,-0.04999999998835847,99999.95000000001,0.08,1.046196617842019,1.0,0.23,2.0,0.17499999998835847,1.7499985998847048e-06,16.0,0.9950248756218906,6.4,-0.0024999999994179236,-0.009999999997671694,200.0,40.0,54.0,-0.04999999999999999,naive_symmetric,0.0,0.0,5.0,49999
-2.328304216092647e-12,-0.05,2.96,-0.25999999999534334,437.0,998.0,520.0,41.0,437.0,77.0,19.0,0.030000000000000002,5.0,0.025,0.0125,0.0,-0.059999999997671694,99999.94,0.06,1.046196617842019,1.0,0.22,2.0,0.16499999999359716,1.64999884493678e-06,16.0,0.9950248756218906,6.4,-0.0029999999998835845,-0.011999999999534338,200.0,40.0,54.0,-0.050000000000000044,inventory_skew,0.0,0.0,5.0,50003
6.4028227164669715e-12,-0.06,31.63,-0.24000000002153682,438.0,997.0,534.0,25.0,436.0,46.0,3.0,0.02,4.0,0.02,0.01,0.0,0.139999999984866,100000.13999999998,-0.03999999999999999,0.9849615493669504,0.0,0.0,1.0,0.069999999992433,6.999990199257022e-07,0.0,0.9701492537313433,0.0,0.006999999999243301,0.0349999999962165,200.0,50.0,54.0,0.44,avellaneda_stoikov,0.0,0.0,4.0,39994
-9.313216864370588e-12,0.019999999999999997,5.19,-0.919999999984284,372.0,860.0,452.0,36.0,372.0,67.0,3.0,0.03,3.0,0.015,0.00909090909090909,0.0,-0.03999999999359716,99999.96,-0.010000000000000009,2.8607830400067127,1.0,0.93,3.0,0.21999999998661224,2.1999996698661717e-06,2.0,2.781094527363184,0.6666666666666666,-0.0019999999996798577,-0.013333333331199052,200.0,66.66666666666667,54.0,-0.009999999999999998,microstructure_adaptive,0.0,0.0,3.0,29996
1.920849590497653e-11,-0.02,2.74,-0.010000000022700989,427.0,988.0,513.0,48.0,427.0,99.0,13.0,0.05999999999999999,12.0,0.06,0.03,0.0,0.08999999999650754,100000.09,-0.12,1.243890542448185,0.0,0.0,2.0,0.11999999999534339,1.199998739954757e-06,9.0,0.9800995024875622,1.8333333333333333,0.004499999999825377,0.007499999999708962,200.0,16.666666666666668,55.0,0.28,naive_symmetric,0.0,0.0,12.0,119987
-4.540234854744085e-11,-0.06,2.94,0.8600000000197907,412.0,984.0,515.0,57.0,412.0,123.0,33.0,0.11000000000000001,19.0,0.095,0.0475,0.0,-0.34000000002561137,99999.65999999997,-0.5799999999999998,3.265986323710904,2.0,-0.5700000000000001,6.0,0.6850000000122236,6.849986300149636e-06,13.0,2.6865671641791047,2.1052631578947367,-0.017000000001280567,-0.01789473684345323,200.0,10.526315789473685,55.0,0.06000000000000005,inventory_skew,0.0,0.0,19.0,189947
0.0,0.0,27.995,0.0,429.0,1000.0,523.0,48.0,428.0,83.0,0.0,0.0,0.0,0.0,0.0,0.0,0.0,100000.0,0.0,0.0,0.0,0.0,0.0,0.0,0.0,0.0,0.0,0.0,0.0,0.0,200.0,0.0,55.0,0.0,avellaneda_stoikov,0.0,0.0,0.0,0
6.984773870399863e-12,-0.020000000000000004,5.505,-0.3099999999947613,285.0,736.0,397.0,54.0,285.0,110.0,34.0,0.07999999999999999,13.0,0.065,0.047619047619047616,0.0,-0.1899999999877764,99999.81000000001,-0.42999999999999994,2.605008570377705,1.0,0.18,5.0,0.6000000000058208,5.999984400098767e-06,4.0,2.0796019900497513,0.46153846153846156,-0.00949999999938882,-0.014615384614444338,200.0,15.384615384615385,55.0,0.45000000000000007,microstructure_adaptive,0.0,0.0,13.0,130028
1.9790558081211884e-11,-0.11000000000000004,2.43,0.45999999997438873,405.0,972.0,502.0,65.0,405.0,137.0,53.0,0.16000000000000006,31.0,0.155,0.0775,0.0,0.14999999999417923,100000.15,0.24,2.291016416114357,1.0,-0.08,5.0,0.16999999999825377,1.699996769988675e-06,12.0,1.8258706467661692,2.4193548387096775,0.007499999999708962,0.004838709677231589,200.0,6.451612903225806,56.0,-0.31,naive_symmetric,0.0,0.0,31.0,309702
5.820718906868194e-12,-0.11,2.975,0.1100000000139699,435.0,990.0,519.0,36.0,435.0,78.0,19.0,0.06999999999999999,13.0,0.065,0.0325,0.0,-0.009999999980209395,99999.99000000002,0.1,1.304412717399456,1.0,-0.09,3.0,0.10000000000582077,9.999992000588474e-07,18.0,1.1741293532338308,4.615384615384615,-0.0004999999990104697,-0.000769230767708415,200.0,15.384615384615385,56.0,-0.060000000000000026,inventory_skew,0.0,0.0,13.0,129932
0.0,0.0,29.285,0.0,439.0,1000.0,519.0,42.0,436.0,85.0,0.0,0.0,0.0,0.0,0.0,0.0,0.0,100000.0,0.0,0.0,0.0,0.0,0.0,0.0,0.0,0.0,0.0,0.0,0.0,0.0,200.0,0.0,56.0,0.0,avellaneda_stoikov,0.0,0.0,0.0,0
-5.821176873865852e-13,-0.06000000000000001,5.34,0.040000000006984934,330.0,784.0,402.0,52.0,330.0,107.0,52.0,0.08,15.0,0.075,0.050335570469798654,0.0,-0.03999999999359716,99999.96,-0.11,1.287134964916441,1.0,-0.08,2.0,0.209999999977299,2.0999972697765394e-06,7.0,1.1293532338308458,0.6666666666666666,-0.0019999999996798577,-0.0026666666662398105,200.0,13.333333333333334,56.0,0.19000000000000003,microstructure_adaptive,0.0,0.0,15.0,149937
-1.2805423388329018e-11,0.04999999999999999,2.4972375690607733,0.23000000002270093,398.0,941.0,489.0,54.0,398.0,114.0,50.0,0.15000000000000002,24.0,0.12,0.06299212598425197,0.0,0.8700000000098953,100000.87000000001,0.5799999999999998,5.477679720865223,1.0,-0.24,10.0,1.5999999999912689,1.599978400282865e-05,5.0,4.393034825870647,0.6666666666666666,0.04350000000049477,0.03625000000041231,200.0,8.333333333333334,57.0,0.45000000000000007,naive_symmetric,0.0,0.0945273631840796,24.0,240018
6.4028227164669715e-12,0.0,2.865,0.20999999999185098,418.0,989.0,516.0,55.0,418.0,111.0,0.0,0.07999999999999999,14.0,0.07,0.035,0.0,-0.08000000000174623,99999.92,-0.03999999999999998,1.5453348185725115,1.0,-0.4,3.0,0.11999999999534339,1.199999879953446e-06,15.0,1.2736318407960199,2.4285714285714284,-0.004000000000087311,-0.005714285714410445,200.0,14.285714285714286,57.0,0.22999999999999998,inventory_skew,0.0,0.0,14.0,139962
0.0,0.0,27.08,0.0,440.0,1000.0,512.0,48.0,437.0,82.0,0.0,0.0,0.0,0.0,0.0,0.0,0.0,100000.0,0.0,0.0,0.0,0.0,0.0,0.0,0.0,0.0,0.0,0.0,0.0,0.0,200.0,0.0,57.0,0.0,avellaneda_stoikov,0.0,0.0,0.0,0
0.0,-0.04,5.285,0.6899999999912689,222.0,578.0,308.0,48.0,222.0,104.0,39.0,0.06,9.0,0.045,0.046875,0.0,0.09999999999126885,100000.09999999999,-1.3877787807814457e-17,4.3583282202722975,2.0,-0.54,5.0,0.2400000000052387,2.3999917200809526e-06,6.0,4.069651741293533,0.6666666666666666,0.004999999999563442,0.011111111110140983,200.0,22.22222222222222,57.0,0.010000000000000009,microstructure_adaptive,0.0,0.0,9.0,89972
-3.8417158343406754e-11,0.17,2.685,0.3800000000424918,413.0,974.0,508.0,53.0,413.0,120.0,31.0,0.15000000000000005,29.0,0.145,0.0725,0.0,-0.47999999999592546,99999.52,-0.25999999999999995,2.6097787786768136,1.0,0.09,7.0,1.1450000000040745,1.144998969505002e-05,9.0,1.756218905472637,1.3793103448275863,-0.023999999999796275,-0.016551724137790533,200.0,6.896551724137931,58.0,-0.5400000000000001,naive_symmetric,0.0,0.0,29.0,289725
1.1641243524707079e-12,-0.04,2.985,0.39999999999359714,436.0,992.0,511.0,45.0,436.0,86.0,3.0,0.04,8.0,0.04,0.02,0.0,0.00999999999476131,100000.01,-0.030000000000000006,1.4000710714014215,0.0,0.0,3.0,0.07499999999708962,7.499996999710161e-07,9.0,1.2139303482587065,2.25,0.0004999999997380655,0.0012499999993451638,200.0,25.0,58.0,-0.31999999999999995,inventory_skew,0.0,0.0,8.0,80007
1.1641548836038851e-11,0.01,30.01,0.2099999999807915,426.0,998.0,526.0,46.0,420.0,93.0,2.0,0.01,2.0,0.01,0.005,0.0,0.069999999992433,100000.06999999999,-0.05000000000000002,0.9773555548504418,0.0,0.0,1.0,0.08999999999650754,8.999993699655164e-07,10.0,0.9552238805970149,5.0,0.0034999999996216504,0.0349999999962165,200.0,100.0,58.0,-0.08000000000000002,avellaneda_stoikov,0.0,0.0,2.0,20004
4.074462989223093e-12,-0.05,5.235,0.29000000000407455,356.0,838.0,442.0,40.0,356.0,72.0,6.0,0.04,5.0,0.025,0.015625,0.0,0.2900000000081491,100000.29000000001,0.27,2.8564320366673353,1.0,-0.3,3.0,0.11499999999068677,1.1499961474197738e-06,0.0,2.8059701492537314,0.0,0.014500000000407454,0.05800000000162982,200.0,40.0,58.0,0.06999999999999999,microstructure_adaptive,0.0,0.0,5.0,49996
-5.551115123125783e-17,0.009999999999999997,2.88,-0.38999999998835844,442.0,995.0,516.0,37.0,442.0,65.0,14.0,0.05,8.0,0.04,0.02,0.0,-0.04999999998835847,99999.95000000001,0.0,1.9925233383153491,1.0,0.32,3.0,0.14500000000407454,1.4500000000407453e-06,9.0,1.9402985074626866,1.75,-0.0024999999994179236,-0.0062499999985448085,200.0,25.0,59.0,0.07,naive_symmetric,0.0,0.0,8.0,79954
1.9208523660552146e-11,0.039999999999999994,2.97,-0.5099999999871944,429.0,985.0,505.0,51.0,429.0,88.0,64.0,0.11000000000000001,18.0,0.09,0.045,0.0,-0.1999999999679858,99999.80000000003,-0.12000000000000001,2.2013112329424493,1.0,0.56,4.0,0.17999999997846317,1.7999999997846314e-06,9.0,1.8308457711442787,0.8888888888888888,-0.00999999999839929,-0.011111111109332543,200.0,11.11111111111111,59.0,-0.02000000000000001,inventory_skew,0.0,0.0,18.0,179901
-8.731237954862081e-12,0.01,25.365,-0.11999999999243299,439.0,1000.0,516.0,45.0,438.0,85.0,12.0,0.02,3.0,0.015,0.0075,0.0,0.029999999998835847,100000.03,-0.14999999999999994,1.0533056234153542,1.0,0.13,2.0,0.13999999999941792,1.3999993699944627e-06,4.0,1.0199004975124377,1.3333333333333333,0.0014999999999417923,0.00999999999961195,200.0,66.66666666666667,59.0,0.19,avellaneda_stoikov,0.0,0.0,3.0,29980
1.2805700944085174e-11,0.03,5.18,-0.16999999999359716,339.0,816.0,430.0,47.0,339.0,81.0,0.0,0.02,3.0,0.015,0.00974025974025974,0.0,-0.11999999998079147,99999.88000000002,-0.08000000000000002,1.1611454286469296,1.0,0.19,2.0,0.2649999999994179,2.6499993374943446e-06,0.0,1.0895522388059702,0.0,-0.005999999999039574,-0.03999999999359716,200.0,66.66666666666667,59.0,-0.04,microstructure_adaptive,0.0,0.0,3.0,29985
-5.238753875147495e-12,-0.030000000000000002,2.575,0.289999999984284,419.0,979.0,502.0,58.0,419.0,114.0,4.0,0.14000000000000004,24.0,0.12,0.06,0.0,0.03999999997904524,100000.03999999998,0.009999999999999995,2.210333038097083,1.0,-0.4,4.0,0.06000000001222361,5.999994001228361e-07,18.0,1.7213930348258706,2.5,0.001999999998952262,0.0016666666657935518,200.0,8.333333333333334,60.0,0.28,naive_symmetric,0.0,0.0,24.0,239972
-1.455180420606439e-11,0.049999999999999996,2.945,0.3500000000256114,412.0,972.0,506.0,54.0,412.0,123.0,42.0,0.17000000000000004,31.0,0.155,0.0775,0.0,-0.40999999998894054,99999.59000000001,-0.5,2.8729307933334525,1.0,-0.15,6.0,0.7950000000128057,7.949988870143637e-06,14.0,2.4029850746268657,2.2903225806451615,-0.020499999999447027,-0.013225806451256147,200.0,6.451612903225806,60.0,0.060000000000000005,inventory_skew,0.0,0.0,31.0,309827
-3.469446951953614e-18,0.02,22.273809523809526,0.009999999995925466,375.0,874.0,480.0,19.0,373.0,31.0,0.0,0.01,1.0,0.005,0.002976190476190476,0.0,-0.020000000004074536,99999.98,0.0,0.2731791823540765,1.0,-0.03,1.0,0.014999999999417923,1.4999999999417924e-07,0.0,0.07462686567164178,0.0,-0.0010000000002037268,-0.020000000004074536,200.0,200.0,60.0,0.01,avellaneda_stoikov,0.0,0.0,1.0,9992
3.4924008129877393e-12,0.0,5.19,-0.10999999999243298,338.0,806.0,418.0,50.0,338.0,83.0,4.0,0.04,5.0,0.025,0.01644736842105263,0.0,-0.15999999998894054,99999.84000000001,-0.08999999999999997,1.9585251837855924,2.0,0.09,3.0,0.22499999999126885,2.249998762413369e-06,0.0,1.7761194029850746,0.0,-0.007999999999447028,-0.03199999999778811,200.0,40.0,60.0,-0.009999999999999995,microstructure_adaptive,0.0,0.0,5.0,49991
2.2700730184510576e-11,0.06,2.56,0.5799999999871944,419.0,977.0,506.0,52.0,419.0,109.0,22.0,0.14000000000000004,26.0,0.13,0.065,0.0,-0.3799999999901047,99999.62000000001,-0.20999999999999988,2.149858262133502,1.0,-0.22,5.0,0.6499999999941792,6.499998049942377e-06,11.0,1.9253731343283582,1.6153846153846154,-0.018999999999505236,-0.014615384615004027,200.0,7.6923076923076925,61.0,-0.39,naive_symmetric,0.0,0.0,26.0,260102
9.895251285030326e-12,0.11000000000000001,2.98,-0.16999999997613485,430.0,993.0,517.0,46.0,430.0,85.0,9.0,0.06,10.0,0.05,0.025,0.0,-0.11999999996623956,99999.88000000003,-0.13,1.6913593696825449,1.0,-0.3,3.0,0.18499999998311978,1.8499992598314937e-06,7.0,1.2985074626865671,1.6,-0.005999999998311978,-0.011999999996623956,200.0,20.0,61.0,0.54,inventory_skew,0.0,0.0,10.0,100028
-6.40276720531574e-12,0.04,27.145833333333332,-0.20999999998195562,423.0,964.0,494.0,47.0,418.0,98.0,10.0,0.02,4.0,0.02,0.010416666666666666,0.0,0.45000000001164153,100000.45000000001,0.29,1.3345765348466097,0.0,0.0,2.0,0.3249999999970896,3.249985375036708e-06,8.0,0.9154228855721394,2.0,0.022500000000582075,0.11250000000291038,200.0,50.0,61.0,0.39,avellaneda_stoikov,0.0,0.0,4.0,40043
9.313189108794973e-12,0.0,5.435,0.24999999998253772,330.0,789.0,404.0,55.0,330.0,93.0,0.0,0.02,2.0,0.01,0.006802721088435374,0.0,-0.04000000000814907,99999.95999999999,0.009999999999999998,1.9239263336503902,1.0,-0.32,2.0,0.05000000000291038,5.000000000291038e-07,0.0,1.890547263681592,0.0,-0.0020000000004074536,-0.020000000004074536,200.0,100.0,61.0,0.04,microstructure_adaptive,0.0,0.0,2.0,20000
-5.820899318109696e-13,0.060000000000000005,2.66,-0.7400000000087311,440.0,988.0,507.0,41.0,440.0,83.0,13.0,0.1,15.0,0.075,0.0375,0.0,-0.010000000009313226,99999.98999999999,0.13999999999999999,4.16512409256527,2.0,0.62,6.0,0.17000000001280569,1.6999983851295912e-06,7.0,3.825870646766169,0.9333333333333333,-0.0005000000004656613,-0.0006666666672875484,200.0,13.333333333333334,62.0,0.07,naive_symmetric,0.0,0.0,15.0,150044
-1.0477396727992527e-11,0.0,2.99,-0.24999999999126885,432.0,999.0,520.0,47.0,432.0,80.0,13.0,0.03,4.0,0.02,0.01,0.0,-0.08000000000174623,99999.92,0.02,1.9862712885808917,1.0,0.2,3.0,0.11000000000058208,1.1000000000058209e-06,0.0,1.855721393034826,0.0,-0.004000000000087311,-0.020000000000436557,200.0,50.0,62.0,-0.01999999999999999,inventory_skew,0.0,0.0,4.0,40013
0.0,0.0,24.48,0.0,436.0,1000.0,522.0,42.0,435.0,69.0,0.0,0.0,0.0,0.0,0.0,0.0,0.0,100000.0,0.0,0.0,0.0,0.0,0.0,0.0,0.0,0.0,0.0,0.0,0.0,0.0,200.0,0.0,62.0,0.0,avellaneda_stoikov,0.0,0.0,0.0,0
4.3073544730987123e-11,-0.010000000000000004,5.354497354497354,0.01999999995401608,239.0,611.0,330.0,42.0,237.0,107.0,84.0,0.1,16.0,0.08,0.07547169811320754,0.0,0.19999999999708962,100000.2,-0.61,4.396402871547968,2.0,0.44,5.0,1.5,1.4999937000264601e-05,6.0,4.263681592039801,0.875,0.009999999999854481,0.012499999999818101,200.0,12.5,62.0,0.44999999999999996,microstructure_adaptive,0.0,0.0,16.0,160118
5.238587341693801e-12,-0.04,2.875,-0.9300000000087311,435.0,996.0,509.0,52.0,434.0,91.0,5.0,0.05,7.0,0.035,0.0175,0.0,-0.16000000000349246,99999.84,-0.010000000000000009,2.731791823540765,1.0,0.99,3.0,0.2450000000098953,2.4499997550989774e-06,5.0,2.5671641791044775,1.0,-0.008000000000174623,-0.02285714285764178,200.0,28.571428571428573,63.0,-0.16,naive_symmetric,0.0,0.0,7.0,70014
-6.402850472042587e-12,-0.03,2.73,-0.21999999997788106,432.0,992.0,507.0,53.0,431.0,95.0,5.0,0.04,8.0,0.04,0.02,0.0,-0.02999999998428393,99999.97000000002,0.039999999999999994,0.810380415552133,0.0,0.0,2.0,0.14999999999417923,1.4999998499418073e-06,6.0,0.39800995024875624,0.875,-0.0014999999992141965,-0.0037499999980354914,200.0,25.0,63.0,0.19,inventory_skew,0.0,0.0,8.0,80017
-5.238698363996264e-12,0.02,27.875,-0.34999999998952264,452.0,1002.0,517.0,33.0,450.0,51.0,10.0,0.01,1.0,0.005,0.0025,0.0,-0.00999999999476131,99999.99,0.010000000000000004,0.9798974461519554,1.0,0.33,1.0,0.05499999999301508,5.499999999301508e-07,0.0,0.9601990049751243,0.0,-0.0004999999997380655,-0.00999999999476131,200.0,200.0,63.0,0.01,avellaneda_stoikov,0.0,0.0,1.0,10007
4.0745185003743245e-12,-0.02,5.115,0.3399999999959255,360.0,838.0,435.0,43.0,360.0,75.0,7.0,0.01,1.0,0.005,0.0031446540880503146,0.0,0.0,100000.0,0.02,0.9824327607288114,1.0,-0.4,1.0,0.014999999999417923,1.499999924941796e-07,0.0,0.9651741293532339,0.0,0.0,0.0,200.0,200.0,63.0,0.05,microstructure_adaptive,0.0,0.0,1.0,9999
-3.026823236496057e-11,-0.05,2.7191011235955056,1.1300000000279398,402.0,943.0,489.0,52.0,402.0,97.0,27.0,0.11,16.0,0.08,0.042328042328042326,0.0,-0.1900000000023283,99999.81,-0.4699999999999998,6.85275119969893,2.0,-0.78,10.0,1.2000000000116415,1.1999938800428535e-05,13.0,6.482587064676617,1.4375,-0.009500000000116415,-0.01187500000014552,200.0,12.5,64.0,0.03999999999999994,naive_symmetric,0.0,0.10945273631840796,16.0,160008
4.4819925548722495e-11,0.029999999999999992,2.864321608040201,0.479999999909196,415.0,974.0,511.0,48.0,415.0,98.0,54.0,0.13000000000000003,25.0,0.125,0.06281407035175879,0.0,0.05999999995401595,100000.05999999995,-0.029999999999999957,1.9290912458527902,1.0,-0.04,6.0,0.2950000000128057,2.9499960176334337e-06,10.0,1.592039800995025,1.44,0.0029999999977007976,0.002399999998160638,200.0,8.0,64.0,-0.22000000000000006,inventory_skew,0.0,0.0,25.0,249828
0.0,0.0,29.595,0.0,444.0,1000.0,512.0,44.0,435.0,80.0,0.0,0.0,0.0,0.0,0.0,0.0,0.0,100000.0,0.0,0.0,0.0,0.0,0.0,0.0,0.0,0.0,0.0,0.0,0.0,0.0,200.0,0.0,64.0,0.0,avellaneda_stoikov,0.0,0.0,0.0,0
-2.7755575615628914e-17,-0.05,5.24,0.030000000015716094,346.0,810.0,418.0,46.0,346.0,85.0,3.0,0.030000000000000002,6.0,0.03,0.01948051948051948,0.0,-0.02999999998428393,99999.97000000002,0.0,0.37984023873883366,0.0,0.0,2.0,0.04499999999825377,4.499999999825377e-07,0.0,0.12437810945273632,0.0,-0.0014999999992141965,-0.004999999997380655,200.0,33.333333333333336,64.0,-0.03,microstructure_adaptive,0.0,0.0,6.0,59984
-1.629818502379976e-11,0.12999999999999998,2.58,0.06999999999825393,416.0,971.0,501.0,54.0,414.0,124.0,19.0,0.15000000000000005,30.0,0.15,0.075,0.0,0.08999999998195563,100000.08999999998,0.16999999999999998,1.3622486531594833,0.0,0.0,3.0,0.125,1.24999875000125e-06,17.0,1.0796019900497513,2.8333333333333335,0.004499999999097781,0.0029999999993985207,200.0,6.666666666666667,65.0,-4.163336342344337e-17,naive_symmetric,0.0,0.0,30.0,300022
1.4551942983942467e-11,-6.938893903907228e-18,2.825,-0.0599999999895226,425.0,986.0,510.0,51.0,424.0,101.0,11.0,0.09000000000000001,17.0,0.085,0.0425,0.0,-0.019999999974970706,99999.98000000003,0.0,0.8837955235025713,1.0,-0.09,2.0,0.069999999992433,6.999999299243369e-07,13.0,0.7014925373134329,2.9411764705882355,-0.0009999999987485354,-0.0011764705867629826,200.0,11.764705882352942,65.0,0.21999999999999997,inventory_skew,0.0,0.0,17.0,170032
6.938893903907228e-18,0.01,26.83,-0.010000000006402845,437.0,998.0,517.0,44.0,432.0,83.0,4.0,0.01,2.0,0.01,0.005,0.0,0.03999999999359716,100000.04,0.0,0.09975093361076329,0.0,0.0,1.0,0.005000000004656613,4.999998004657411e-08,9.0,0.009950248756218905,4.5,0.0019999999996798577,0.01999999999679858,200.0,100.0,65.0,0.06,avellaneda_stoikov,0.0,0.0,2.0,20001
-1.7462975510085244e-12,0.009999999999999997,5.26,0.05000000000814912,323.0,784.0,413.0,48.0,323.0,91.0,17.0,0.05999999999999999,11.0,0.055,0.037162162162162164,0.0,-0.03999999999359716,99999.96,-0.08,1.9161528621289001,1.0,0.08,5.0,0.2649999999994179,2.6499978799958753e-06,4.0,1.3432835820895523,0.7272727272727273,-0.0019999999996798577,-0.00363636363578156,200.0,18.181818181818183,65.0,-0.03,microstructure_adaptive,0.0,0.0,11.0,110012
1.1641687613916929e-11,-0.030000000000000002,2.705,0.9400000000104775,435.0,998.0,515.0,48.0,435.0,87.0,2.0,0.049999999999999996,5.0,0.025,0.0125,0.0,-0.06999999997788109,99999.93000000002,-0.30000000000000004,4.736856652388125,3.0,-1.1500000000000001,5.0,0.5999999999912689,5.9999849999501885e-06,2.0,4.527363184079602,0.4,-0.0034999999988940544,-0.013999999995576218,200.0,40.0,66.0,0.49,naive_symmetric,0.0,0.0,5.0,49992
2.8521851547225197e-11,-3.469446951953614e-18,2.98,0.7899999999935972,428.0,995.0,509.0,58.0,428.0,104.0,2.0,0.05,8.0,0.04,0.02,0.0,-0.06999999997788109,99999.93000000002,-0.36000000000000004,2.0381925462824637,1.0,-0.48,5.0,0.5999999999912689,5.999984399953248e-06,6.0,1.9253731343283582,0.75,-0.0034999999988940544,-0.008749999997235136,200.0,25.0,66.0,0.02999999999999997,inventory_skew,0.0,0.0,8.0,79986
5.238642852845032e-12,-0.01,19.091743119266056,0.33000000000000007,254.0,637.0,359.0,24.0,253.0,45.0,2.0,0.02,2.0,0.01,0.009174311926605505,0.0,-0.00999999999476131,99999.99,-0.25999999999999995,0.9357467021300495,1.0,-0.7000000000000001,1.0,0.33999999999650754,3.3999906499907883e-06,0.0,0.8756218905472637,0.0,-0.0004999999997380655,-0.004999999997380655,200.0,100.0,66.0,0.64,avellaneda_stoikov,0.0,0.0,2.0,19971
-2.793898445929699e-11,0.01,5.42,2.300000000018044,278.0,692.0,373.0,41.0,276.0,112.0,19.0,0.06999999999999999,11.0,0.055,0.044,0.0,-0.3700000000098953,99999.62999999999,-2.0300000000000002,3.7589031955918797,1.0,-1.05,5.0,2.6049999999959255,2.604942040035535e-05,12.0,3.283582089552239,2.909090909090909,-0.018500000000494767,-0.03363636363726321,200.0,18.181818181818183,66.0,0.48000000000000004,microstructure_adaptive,0.0,0.0,11.0,109934
-1.2805645432933943e-11,0.0,2.785,0.2699999999953434,451.0,998.0,511.0,36.0,451.0,59.0,42.0,0.030000000000000002,5.0,0.025,0.0125,0.0,-0.0500000000174623,99999.94999999998,0.08,0.9087742551184915,1.0,-0.46,1.0,0.09500000000116415,9.500000000116415e-07,4.0,0.8258706467661692,1.4,-0.002500000000873115,-0.01000000000349246,200.0,40.0,67.0,0.09,naive_symmetric,0.0,0.0,5.0,50015
-1.2805645432933943e-11,0.0,2.88,0.2699999999953434,451.0,998.0,511.0,36.0,451.0,59.0,42.0,0.030000000000000002,5.0,0.025,0.0125,0.0,-0.0500000000174623,99999.94999999998,0.08,0.9087742551184915,1.0,-0.46,1.0,0.09500000000116415,9.500000000116415e-07,4.0,0.8258706467661692,1.4,-0.002500000000873115,-0.01000000000349246,200.0,40.0,67.0,0.09,inventory_skew,0.0,0.0,5.0,50015
0.0,0.0,27.835,0.0,433.0,1000.0,521.0,46.0,427.0,78.0,0.0,0.0,0.0,0.0,0.0,0.0,0.0,100000.0,0.0,0.0,0.0,0.0,0.0,0.0,0.0,0.0,0.0,0.0,0.0,0.0,200.0,0.0,67.0,0.0,avellaneda_stoikov,0.0,0.0,0.0,0
1.5134116182480284e-11,-0.06,5.21,1.159999999993015,336.0,810.0,427.0,47.0,336.0,102.0,0.0,0.06,9.0,0.045,0.02922077922077922,0.0,0.04000000000814907,100000.04000000001,0.10999999999999999,2.861652446816028,1.0,-1.2,4.0,0.08999999999650754,8.999992799656514e-07,16.0,2.716417910447761,3.7777777777777777,0.0020000000004074536,0.004444444445349897,200.0,22.22222222222222,67.0,0.02999999999999997,microstructure_adaptive,0.0,0.0,9.0,90015
9.313230742158396e-12,0.05,2.8,-0.06999999999999999,437.0,996.0,519.0,40.0,437.0,68.0,0.0,0.02,4.0,0.02,0.01,0.0,0.010000000009313226,100000.01000000001,0.01,0.46787335106502476,0.0,0.0,1.0,0.014999999999417923,1.4999998499418072e-07,9.0,0.21890547263681592,3.25,0.0005000000004656613,0.0025000000023283064,200.0,50.0,68.0,0.09,naive_symmetric,0.0,0.0,4.0,39999
0.0,0.05,2.965,-0.05999999999068677,437.0,996.0,519.0,40.0,437.0,68.0,0.0,0.02,4.0,0.02,0.01,0.0,0.010000000009313226,100000.01000000001,0.0,0.46787335106502476,0.0,0.0,1.0,0.014999999999417923,1.4999998499418072e-07,9.0,0.21890547263681592,3.25,0.0005000000004656613,0.0025000000023283064,200.0,50.0,68.0,0.09,inventory_skew,0.0,0.0,4.0,39999
0.0,0.0,28.645,0.0,437.0,1000.0,517.0,46.0,434.0,84.0,0.0,0.0,0.0,0.0,0.0,0.0,0.0,100000.0,0.0,0.0,0.0,0.0,0.0,0.0,0.0,0.0,0.0,0.0,0.0,0.0,200.0,0.0,68.0,0.0,avellaneda_stoikov,0.0,0.0,0.0,0
9.313216864370588e-12,-0.02,4.995,-0.26,360.0,848.0,448.0,40.0,360.0,71.0,0.0,0.02,3.0,0.015,0.009259259259259259,0.0,0.010000000009313226,100000.01000000001,0.010000000000000005,0.9722518356068021,1.0,0.26,1.0,0.03999999999359716,3.9999993993598054e-07,0.0,0.945273631840796,0.0,0.0005000000004656613,0.0033333333364377418,200.0,66.66666666666667,68.0,0.02,microstructure_adaptive,0.0,0.0,3.0,29999
0.0,-0.019999999999999997,2.755,-0.009999999990686771,437.0,998.0,509.0,52.0,436.0,91.0,0.0,0.01,2.0,0.01,0.005,0.0,0.010000000009313226,100000.01000000001,0.0,0.07053456158585983,0.0,0.0,1.0,0.014999999999417923,1.4999998499418072e-07,0.0,0.004975124378109453,0.0,0.0005000000004656613,0.005000000004656613,200.0,100.0,69.0,0.03,naive_symmetric,0.0,0.0,2.0,20000
0.0,-0.019999999999999997,2.755,-0.009999999990686771,437.0,998.0,509.0,52.0,436.0,91.0,0.0,0.01,2.0,0.01,0.005,0.0,0.010000000009313226,100000.01000000001,0.0,0.07053456158585983,0.0,0.0,1.0,0.014999999999417923,1.4999998499418072e-07,0.0,0.004975124378109453,0.0,0.0005000000004656613,0.005000000004656613,200.0,100.0,69.0,0.03,inventory_skew,0.0,0.0,2.0,20000
0.0,0.0,28.12,0.0,439.0,1000.0,525.0,36.0,438.0,64.0,0.0,0.0,0.0,0.0,0.0,0.0,0.0,100000.0,0.0,0.0,0.0,0.0,0.0,0.0,0.0,0.0,0.0,0.0,0.0,0.0,200.0,0.0,69.0,0.0,avellaneda_stoikov,0.0,0.0,0.0,0
2.8521796036073965e-11,-0.09,5.225,0.4699999999493593,322.0,774.0,400.0,52.0,321.0,91.0,7.0,0.06999999999999999,14.0,0.07,0.047619047619047616,0.0,-0.1800000000221189,99999.81999999998,-0.36,1.9837649515717777,0.0,0.0,5.0,0.5250000000087311,5.249994750092562e-06,12.0,1.4577114427860696,0.8571428571428571,-0.009000000001105946,-0.012857142858722779,200.0,14.285714285714286,69.0,-0.22000000000000003,microstructure_adaptive,0.0,0.0,14.0,140087
7.567058091240142e-12,0.09000000000000001,2.595,-0.4399999999889405,412.0,976.0,520.0,44.0,412.0,107.0,26.0,0.15000000000000002,27.0,0.135,0.0675,0.0,0.7700000000186265,100000.77000000002,0.1800000000000001,3.941739899186122,1.0,0.24,8.0,0.45500000000174623,4.549957230419495e-06,19.0,3.487562189054726,1.4074074074074074,0.038500000000931324,0.028518518519208388,200.0,7.407407407407407,70.0,0.94,naive_symmetric,0.0,0.0,27.0,270226
-8.729905687232531e-12,-0.01,3.5670103092783507,3.4700000000436555,419.0,972.0,509.0,44.0,419.0,91.0,4.0,0.14,19.0,0.095,0.048223350253807105,0.0,-1.3999999999650754,99998.60000000003,-1.9000000000000006,7.712818044596587,3.0,-3.15,10.0,1.8250000000116415,1.824992152545385e-05,18.0,7.079601990049751,1.4736842105263157,-0.06999999999825376,-0.07368421052447766,200.0,10.526315789473685,70.0,0.31999999999999995,inventory_skew,0.0,0.029850746268656716,19.0,190009
1.862640597316556e-11,-0.05,15.597701149425287,0.3399999999837019,206.0,544.0,314.0,24.0,202.0,45.0,3.0,0.04,7.0,0.035,0.040229885057471264,0.0,0.1900000000023283,100000.19,-0.22999999999999998,0.8134442465765906,1.0,-0.36,1.0,0.27999999999883585,2.7999938400019105e-06,0.0,0.6616915422885572,0.0,0.009500000000116415,0.027142857143189758,200.0,28.571428571428573,70.0,0.48,avellaneda_stoikov,0.0,0.0,7.0,69927
1.68802194444595e-11,-0.02,4.935,0.46999999997380654,364.0,853.0,451.0,38.0,363.0,74.0,1.0,0.02,2.0,0.01,0.006134969325153374,0.0,-0.010000000009313226,99999.98999999999,-0.06,1.9419434282715253,1.0,-0.5,2.0,0.13999999999941792,1.3999985999955793e-06,0.0,1.9104477611940298,0.0,-0.0005000000004656613,-0.005000000004656613,200.0,100.0,70.0,0.1,microstructure_adaptive,0.0,0.0,2.0,19993
1.1641798636219391e-12,-0.020000000000000004,2.395,0.25000000000640277,432.0,997.0,518.0,47.0,432.0,94.0,11.0,0.04,6.0,0.03,0.015,0.0,-0.069999999992433,99999.93000000001,-0.03,0.8638684255813601,1.0,-0.86,2.0,0.059999999997671694,5.999999999767169e-07,6.0,0.6567164179104478,3.6666666666666665,-0.0034999999996216504,-0.0116666666654055,200.0,33.333333333333336,71.0,0.6100000000000001,naive_symmetric,0.0,0.0,6.0,59985
1.8626433728741176e-11,-0.05999999999999999,2.78,-0.19000000000465644,429.0,991.0,515.0,47.0,429.0,108.0,11.0,0.07999999999999999,12.0,0.06,0.03,0.0,-0.35999999998603016,99999.64000000001,-0.22999999999999998,1.6571869709590459,2.0,1.16,4.0,0.3999999999796273,3.999999999796273e-06,17.0,1.0149253731343284,4.333333333333333,-0.01799999999930151,-0.029999999998835847,200.0,16.666666666666668,71.0,-1.02,inventory_skew,0.0,0.0,12.0,120010
5.238698363996264e-12,-0.01,30.52020202020202,0.3899999999941792,445.0,994.0,505.0,44.0,441.0,76.0,2.0,0.01,1.0,0.005,0.0025252525252525255,0.0,0.13999999999941792,100000.14,-0.009999999999999997,0.9899997487310601,1.0,-0.4,1.0,0.2600000000093132,2.5999959700993787e-06,0.0,0.9800995024875622,0.0,0.006999999999970896,0.13999999999941792,200.0,200.0,71.0,0.17,avellaneda_stoikov,0.0,0.0,1.0,9983
3.201416909348609e-11,0.0,5.309278350515464,0.04999999994819526,334.0,789.0,407.0,48.0,334.0,85.0,7.0,0.04,6.0,0.03,0.02027027027027027,0.0,0.009999999980209395,100000.00999999998,0.05000000000000001,1.5787771576232144,1.0,0.58,2.0,0.08999999999650754,8.999993699655167e-07,9.0,1.4477611940298507,1.5,0.0004999999990104697,0.0016666666633682325,200.0,33.333333333333336,71.0,-0.63,microstructure_adaptive,0.0,0.0,6.0,60011
4.07454625594994e-12,-0.08,2.695,0.12999999999592546,440.0,994.0,506.0,48.0,440.0,88.0,12.0,0.049999999999999996,9.0,0.045,0.0225,0.0,0.0,100000.0,0.02,1.3512478110125357,1.0,-0.18,3.0,0.07500000001164153,7.499998876164322e-07,10.0,1.2388059701492538,3.6666666666666665,0.0,0.0,200.0,22.22222222222222,72.0,0.07999999999999999,naive_symmetric,0.0,0.0,9.0,90011
-5.821010340412158e-12,-0.05000000000000001,2.995,0.09000000006984929,413.0,981.0,515.0,53.0,413.0,108.0,7.0,0.12000000000000004,22.0,0.11,0.055,0.0,-0.3999999999359716,99999.60000000006,-0.8500000000000001,3.220735060255377,2.0,0.21000000000000002,9.0,0.8349999999627471,8.34996659976107e-06,9.0,2.781094527363184,1.2272727272727273,-0.01999999999679858,-0.018181818178907797,200.0,9.090909090909092,72.0,0.27000000000000024,inventory_skew,0.0,0.0,22.0,219991
0.0,0.0,27.955,0.0,441.0,1000.0,515.0,44.0,439.0,82.0,0.0,0.0,0.0,0.0,0.0,0.0,0.0,100000.0,0.0,0.0,0.0,0.0,0.0,0.0,0.0,0.0,0.0,0.0,0.0,0.0,200.0,0.0,72.0,0.0,avellaneda_stoikov,0.0,0.0,0.0,0
-2.2119028830758225e-11,0.09,5.365,-0.5199999999534338,322.0,788.0,413.0,53.0,322.0,103.0,1.0,0.04,7.0,0.035,0.02364864864864865,0.0,-0.12999999997555278,99999.87000000002,-0.17999999999999997,2.4957675615715966,1.0,0.11,3.0,0.3899999999994179,3.899991615012207e-06,16.0,2.318407960199005,2.2857142857142856,-0.006499999998777639,-0.018571428567936112,200.0,28.571428571428573,72.0,0.5,microstructure_adaptive,0.0,0.0,7.0,69986
1.8626378217589945e-11,0.03,2.555,-0.11999999999767158,431.0,995.0,516.0,48.0,431.0,98.0,3.0,0.05,8.0,0.04,0.02,0.0,-0.03999999997904524,99999.96000000002,0.019999999999999997,1.2318331605064798,1.0,0.42,2.0,0.03999999999359716,3.9999995993597553e-07,15.0,1.0497512437810945,5.75,-0.001999999998952262,-0.004999999997380655,200.0,25.0,73.0,-0.31000000000000005,naive_symmetric,0.0,0.0,8.0,79991
0.0,0.04,2.975,-0.2699999999802094,434.0,1000.0,523.0,43.0,434.0,73.0,0.0,0.02,3.0,0.015,0.0075,0.0,-0.009999999980209395,99999.99000000002,0.0,0.9824327607288114,1.0,0.19,1.0,0.024999999994179234,2.499999749417948e-07,1.0,0.9651741293532339,0.3333333333333333,-0.0004999999990104697,-0.003333333326736465,200.0,66.66666666666667,73.0,0.09,inventory_skew,0.0,0.0,3.0,30001
0.0,0.0,28.065,0.0,431.0,1000.0,522.0,47.0,430.0,92.0,0.0,0.0,0.0,0.0,0.0,0.0,0.0,100000.0,0.0,0.0,0.0,0.0,0.0,0.0,0.0,0.0,0.0,0.0,0.0,0.0,200.0,0.0,73.0,0.0,avellaneda_stoikov,0.0,0.0,0.0,0
0.0,0.0,5.135,0.0,362.0,822.0,414.0,46.0,362.0,72.0,0.0,0.0,0.0,0.0,0.0,0.0,0.0,100000.0,0.0,0.0,0.0,0.0,0.0,0.0,0.0,0.0,0.0,0.0,0.0,0.0,200.0,0.0,73.0,0.0,microstructure_adaptive,0.0,0.0,0.0,0
1.629812951264853e-11,-0.04,2.875,0.3499999999837019,433.0,1000.0,515.0,52.0,433.0,87.0,0.0,0.02,3.0,0.015,0.0075,0.0,0.0,100000.0,0.08,0.9849615493669504,1.0,-0.39,1.0,0.0650000000023283,6.499999675232847e-07,12.0,0.9701492537313433,4.0,0.0,0.0,200.0,66.66666666666667,74.0,-0.02,naive_symmetric,0.0,0.0,3.0,30000
4.0745185003743245e-12,-0.010000000000000002,2.905,0.4600000000023283,438.0,994.0,508.0,48.0,438.0,84.0,1.0,0.049999999999999996,9.0,0.045,0.0225,0.0,-0.03999999999359716,99999.96,0.02,1.0221429055679958,1.0,-0.44,2.0,0.08999999999650754,8.999999999650754e-07,12.0,0.945273631840796,2.6666666666666665,-0.0019999999996798577,-0.004444444443733018,200.0,22.22222222222222,74.0,-0.03,inventory_skew,0.0,0.0,9.0,90030
0.0,0.02,27.91,0.42,444.0,1002.0,521.0,37.0,440.0,60.0,1.0,0.01,1.0,0.005,0.0025,0.0,0.0,100000.0,3.469446951953614e-18,0.9824327607288114,1.0,-0.44,1.0,0.069999999992433,6.999998949243458e-07,0.0,0.9651741293532339,0.0,0.0,0.0,200.0,200.0,74.0,0.03,avellaneda_stoikov,0.0,0.0,1.0,10006
-5.819789095085071e-13,-0.009999999999999998,5.215,-1.1899999999883586,351.0,814.0,419.0,44.0,351.0,70.0,6.0,0.06,9.0,0.045,0.02903225806451613,0.0,-0.15999999998894054,99999.84000000001,-0.11000000000000001,2.8072401063901484,1.0,1.1400000000000001,3.0,0.20499999998719431,2.0499999998719433e-06,0.0,2.6666666666666665,0.0,-0.007999999999447028,-0.017777777776548948,200.0,22.22222222222222,74.0,0.059999999999999984,microstructure_adaptive,0.0,0.0,9.0,90003
-2.3865152909419152e-11,-0.07999999999999999,2.585,-0.049999999993597125,414.0,982.0,506.0,62.0,414.0,121.0,0.0,0.11000000000000003,21.0,0.105,0.0525,0.0,-0.0500000000174623,99999.94999999998,-0.009999999999999993,2.9775277734709786,1.0,0.01,5.0,0.21500000001105946,2.1500000001105947e-06,13.0,2.63681592039801,1.4285714285714286,-0.002500000000873115,-0.002380952381783919,200.0,9.523809523809524,75.0,0.11,naive_symmetric,0.0,0.0,21.0,210074
6.402878227618203e-12,-0.15,2.875,0.3199999999732245,430.0,986.0,509.0,47.0,430.0,89.0,0.0,0.09000000000000001,17.0,0.085,0.0425,0.0,-0.3500000000203727,99999.64999999998,-0.29000000000000004,2.220438753649032,1.0,-0.12,4.0,0.375,3.75e-06,10.0,1.855721393034826,2.176470588235294,-0.017500000001018635,-0.02058823529531604,200.0,11.764705882352942,75.0,-0.17,inventory_skew,0.0,0.0,17.0,170139
0.0,0.0,31.395,0.0,439.0,1000.0,524.0,37.0,430.0,64.0,0.0,0.0,0.0,0.0,0.0,0.0,0.0,100000.0,0.0,0.0,0.0,0.0,0.0,0.0,0.0,0.0,0.0,0.0,0.0,0.0,200.0,0.0,75.0,0.0,avellaneda_stoikov,0.0,0.0,0.0,0
-1.68802194444595e-11,0.01,5.38,-0.08999999999243301,347.0,802.0,405.0,50.0,347.0,84.0,1.0,0.030000000000000002,5.0,0.025,0.016556291390728478,0.0,-0.010000000009313226,99999.98999999999,0.06,0.6464599351554542,1.0,0.01,2.0,0.0650000000023283,6.500000000232831e-07,13.0,0.31840796019900497,2.6,-0.0005000000004656613,-0.002000000001862645,200.0,40.0,75.0,0.04000000000000001,microstructure_adaptive,0.0,0.0,5.0,50028
-6.402878227618203e-12,-0.019999999999999997,2.79,0.20000000001571608,437.0,1000.0,521.0,42.0,437.0,66.0,0.0,0.02,3.0,0.015,0.0075,0.0,0.010000000009313226,100000.01000000001,0.04,0.9696899027331813,1.0,-0.37,1.0,0.03500000000349246,3.499999475349325e-07,5.0,0.9402985074626866,2.0,0.0005000000004656613,0.0033333333364377418,200.0,66.66666666666667,76.0,0.16,naive_symmetric,0.0,0.0,3.0,30000
-2.7755575615628914e-16,-0.019999999999999997,2.8,-0.12000000000116395,416.0,984.0,513.0,55.0,416.0,111.0,0.0,0.08,16.0,0.08,0.04,0.0,0.029999999998835847,100000.03,0.0,1.0245736887999293,0.0,0.0,2.0,0.05000000000291038,4.999998500291488e-07,8.0,0.8208955223880597,2.5625,0.0014999999999417923,0.0018749999999272404,200.0,12.5,76.0,0.2300000000000001,inventory_skew,0.0,0.0,16.0,160005
2.9103386367523854e-12,-0.03,29.487437185929647,0.7799999999912689,445.0,997.0,514.0,38.0,435.0,62.0,0.0,0.02,2.0,0.01,0.005025125628140704,0.0,-0.10000000000582077,99999.9,-0.44999999999999996,1.8992011936941682,1.0,-0.8200000000000001,2.0,0.5,4.9999912500153125e-06,0.0,1.8059701492537314,0.0,-0.005000000000291038,-0.05000000000291038,200.0,100.0,76.0,0.41000000000000003,avellaneda_stoikov,0.0,0.0,2.0,19998
2.9103941479036166e-12,0.02,5.425,0.41000000000232834,327.0,797.0,418.0,52.0,327.0,91.0,0.0,0.02,2.0,0.01,0.006711409395973154,0.0,-0.00999999999476131,99999.99,0.05,1.8952677386045025,1.0,-0.76,2.0,0.059999999997671694,5.99999879976741e-07,0.0,1.8308457711442787,0.0,-0.0004999999997380655,-0.004999999997380655,200.0,100.0,76.0,0.31,microstructure_adaptive,0.0,0.0,2.0,20001
-3.550648663974698e-11,-0.049999999999999996,2.7386363636363638,1.3000000000704313,405.0,938.0,488.0,45.0,403.0,98.0,37.0,0.13,17.0,0.085,0.04521276595744681,0.0,-0.8999999999650754,99999.10000000003,-1.46,8.043723797925525,3.0,-1.44,10.0,1.8450000000011642,1.844985240119243e-05,8.0,7.208955223880597,0.7647058823529411,-0.04499999999825377,-0.05294117646853385,200.0,11.764705882352942,77.0,0.83,naive_symmetric,0.0,0.11940298507462686,17.0,170066
-2.4447111002245947e-11,-0.039999999999999994,3.458100558659218,2.3200000000389993,399.0,930.0,487.0,44.0,396.0,99.0,54.0,0.17000000000000004,27.0,0.135,0.07161803713527852,0.0,-1.749999999985448,99998.25000000001,-2.62,7.7095921387109465,3.0,-1.82,10.0,2.6300000000192085,2.6299789601875265e-05,10.0,6.890547263681592,0.8888888888888888,-0.08749999999927241,-0.06481481481427585,200.0,7.407407407407407,77.0,0.5399999999999999,inventory_skew,0.0,0.0945273631840796,27.0,270029
6.402836594254779e-12,-0.03,22.38,0.07999999998894056,440.0,998.0,529.0,29.0,438.0,54.0,13.0,0.01,2.0,0.01,0.005,0.0,0.11999999999534339,100000.12,-0.04,0.19950186722152657,0.0,0.0,1.0,0.05499999999301508,5.49999339930943e-07,0.0,0.03980099502487562,0.0,0.005999999999767169,0.059999999997671694,200.0,100.0,77.0,0.09,avellaneda_stoikov,0.0,0.0,2.0,20007
-1.0477257950114449e-11,-0.08,4.899497487437186,-0.09000000003376046,340.0,805.0,430.0,35.0,339.0,84.0,23.0,0.1,16.0,0.08,0.05177993527508091,0.0,0.13999999995576218,100000.13999999996,-0.48000000000000004,3.3368141030343534,2.0,0.28,5.0,0.5,4.999972000156801e-06,8.0,3.0646766169154227,0.5625,0.006999999997788109,0.008749999997235136,200.0,12.5,77.0,0.5299999999999999,microstructure_adaptive,0.0,0.0,16.0,160036
5.819789095085071e-13,0.0,2.77,0.610000000006403,443.0,995.0,507.0,45.0,443.0,84.0,7.0,0.08,8.0,0.04,0.02,0.0,-0.17999999999301508,99999.82,-0.14,7.599423911132641,2.0,-0.8,8.0,0.3249999999970896,3.249994637479744e-06,6.0,7.432835820895522,0.75,-0.008999999999650754,-0.022499999999126885,200.0,25.0,78.0,0.23000000000000004,naive_symmetric,0.0,0.0,8.0,80026
-1.396971427425342e-11,0.07,3.1218274111675126,1.6200000000692674,419.0,973.0,498.0,56.0,419.0,104.0,17.0,0.13000000000000003,22.0,0.11,0.05555555555555555,0.0,-0.5499999999447027,99999.45000000006,-0.8900000000000001,5.720696475011061,1.0,-0.6,10.0,1.0499999999738066,1.0499949599979982e-05,0.0,5.2835820895522385,0.0,-0.027499999997235135,-0.024999999997486488,200.0,9.090909090909092,78.0,-0.55,inventory_skew,0.0,0.009950248756218905,22.0,219998
0.0,0.0,28.160804020100503,0.0,436.0,996.0,526.0,34.0,435.0,55.0,0.0,0.0,0.0,0.0,0.0,0.0,0.0,100000.0,0.0,0.0,0.0,0.0,0.0,0.0,0.0,0.0,0.0,0.0,0.0,0.0,200.0,0.0,78.0,0.0,avellaneda_stoikov,0.0,0.0,0.0,0
2.0372703524174085e-11,0.04,5.315,0.28999999997904524,336.0,810.0,427.0,47.0,336.0,73.0,5.0,0.04,5.0,0.025,0.016339869281045753,0.0,-0.11000000000058208,99999.89,-0.15000000000000002,2.831942883871855,1.0,-0.36,3.0,0.21000000000640284,2.0999983200653724e-06,0.0,2.756218905472637,0.0,-0.005500000000029104,-0.022000000000116416,200.0,40.0,78.0,0.15,microstructure_adaptive,0.0,0.0,5.0,50007
2.910366392328001e-12,0.02,2.89,0.07000000000349246,432.0,999.0,522.0,45.0,432.0,77.0,0.0,0.03,4.0,0.02,0.01,0.0,-0.03999999999359716,99999.96,0.05,1.6451345421246075,1.0,0.14,2.0,0.055000000007566996,5.500000000756699e-07,6.0,1.3830845771144278,1.5,-0.0019999999996798577,-0.00999999999839929,200.0,50.0,79.0,-0.27,naive_symmetric,0.0,0.0,4.0,40013
1.746229549848266e-11,0.0,2.925,-0.010000000006984908,435.0,1000.0,513.0,52.0,435.0,93.0,0.0,0.02,3.0,0.015,0.0075,0.0,-0.01999999998952262,99999.98000000001,0.05,0.849348594409781,1.0,0.08,1.0,0.055000000007566996,5.500000000756699e-07,6.0,0.7213930348258707,2.0,-0.000999999999476131,-0.006666666663174207,200.0,66.66666666666667,79.0,-0.12000000000000001,inventory_skew,0.0,0.0,3.0,30008
5.820732784656002e-12,0.01,23.745,0.18999999998894054,438.0,1002.0,518.0,46.0,436.0,78.0,6.0,0.01,1.0,0.005,0.0025,0.0,0.00999999999476131,100000.01,-0.14999999999999997,0.5598507263734642,1.0,-0.21,1.0,0.1900000000023283,1.8999968650284558e-06,0.0,0.31343283582089554,0.0,0.0004999999997380655,0.00999999999476131,200.0,200.0,79.0,0.19,avellaneda_stoikov,0.0,0.0,1.0,9989
0.0,0.0,4.81,0.0,376.0,854.0,441.0,37.0,376.0,57.0,0.0,0.0,0.0,0.0,0.0,0.0,0.0,100000.0,0.0,0.0,0.0,0.0,0.0,0.0,0.0,0.0,0.0,0.0,0.0,0.0,200.0,0.0,79.0,0.0,microstructure_adaptive,0.0,0.0,0.0,0
-5.551115123125783e-17,0.01,2.89,-0.5399999999912688,445.0,998.0,515.0,38.0,445.0,64.0,14.0,0.04,5.0,0.025,0.0125,0.0,-0.09999999999126885,99999.90000000001,-6.938893903907228e-18,2.8407132451716297,1.0,0.51,4.0,0.16999999999825377,1.6999999999825376e-06,5.0,2.7661691542288556,1.2,-0.004999999999563442,-0.01999999999825377,200.0,40.0,80.0,-0.030000000000000013,naive_symmetric,0.0,0.0,5.0,50017
7.56700258008891e-12,0.0,2.98,-0.3800000000017462,445.0,999.0,525.0,29.0,445.0,47.0,14.0,0.03,4.0,0.02,0.01,0.0,-0.14999999999417923,99999.85,-0.06999999999999999,2.029631243619054,1.0,0.3,3.0,0.17500000000291038,1.7500000000291038e-06,5.0,1.9900497512437811,1.5,-0.007499999999708962,-0.03749999999854481,200.0,50.0,80.0,0.03,inventory_skew,0.0,0.0,4.0,40014
5.238670608420648e-12,0.02,26.495,-0.1800000000052387,439.0,1002.0,521.0,42.0,436.0,74.0,15.0,0.01,1.0,0.005,0.0025,0.0,0.0,100000.0,-0.00999999999999999,0.9824327607288114,1.0,0.16,1.0,0.059999999997671694,5.999999099767305e-07,0.0,0.9651741293532339,0.0,0.0,0.0,200.0,200.0,80.0,0.04,avellaneda_stoikov,0.0,0.0,1.0,10007
6.402878227618203e-12,-0.030000000000000002,5.08,0.6399999999819557,362.0,835.0,434.0,39.0,361.0,65.0,43.0,0.06999999999999999,12.0,0.06,0.037267080745341616,0.0,0.04999999998835847,100000.04999999999,-0.29000000000000004,1.7520421631038257,1.0,-0.5,2.0,0.33999999999650754,3.3999892899988124e-06,9.0,1.6069651741293531,0.75,0.0024999999994179236,0.004166666665696539,200.0,16.666666666666668,80.0,0.26999999999999996,microstructure_adaptive,0.0,0.0,12.0,120014
8.149037000748649e-12,0.03,2.57,0.579999999985448,430.0,993.0,507.0,56.0,429.0,103.0,2.0,0.06,10.0,0.05,0.025,0.0,0.03999999999359716,100000.04,0.039999999999999994,2.7472283635679142,1.0,-0.48,3.0,0.08999999999650754,8.999991449658878e-07,14.0,2.572139303482587,2.0,0.0019999999996798577,0.003999999999359715,200.0,20.0,81.0,-0.03999999999999998,naive_symmetric,0.0,0.0,10.0,100012
1.1641437813736388e-11,0.06,2.905,0.15999999998835848,433.0,992.0,512.0,47.0,432.0,80.0,2.0,0.05999999999999999,11.0,0.055,0.0275,0.0,0.0,100000.0,-0.049999999999999975,1.3005930526329956,1.0,-0.24,3.0,0.17999999999301508,1.7999982899317756e-06,4.0,1.1144278606965174,0.6363636363636364,0.0,0.0,200.0,18.181818181818183,81.0,0.19000000000000003,inventory_skew,0.0,0.0,11.0,110025
-4.656663943336525e-12,0.0,27.77,0.37999999999767176,445.0,1002.0,528.0,29.0,442.0,54.0,6.0,0.01,1.0,0.005,0.0025,0.0,-0.07000000000698492,99999.93,-0.12999999999999998,0.9463204468147677,1.0,-0.4,1.0,0.17000000001280569,1.699998895128775e-06,0.0,0.8955223880597015,0.0,-0.003500000000349246,-0.07000000000698492,200.0,200.0,81.0,0.09,avellaneda_stoikov,0.0,0.0,1.0,10011
2.9103941479036166e-12,0.02,5.115,0.08999999998777639,350.0,832.0,439.0,43.0,350.0,80.0,1.0,0.02,3.0,0.015,0.00949367088607595,0.0,-0.010000000009313226,99999.98999999999,0.049999999999999996,1.2277877204823169,1.0,-0.23,2.0,0.09000000001105946,9.000000001105945e-07,0.0,1.1492537313432836,0.0,-0.0005000000004656613,-0.0033333333364377418,200.0,66.66666666666667,81.0,0.1,microstructure_adaptive,0.0,0.0,3.0,29999
-3.08495451406543e-11,-0.08999999999999998,2.4565217391304346,2.4100000000541333,267.0,673.0,360.0,46.0,263.0,103.0,59.0,0.16,22.0,0.11,0.08943089430894309,0.0,-0.34999999997671694,99999.65000000002,-1.83,8.919206175774285,2.0,-2.6,10.0,2.3999999999941792,2.3999568007717648e-05,6.0,8.328358208955224,0.5454545454545454,-0.017499999998835846,-0.015909090908032587,200.0,9.090909090909092,82.0,1.8299999999999996,naive_symmetric,0.0,0.7661691542288557,22.0,219945
-1.1642353747731704e-12,-0.03,2.845,0.030000000052969017,423.0,992.0,525.0,44.0,422.0,87.0,35.0,0.05999999999999999,11.0,0.055,0.0275,0.0,-0.20999999994819518,99999.79000000005,-0.47,1.243890542448185,1.0,0.15,5.0,0.40999999998894054,4.099996309892726e-06,15.0,0.6417910447761194,1.9090909090909092,-0.010499999997409758,-0.01909090908619956,200.0,18.181818181818183,82.0,0.13999999999999999,inventory_skew,0.0,0.0,11.0,110004
8.14909251189988e-12,-0.01,28.281407035175878,-0.21000000000349245,434.0,998.0,517.0,47.0,424.0,71.0,8.0,0.01,1.0,0.005,0.002512562814070352,0.0,0.1300000000046566,100000.13,0.03999999999999998,0.9436881178024825,1.0,0.19,1.0,0.20999999999185093,2.0999971649223364e-06,0.0,0.8905472636815921,0.0,0.006500000000232831,0.1300000000046566,200.0,200.0,82.0,0.12,avellaneda_stoikov,0.0,0.0,1.0,10015
-7.567113602391373e-12,-0.02,5.125,-0.33999999998079145,340.0,822.0,437.0,45.0,340.0,76.0,9.0,0.030000000000000002,5.0,0.025,0.016025641025641024,0.0,-0.04999999998835847,99999.95000000001,-0.17999999999999997,1.543724255530899,1.0,0.18,3.0,0.16499999999359716,1.6499983499376216e-06,0.0,1.427860696517413,0.0,-0.0024999999994179236,-0.009999999997671694,200.0,40.0,82.0,0.32000000000000006,microstructure_adaptive,0.0,0.0,5.0,50004
2.9103386367523854e-12,0.01,2.635,-1.0399999999831198,429.0,994.0,514.0,51.0,428.0,100.0,0.0,0.06,9.0,0.045,0.0225,0.0,-0.009999999980209395,99999.99000000002,0.05,2.394022406658319,1.0,0.99,3.0,0.07999999998719431,7.999997198720411e-07,17.0,2.1592039800995027,4.111111111111111,-0.0004999999990104697,-0.001111111108912155,200.0,22.22222222222222,83.0,0.05,naive_symmetric,0.0,0.0,9.0,90003
0.0,-0.009999999999999992,2.925,-0.2599999999947613,424.0,996.0,515.0,57.0,423.0,104.0,0.0,0.04,7.0,0.035,0.0175,0.0,-0.00999999999476131,99999.99,0.0,0.9436881178024825,1.0,0.33,1.0,0.03500000000349246,3.4999996503492805e-07,13.0,0.8905472636815921,2.5714285714285716,-0.0004999999997380655,-0.0014285714278230444,200.0,28.571428571428573,83.0,-0.03999999999999998,inventory_skew,0.0,0.0,7.0,70005
-6.984912648277941e-12,-0.01,27.955,-0.27999999999592545,438.0,1002.0,515.0,49.0,435.0,77.0,7.0,0.01,1.0,0.005,0.0025,0.0,-0.05000000000291038,99999.95,-0.07000000000000003,0.9874838622020375,1.0,0.26,1.0,0.1300000000046566,1.2999996750466474e-06,0.0,0.9751243781094527,0.0,-0.002500000000145519,-0.05000000000291038,200.0,200.0,83.0,0.05,avellaneda_stoikov,0.0,0.0,1.0,9997
1.4551915228366852e-11,-0.01,5.29,0.39999999999185093,329.0,806.0,428.0,49.0,329.0,84.0,0.0,0.030000000000000002,5.0,0.025,0.01644736842105263,0.0,-0.03999999999359716,99999.96,-3.469446951953614e-18,0.9463204468147677,1.0,-0.36,1.0,0.03500000000349246,3.500000000349246e-07,0.0,0.8955223880597015,0.0,-0.0019999999996798577,-0.00799999999871943,200.0,40.0,83.0,-0.05,microstructure_adaptive,0.0,0.0,5.0,50006
2.852207359183012e-11,-0.039999999999999994,2.57,2.250000000014552,417.0,978.0,510.0,51.0,417.0,113.0,5.0,0.16000000000000003,25.0,0.125,0.0625,0.0,-0.35999999995692633,99999.64000000004,-0.6099999999999999,4.258442010666454,2.0,-1.6400000000000001,9.0,0.7400000000052387,7.3999877900725325e-06,17.0,3.1691542288557213,3.84,-0.017999999997846315,-0.014399999998277053,200.0,8.0,84.0,-0.20000000000000004,naive_symmetric,0.0,0.0,25.0,250065
5.820677273504771e-12,-0.13,3.10625,1.4200000000337605,385.0,905.0,472.0,48.0,385.0,105.0,9.0,0.12000000000000001,18.0,0.09,0.05,0.0,0.2300000000395812,100000.23000000004,-0.1499999999999997,6.602426811483412,2.0,-1.32,10.0,1.4000000000087311,1.3999770403852686e-05,11.0,5.442786069651741,1.1111111111111112,0.01150000000197906,0.012777777779976733,200.0,11.11111111111111,84.0,0.3999999999999999,inventory_skew,0.0,0.19900497512437812,18.0,180075
0.0,0.0,28.835,0.0,440.0,1000.0,518.0,42.0,434.0,93.0,0.0,0.0,0.0,0.0,0.0,0.0,0.0,100000.0,0.0,0.0,0.0,0.0,0.0,0.0,0.0,0.0,0.0,0.0,0.0,0.0,200.0,0.0,84.0,0.0,avellaneda_stoikov,0.0,0.0,0.0,0
-4.074574011525556e-12,-0.04000000000000001,5.39,0.0600000000203727,322.0,782.0,407.0,53.0,322.0,102.0,18.0,0.06999999999999999,13.0,0.065,0.04391891891891892,0.0,-0.16999999998370185,99999.83000000002,-0.02000000000000001,1.0024844758788585,1.0,0.28,2.0,0.20499999998719431,2.0499999998719433e-06,0.0,0.8955223880597015,0.0,-0.008499999999185093,-0.013076923075669374,200.0,15.384615384615385,84.0,-0.42000000000000004,microstructure_adaptive,0.0,0.0,13.0,130057
5.238698363996264e-12,0.0,2.5,-0.3299999999935972,429.0,1000.0,522.0,49.0,429.0,86.0,0.0,0.02,3.0,0.015,0.0075,0.0,-0.04999999998835847,99999.95000000001,-0.009999999999999997,1.1970112033291596,1.0,0.23,2.0,0.08000000000174623,8.000000000174623e-07,9.0,1.1243781094527363,4.666666666666667,-0.0024999999994179236,-0.016666666662786156,200.0,66.66666666666667,85.0,0.08,naive_symmetric,0.0,0.0,3.0,30005
1.571598406968633e-11,0.0,2.845,-0.40000000001338765,428.0,996.0,526.0,42.0,428.0,82.0,0.0,0.04,7.0,0.035,0.0175,0.0,-0.059999999997671694,99999.94,-0.03,1.550156467788612,1.0,0.23,2.0,0.11000000000058208,1.1000000000058209e-06,15.0,1.3482587064676617,6.428571428571429,-0.0029999999998835845,-0.008571428571095956,200.0,28.571428571428573,85.0,0.17999999999999994,inventory_skew,0.0,0.0,7.0,70026
0.0,0.0,29.81,0.0,433.0,1000.0,519.0,48.0,431.0,84.0,0.0,0.0,0.0,0.0,0.0,0.0,0.0,100000.0,0.0,0.0,0.0,0.0,0.0,0.0,0.0,0.0,0.0,0.0,0.0,0.0,200.0,0.0,85.0,0.0,avellaneda_stoikov,0.0,0.0,0.0,0
1.9208523660552146e-11,0.03,5.31,-0.5100000000162981,331.0,794.0,413.0,50.0,331.0,91.0,35.0,0.030000000000000002,5.0,0.025,0.016778523489932886,0.0,0.05000000000291038,100000.05,0.13,1.3821894809301762,1.0,0.21,2.0,0.11999999999534339,1.199999219953941e-06,5.0,1.2238805970149254,1.0,0.002500000000145519,0.010000000000582076,200.0,40.0,85.0,0.25,microstructure_adaptive,0.0,0.0,5.0,50026
-1.6880608022518118e-11,0.09,2.36734693877551,-0.8099999999947612,267.0,679.0,360.0,52.0,265.0,106.0,35.0,0.16000000000000003,22.0,0.11,0.08835341365461848,0.0,-0.7000000000116415,99999.29999999999,-1.1899999999999997,8.97924638662075,3.0,0.81,10.0,1.584999999991851,1.5849869238497296e-05,7.0,8.417910447761194,0.6363636363636364,-0.03500000000058208,-0.03181818181871098,200.0,9.090909090909092,86.0,0.65,naive_symmetric,0.0,0.7512437810945274,22.0,220077
1.1642908859244017e-12,0.09999999999999999,2.98,-0.40000000000349245,416.0,979.0,512.0,51.0,413.0,107.0,42.0,0.13000000000000003,24.0,0.12,0.06,0.0,0.5599999999976717,100000.56,-0.28000000000000025,4.124312094005037,1.0,0.4,8.0,1.1999999999970896,1.1999904600729323e-05,8.0,3.656716417910448,0.75,0.027999999999883583,0.02333333333323632,200.0,8.333333333333334,86.0,0.9700000000000001,inventory_skew,0.0,0.0,24.0,240089
-1.3877787807814457e-17,-0.03,28.97,-0.07000000000349245,446.0,1000.0,526.0,28.0,440.0,47.0,6.0,0.02,3.0,0.015,0.0075,0.0,0.08999999999650754,100000.09,3.469446951953614e-18,1.0074350466081317,1.0,0.11,2.0,0.059999999997671694,5.999993699773785e-07,0.0,0.9950248756218906,0.0,0.004499999999825377,0.029999999998835847,200.0,66.66666666666667,86.0,0.07,avellaneda_stoikov,0.0,0.0,3.0,29999
-1.1639578190170141e-12,-0.05,5.61,-0.060000000011641484,282.0,728.0,383.0,63.0,282.0,120.0,38.0,0.12000000000000002,21.0,0.105,0.07692307692307693,0.0,0.07999999998719431,100000.07999999999,-0.4700000000000002,3.309116008274552,2.0,0.15000000000000002,5.0,1.110000000000582,1.1099896215976203e-05,7.0,3.1592039800995027,0.7142857142857143,0.003999999999359715,0.003809523808914015,200.0,9.523809523809524,86.0,0.58,microstructure_adaptive,0.0,0.0,21.0,209954
-2.9105606813573104e-12,0.030000000000000002,2.81,-1.4399999999848658,432.0,998.0,528.0,38.0,432.0,64.0,0.0,0.05,5.0,0.025,0.0125,0.0,-0.1899999999877764,99999.81000000001,-0.05,4.6009949172821,2.0,1.25,5.0,0.17499999998835847,1.7499999998835846e-06,5.0,4.402985074626866,1.6,-0.00949999999938882,-0.03799999999755528,200.0,40.0,87.0,0.1,naive_symmetric,0.0,0.0,5.0,49989
4.07454625594994e-12,0.04000000000000001,2.92,0.19999999999708962,422.0,992.0,530.0,40.0,422.0,69.0,13.0,0.04,8.0,0.04,0.02,0.0,-0.029999999998835847,99999.97,0.019999999999999997,0.9169493006161777,0.0,0.0,3.0,0.10499999999592546,1.0499999999592547e-06,13.0,0.35323383084577115,2.625,-0.0014999999999417923,-0.003749999999854481,200.0,25.0,87.0,-0.21,inventory_skew,0.0,0.0,8.0,79991
-9.313216864370588e-12,-0.019999999999999997,26.455,-0.36000000000174626,427.0,1000.0,526.0,47.0,423.0,90.0,13.0,0.03,3.0,0.015,0.0075,0.0,0.15999999998894054,100000.15999999999,-0.26,1.8701637462561789,1.0,0.54,3.0,0.3800000000046566,3.7999798601533073e-06,1.0,1.736318407960199,0.3333333333333333,0.007999999999447028,0.05333333332964685,200.0,66.66666666666667,87.0,0.27,avellaneda_stoikov,0.0,0.0,3.0,29945
1.1640688413194766e-12,0.01,5.265,-0.6400000000093132,339.0,803.0,416.0,48.0,339.0,90.0,7.0,0.03,4.0,0.02,0.013245033112582781,0.0,-0.04000000000814907,99999.95999999999,-0.030000000000000002,1.8148091740754613,1.0,0.52,2.0,0.08000000000174623,7.999996000176624e-07,0.0,1.7014925373134329,0.0,-0.0020000000004074536,-0.010000000002037268,200.0,50.0,87.0,0.14,microstructure_adaptive,0.0,0.0,4.0,39993
1.1641659858341313e-12,-0.01,2.565,-0.17999999999359717,437.0,1001.0,515.0,49.0,436.0,88.0,0.0,0.02,2.0,0.01,0.005,0.0,-0.069999999992433,99999.93000000001,-0.03,1.6436217744096215,1.0,0.1,2.0,0.059999999997671694,5.999999999767169e-07,8.0,1.5572139303482586,4.0,-0.0034999999996216504,-0.0349999999962165,200.0,100.0,88.0,0.06,naive_symmetric,0.0,0.0,2.0,19997
4.6564974098828316e-12,-3.469446951953614e-18,2.925,-0.14999999998079142,438.0,986.0,496.0,52.0,436.0,95.0,33.0,0.11000000000000001,17.0,0.085,0.0425,0.0,-0.48999999997613486,99999.51000000002,-0.36999999999999994,1.287134964916441,1.0,-0.1,4.0,0.4649999999819556,4.649999999819556e-06,9.0,1.109452736318408,2.5294117647058822,-0.024499999998806744,-0.028823529410360874,200.0,11.764705882352942,88.0,0.24000000000000002,inventory_skew,5.0,0.0,17.0,169999
-1.7462697954329087e-12,0.03,22.3768115942029,0.2500000000116416,314.0,750.0,403.0,33.0,310.0,63.0,1.0,0.030000000000000002,5.0,0.025,0.018115942028985508,0.0,0.1200000000098953,100000.12000000001,-0.08,0.9169493006161777,1.0,-0.23,1.0,0.16999999999825377,1.6999974499863627e-06,2.0,0.8407960199004975,0.4,0.006000000000494765,0.02400000000197906,200.0,40.0,88.0,0.21000000000000002,avellaneda_stoikov,0.0,0.0,5.0,50049
4.0745185003743245e-12,0.0,5.275,-0.13000000001338774,345.0,814.0,420.0,49.0,344.0,83.0,0.0,0.01,1.0,0.005,0.0032679738562091504,0.0,-0.010000000009313226,99999.98999999999,0.019999999999999997,0.9925092578236596,1.0,0.09,1.0,0.02500000000873115,2.499999625873171e-07,0.0,0.9850746268656716,0.0,-0.0005000000004656613,-0.010000000009313226,200.0,200.0,88.0,0.02,microstructure_adaptive,0.0,0.0,1.0,10000
8.14909251189988e-12,0.04,2.625,0.19999999998777646,434.0,994.0,514.0,46.0,434.0,86.0,1.0,0.06,9.0,0.045,0.0225,0.0,-0.020000000004074536,99999.98,0.039999999999999994,1.625358743409011,1.0,-0.54,3.0,0.055000000007566996,5.499998900756919e-07,4.0,1.1791044776119404,1.2222222222222223,-0.0010000000002037268,-0.0022222222226749486,200.0,22.22222222222222,89.0,0.33999999999999997,naive_symmetric,0.0,0.0,9.0,90006
9.313216864370588e-12,-0.029999999999999992,2.865,-0.09999999999068679,439.0,994.0,512.0,43.0,439.0,86.0,1.0,0.030000000000000002,6.0,0.03,0.015,0.0,0.02000000001862645,100000.02000000002,0.01,0.8195375470622296,0.0,0.0,1.0,0.024999999994179234,2.499999499418023e-07,9.0,0.6716417910447762,4.5,0.0010000000009313225,0.0033333333364377418,200.0,33.333333333333336,89.0,0.14,inventory_skew,0.0,0.0,6.0,60009
0.0,0.0,28.73,0.0,445.0,1000.0,511.0,44.0,439.0,79.0,0.0,0.0,0.0,0.0,0.0,0.0,0.0,100000.0,0.0,0.0,0.0,0.0,0.0,0.0,0.0,0.0,0.0,0.0,0.0,0.0,200.0,0.0,89.0,0.0,avellaneda_stoikov,0.0,0.0,0.0,0
-4.0745185003743245e-12,-0.11999999999999998,5.125,0.8099999999889406,329.0,791.0,418.0,44.0,329.0,89.0,31.0,0.06999999999999999,10.0,0.05,0.033444816053511704,0.0,-0.11000000001513399,99999.88999999998,-0.27,3.6392006120200855,1.0,-0.84,5.0,0.5500000000029104,5.499982125087197e-06,8.0,3.263681592039801,0.8,-0.0055000000007567,-0.0110000000015134,200.0,20.0,89.0,0.25999999999999995,microstructure_adaptive,0.0,0.0,10.0,99998
4.0745185003743245e-12,-0.1,2.575,-1.3399999999860301,433.0,991.0,517.0,41.0,433.0,91.0,26.0,0.07999999999999999,12.0,0.06,0.03,0.0,-0.08999999998195563,99999.91000000002,-0.22999999999999998,4.093436075654857,1.0,1.0,5.0,0.3049999999930151,3.049993289944913e-06,11.0,3.6218905472636815,2.5,-0.004499999999097781,-0.007499999998496302,200.0,16.666666666666668,90.0,0.56,naive_symmetric,0.0,0.0,12.0,120023
8.149037000748649e-12,-0.04,2.98,0.27999999999708963,441.0,1002.0,530.0,31.0,441.0,57.0,7.0,0.01,1.0,0.005,0.0025,0.0,-0.00999999999476131,99999.99,0.04,0.9696899027331813,1.0,-0.3,1.0,0.04499999999825377,4.499999999825377e-07,0.0,0.9402985074626866,0.0,-0.0004999999997380655,-0.00999999999476131,200.0,200.0,90.0,-0.02,inventory_skew,0.0,0.0,1.0,9999
0.0,0.0,29.11,0.0,442.0,1000.0,531.0,27.0,439.0,54.0,0.0,0.0,0.0,0.0,0.0,0.0,0.0,100000.0,0.0,0.0,0.0,0.0,0.0,0.0,0.0,0.0,0.0,0.0,0.0,0.0,200.0,0.0,90.0,0.0,avellaneda_stoikov,0.0,0.0,0.0,0
2.7755575615628914e-17,-0.060000000000000005,5.055,0.10000000000523868,348.0,830.0,441.0,41.0,348.0,83.0,14.0,0.030000000000000002,6.0,0.03,0.018867924528301886,0.0,-0.00999999999476131,99999.99,3.469446951953614e-18,0.5985056016645798,0.0,0.0,1.0,0.05000000000291038,4.999999750291051e-07,7.0,0.3582089552238806,2.1666666666666665,-0.0004999999997380655,-0.0016666666657935518,200.0,33.333333333333336,90.0,-0.08000000000000002,microstructure_adaptive,0.0,0.0,6.0,59994
9.313216864370588e-12,-0.03,2.815,1.099999999984284,432.0,996.0,517.0,47.0,432.0,83.0,9.0,0.04,7.0,0.035,0.0175,0.0,0.03999999999359716,100000.04,0.01,2.6504481926441326,1.0,0.17,3.0,0.125,1.2499992500004501e-06,12.0,2.3681592039800994,3.7142857142857144,0.0019999999996798577,0.005714285713371022,200.0,28.571428571428573,91.0,-1.2,naive_symmetric,0.0,0.0,7.0,69996
3.026801032035564e-11,0.0,2.89,0.44999999994994133,419.0,990.0,516.0,55.0,419.0,107.0,9.0,0.06999999999999999,13.0,0.065,0.0325,0.0,0.009999999980209395,100000.00999999998,-0.029999999999999992,1.2073572142436013,1.0,0.17,3.0,0.125,1.2499995000002003e-06,15.0,1.0099502487562189,3.5384615384615383,0.0004999999990104697,0.000769230767708415,200.0,15.384615384615385,91.0,-0.51,inventory_skew,0.0,0.0,13.0,129996
9.313216864370588e-12,-0.01,26.720812182741117,0.519999999993015,434.0,988.0,504.0,50.0,433.0,81.0,13.0,0.02,3.0,0.015,0.007614213197969543,0.0,0.1900000000023283,100000.19,0.01000000000000001,1.5242647685284583,1.0,-0.2,2.0,0.09999999999126885,9.999980499164913e-07,0.0,1.4179104477611941,0.0,0.009500000000116415,0.06333333333410944,200.0,66.66666666666667,91.0,-0.12,avellaneda_stoikov,0.0,0.0,3.0,29998
1.4552026250669314e-11,-0.010000000000000002,5.2639593908629445,0.5399999999877765,322.0,766.0,394.0,50.0,320.0,103.0,58.0,0.15000000000000005,29.0,0.145,0.09797297297297297,0.0,-0.059999999997671694,99999.94,-0.5000000000000002,2.1312645441647855,1.0,-0.27,4.0,0.6749999999883585,6.749983799922464e-06,4.0,1.7462686567164178,0.3448275862068966,-0.0029999999998835845,-0.002068965517161093,200.0,6.896551724137931,91.0,0.3200000000000001,microstructure_adaptive,0.0,0.0,29.0,289859
-2.502931195635938e-11,0.019999999999999997,2.745,-0.9599999999819556,438.0,997.0,518.0,41.0,436.0,71.0,21.0,0.060000000000000005,6.0,0.03,0.015,0.0,-0.3200000000069849,99999.68,-0.48,5.655534866559101,2.0,0.78,6.0,0.8649999999906868,8.649971022503943e-06,7.0,5.45771144278607,1.1666666666666667,-0.016000000000349245,-0.05333333333449749,200.0,33.333333333333336,92.0,0.39999999999999997,naive_symmetric,0.0,0.0,6.0,59962
-4.074574011525556e-12,0.03,2.965,-0.1299999999871943,437.0,996.0,521.0,38.0,434.0,60.0,38.0,0.04,7.0,0.035,0.0175,0.0,0.15000000000873115,100000.15000000001,-0.01999999999999999,1.1844767091956117,1.0,0.23,3.0,0.09999999999126885,9.999983499154112e-07,2.0,1.0845771144278606,0.2857142857142857,0.007500000000436558,0.021428571429818737,200.0,28.571428571428573,92.0,0.11,inventory_skew,0.0,0.0,7.0,69943
1.1641576591614466e-11,0.04000000000000001,28.473684210526315,0.3199999999912689,352.0,808.0,439.0,17.0,350.0,33.0,1.0,0.02,3.0,0.015,0.009868421052631578,0.0,0.05000000000291038,100000.05,-0.05000000000000003,0.9696899027331813,1.0,0.18,1.0,0.1299999999901047,1.299999089901684e-06,0.0,0.9402985074626866,0.0,0.002500000000145519,0.016666666667636793,200.0,66.66666666666667,92.0,-0.38,avellaneda_stoikov,0.0,0.0,3.0,29964
1.2805673188509559e-11,-0.01,5.465,-0.3199999999743886,351.0,827.0,434.0,42.0,350.0,81.0,12.0,0.04,4.0,0.02,0.012738853503184714,0.0,-0.23999999996158294,99999.76000000004,-0.58,3.8549573950191633,2.0,0.24,4.0,0.6149999999906868,6.149976629995672e-06,0.0,3.7661691542288556,0.0,-0.011999999998079148,-0.059999999990395736,200.0,50.0,92.0,0.45999999999999996,microstructure_adaptive,0.0,0.0,4.0,40000
-2.3283319716682627e-12,-0.030000000000000006,2.655,0.20999999998020946,429.0,985.0,502.0,54.0,429.0,96.0,55.0,0.11000000000000001,18.0,0.09,0.045,0.0,0.06999999997788109,100000.06999999998,0.06000000000000002,2.297521918322898,1.0,-0.28,4.0,0.17999999999301508,1.799997209934476e-06,5.0,2.0646766169154227,0.7222222222222222,0.0034999999988940544,0.0038888888876600605,200.0,11.11111111111111,93.0,0.18999999999999997,naive_symmetric,0.0,0.0,18.0,180056
-1.338781863147176e-11,0.049999999999999996,2.8,0.2000000000040746,426.0,986.0,513.0,47.0,426.0,90.0,37.0,0.06999999999999999,14.0,0.07,0.035,0.0,-0.010000000009313226,99999.98999999999,-0.030000000000000006,1.1329528187670652,0.0,0.0,4.0,0.22500000000582077,2.2499994375583485e-06,9.0,0.7960199004975125,1.0,-0.0005000000004656613,-0.0007142857149509447,200.0,14.285714285714286,93.0,-0.11,inventory_skew,0.0,0.0,14.0,140090
0.0,0.0,24.315,0.0,449.0,1000.0,521.0,30.0,449.0,61.0,0.0,0.0,0.0,0.0,0.0,0.0,0.0,100000.0,0.0,0.0,0.0,0.0,0.0,0.0,0.0,0.0,0.0,0.0,0.0,0.0,200.0,0.0,93.0,0.0,avellaneda_stoikov,0.0,0.0,0.0,0
1.7462142842816775e-12,-0.03,4.99,-0.019999999998835852,373.0,856.0,447.0,36.0,373.0,68.0,0.0,0.02,3.0,0.015,0.009146341463414634,0.0,0.05000000000291038,100000.05,0.08,1.0245736887999293,1.0,-0.08,2.0,0.05499999999301508,5.499996424303833e-07,0.0,1.0,0.0,0.002500000000145519,0.016666666667636793,200.0,66.66666666666667,93.0,0.09000000000000001,microstructure_adaptive,0.0,0.0,3.0,30001
-4.074601767101171e-12,-0.01,2.585,-0.09999999998544808,440.0,999.0,508.0,51.0,440.0,85.0,0.0,0.03,4.0,0.02,0.01,0.0,-0.01999999998952262,99999.98000000001,-0.2699999999999999,2.4947706501830837,1.0,-0.02,3.0,0.5099999999947613,5.099987249979488e-06,6.0,2.3233830845771144,2.5,-0.000999999999476131,-0.004999999997380655,200.0,50.0,94.0,0.39999999999999997,naive_symmetric,0.0,0.0,4.0,40001
-4.074532378162132e-12,-0.05,2.945,-0.12000000000116413,439.0,996.0,517.0,40.0,439.0,84.0,0.0,0.04,7.0,0.035,0.0175,0.0,0.00999999999476131,100000.01,-0.26999999999999996,2.321219442769799,1.0,-0.01,3.0,0.47999999999592546,4.799987519991702e-06,17.0,2.074626865671642,4.571428571428571,0.0004999999997380655,0.0014285714278230444,200.0,28.571428571428573,94.0,0.44999999999999996,inventory_skew,0.0,0.0,7.0,69999
0.0,0.0,30.905,0.0,436.0,1000.0,529.0,35.0,430.0,63.0,0.0,0.0,0.0,0.0,0.0,0.0,0.0,100000.0,0.0,0.0,0.0,0.0,0.0,0.0,0.0,0.0,0.0,0.0,0.0,0.0,200.0,0.0,94.0,0.0,avellaneda_stoikov,0.0,0.0,0.0,0
1.1641521080463235e-12,0.02,4.95,0.050000000002328314,373.0,864.0,455.0,36.0,373.0,60.0,0.0,0.03,3.0,0.015,0.009036144578313253,0.0,-0.08999999999650754,99999.91,-0.03,2.909924688293889,2.0,-0.06,3.0,0.10499999998137355,1.0499999998137354e-06,0.0,2.8358208955223883,0.0,-0.004499999999825377,-0.029999999998835847,200.0,66.66666666666667,94.0,-0.02,microstructure_adaptive,0.0,0.0,3.0,29997
-1.1641590469402274e-12,-0.03,2.825,0.030000000000000006,433.0,998.0,521.0,44.0,433.0,76.0,10.0,0.01,2.0,0.01,0.005,0.0,0.029999999998835847,100000.03,0.03,0.22304986837273527,0.0,0.0,1.0,0.014999999999417923,1.4999995499419273e-07,0.0,0.04975124378109453,0.0,0.0014999999999417923,0.014999999999417923,200.0,100.0,95.0,-0.019999999999999997,naive_symmetric,0.0,0.0,2.0,20002
-1.1641590469402274e-12,-0.03,2.855,0.030000000000000006,433.0,998.0,521.0,44.0,433.0,76.0,10.0,0.01,2.0,0.01,0.005,0.0,0.029999999998835847,100000.03,0.03,0.22304986837273527,0.0,0.0,1.0,0.014999999999417923,1.4999995499419273e-07,0.0,0.04975124378109453,0.0,0.0014999999999417923,0.014999999999417923,200.0,100.0,95.0,-0.019999999999999997,inventory_skew,0.0,0.0,2.0,20002
5.238670608420648e-12,-0.02,27.38,-0.2300000000093132,436.0,1002.0,522.0,44.0,433.0,84.0,7.0,0.01,1.0,0.005,0.0025,0.0,-0.020000000004074536,99999.98,-0.009999999999999997,0.995012437733208,1.0,0.21,1.0,0.03500000000349246,3.500000000349246e-07,10.0,0.9900497512437811,10.0,-0.0010000000002037268,-0.020000000004074536,200.0,200.0,95.0,0.02,avellaneda_stoikov,0.0,0.0,1.0,9998
1.1641354547009541e-11,0.06999999999999999,5.555555555555555,0.5699999999621652,287.0,715.0,390.0,38.0,287.0,104.0,47.0,0.07999999999999999,14.0,0.07,0.053231939163498096,0.0,0.29999999997380655,100000.29999999997,-0.049999999999999836,3.1099263320928965,1.0,-0.48,5.0,1.1499999999941792,1.1499854526782032e-05,2.0,2.6666666666666665,0.14285714285714285,0.014999999998690328,0.021428571426700467,200.0,14.285714285714286,95.0,0.3399999999999998,microstructure_adaptive,0.0,0.0,14.0,140072
6.984912648277941e-12,0.04,2.825,0.09999999997380657,419.0,990.0,526.0,45.0,418.0,85.0,28.0,0.049999999999999996,10.0,0.05,0.025,0.0,0.11999999998079147,100000.11999999998,0.06999999999999999,1.271579892450951,0.0,0.0,4.0,0.09000000001105946,8.999989201118906e-07,8.0,0.7313432835820896,2.2,0.005999999999039574,0.011999999998079148,200.0,20.0,96.0,0.0,naive_symmetric,0.0,0.0,10.0,99993
4.132749698015914e-11,0.039999999999999994,2.98,-0.24000000003376043,419.0,982.0,518.0,45.0,419.0,90.0,67.0,0.14,21.0,0.105,0.0525,0.0,-0.319999999992433,99999.68000000001,-0.44000000000000006,5.412809571995543,1.0,0.28,7.0,0.39500000000407454,3.949995655045525e-06,10.0,4.960199004975125,1.5238095238095237,-0.01599999999962165,-0.015238095237734905,200.0,9.523809523809524,96.0,0.22,inventory_skew,0.0,0.0,21.0,209927
0.0,0.0,22.67,0.0,448.0,1000.0,525.0,27.0,445.0,45.0,0.0,0.0,0.0,0.0,0.0,0.0,0.0,100000.0,0.0,0.0,0.0,0.0,0.0,0.0,0.0,0.0,0.0,0.0,0.0,0.0,200.0,0.0,96.0,0.0,avellaneda_stoikov,0.0,0.0,0.0,0
4.0745185003743245e-12,-0.03,4.89,0.15999999998137357,351.0,832.0,439.0,42.0,351.0,79.0,12.0,0.04,7.0,0.035,0.0220125786163522,0.0,-1.4551915228366852e-11,99999.99999999999,0.019999999999999997,0.903283121734238,1.0,-0.12,1.0,0.045000000012805685,4.4999982012812884e-07,2.0,0.8159203980099502,0.2857142857142857,-7.275957614183426e-13,-2.078845032623836e-12,200.0,28.571428571428573,96.0,-0.020000000000000004,microstructure_adaptive,0.0,0.0,7.0,69995
-5.3551163503584576e-11,-0.08,2.6145833333333335,-0.049999999912106324,391.0,946.0,504.0,51.0,389.0,129.0,81.0,0.2500000000000001,41.0,0.205,0.10459183673469388,0.0,0.9900000000343425,100000.99000000003,0.88,6.865444512790774,2.0,-0.54,10.0,0.6050000000250293,6.049937383398373e-06,20.0,6.318407960199005,2.024390243902439,0.04950000000171713,0.024146341464252256,200.0,4.878048780487805,97.0,0.9500000000000003,naive_symmetric,0.0,0.03980099502487562,41.0,410209
-1.0477230194538834e-11,-0.030000000000000013,2.925,0.46000000000873115,420.0,978.0,511.0,47.0,418.0,104.0,22.0,0.13000000000000003,25.0,0.125,0.0625,0.0,-0.33000000000174623,99999.67,-0.4800000000000001,3.440322789437408,1.0,0.01,7.0,0.6750000000029104,6.749983125071291e-06,14.0,2.691542288557214,2.16,-0.016500000000087313,-0.013200000000069849,200.0,8.0,97.0,-0.19000000000000003,inventory_skew,0.0,0.0,25.0,249934
5.820788295807233e-12,-0.01,29.969849246231156,-0.04000000001280567,436.0,998.0,514.0,48.0,432.0,85.0,1.0,0.01,1.0,0.005,0.002512562814070352,0.0,0.17999999999301508,100000.18,-0.15000000000000002,0.7158476171262105,1.0,0.02,1.0,0.40999999998894054,4.099986264935418e-06,0.0,0.5124378109452736,0.0,0.008999999999650754,0.17999999999301508,200.0,200.0,97.0,0.36,avellaneda_stoikov,0.0,0.0,1.0,9978
-1.0477396727992527e-11,-0.02,5.495,0.04000000001047739,325.0,784.0,406.0,53.0,325.0,105.0,0.0,0.02,4.0,0.02,0.013605442176870748,0.0,0.0,100000.0,0.019999999999999997,0.37984023873883366,0.0,0.0,1.0,0.01999999998952262,1.9999998989522674e-07,7.0,0.14427860696517414,1.75,0.0,0.0,200.0,50.0,97.0,-0.039999999999999994,microstructure_adaptive,0.0,0.0,4.0,40006
-1.6880052911005805e-11,0.019999999999999997,2.895,1.530000000016298,441.0,998.0,509.0,48.0,440.0,83.0,9.0,0.04,5.0,0.025,0.0125,0.0,-0.11000000000058208,99999.89,-0.19000000000000003,2.63633244417674,1.0,-1.59,4.0,0.27999999999883585,2.7999976199903812e-06,6.0,2.353233830845771,1.8,-0.005500000000029104,-0.022000000000116416,200.0,40.0,98.0,0.18,naive_symmetric,0.0,0.0,5.0,49991
-1.7462253865119237e-11,0.03,2.945,1.140000000015134,442.0,999.0,509.0,48.0,441.0,82.0,9.0,0.03,4.0,0.02,0.01,0.0,-0.1900000000023283,99999.81,-0.30000000000000004,1.8325416653445783,1.0,-1.12,3.0,0.34500000000116415,3.449997067514134e-06,6.0,1.63681592039801,1.5,-0.009500000000116415,-0.04750000000058208,200.0,50.0,98.0,0.12,inventory_skew,0.0,0.0,4.0,39990
2.3283597272438783e-12,0.0,28.02,-0.43000000001455196,441.0,1002.0,523.0,38.0,441.0,65.0,19.0,0.01,1.0,0.005,0.0025,0.0,-0.06000000001222361,99999.93999999999,-0.060000000000000026,0.9773555548504418,1.0,0.41000000000000003,1.0,0.1299999999901047,1.2999999349010504e-06,0.0,0.9552238805970149,0.0,-0.0030000000006111804,-0.06000000001222361,200.0,200.0,98.0,0.03,avellaneda_stoikov,0.0,0.0,1.0,10003
-2.910405250133863e-11,-1.734723475976807e-18,5.3,1.060000000031432,329.0,797.0,423.0,45.0,329.0,100.0,16.0,0.1,18.0,0.09,0.058823529411764705,0.0,-0.3099999999976717,99999.69,-1.75,2.2571059707475145,1.0,-1.0,4.0,1.3499999999912689,1.3499910900500745e-05,14.0,2.0199004975124377,2.3333333333333335,-0.015499999999883584,-0.01722222222209287,200.0,11.11111111111111,98.0,1.4800000000000004,microstructure_adaptive,0.0,0.0,18.0,180081
-2.6193380797678856e-11,-0.04,2.83,-0.7299999999674037,433.0,993.0,517.0,43.0,433.0,82.0,9.0,0.06999999999999999,10.0,0.05,0.025,0.0,-0.03999999999359716,99999.96,-0.45000000000000007,3.233069179341506,1.0,0.68,4.0,0.5099999999947613,5.099989289970104e-06,7.0,2.800995024875622,1.5,-0.0019999999996798577,-0.003999999999359715,200.0,20.0,99.0,0.5299999999999999,naive_symmetric,0.0,0.0,10.0,100001
0.0,-0.009999999999999998,2.95,-0.45999999998544805,443.0,998.0,512.0,43.0,443.0,86.0,0.0,0.030000000000000002,5.0,0.025,0.0125,0.0,1.4551915228366852e-11,100000.00000000001,0.0,0.9410484255889717,1.0,0.16,2.0,0.03999999999359716,3.9999995993597553e-07,7.0,0.835820895522388,2.2,7.275957614183426e-13,2.9103830456733705e-12,200.0,40.0,99.0,0.32999999999999996,inventory_skew,0.0,0.0,5.0,50002
0.0,0.0,25.46,0.0,448.0,1000.0,521.0,31.0,442.0,52.0,0.0,0.0,0.0,0.0,0.0,0.0,0.0,100000.0,0.0,0.0,0.0,0.0,0.0,0.0,0.0,0.0,0.0,0.0,0.0,0.0,200.0,0.0,99.0,0.0,avellaneda_stoikov,0.0,0.0,0.0,0
-4.07454625594994e-12,-0.03,5.09,0.14000000001047738,355.0,836.0,440.0,41.0,355.0,68.0,0.0,0.01,2.0,0.01,0.006289308176100629,0.0,-0.03999999999359716,99999.96,-0.02,0.4051902077760665,0.0,0.0,1.0,0.04499999999825377,4.499999999825377e-07,0.0,0.16417910447761194,0.0,-0.0019999999996798577,-0.01999999999679858,200.0,100.0,99.0,-0.15,microstructure_adaptive,0.0,0.0,2.0,19993
