fill_rate,final_pnl,latency_seconds,max_abs_inventory,max_drawdown,mean_abs_inventory,seed,strategy,volatility_ticks
0.13,0.46000000000640284,0.0,5.0,0.555000000007567,2.7512437810945274,0.0,naive_symmetric,2.0
0.105,0.3500000000203727,0.0,2.0,0.19999999999708962,1.4179104477611941,0.0,inventory_skew,2.0
0.05,0.35999999998603016,0.0,1.0,0.09999999999126885,0.6915422885572139,0.0,avellaneda_stoikov,2.0
0.08,0.3100000000267755,0.0,2.0,0.19999999999708962,1.3233830845771144,0.0,microstructure_adaptive,2.0
0.11,0.3799999999901047,0.0,3.0,0.19000000001688022,1.3134328358208955,1.0,naive_symmetric,2.0
0.11,0.4399999999732245,0.0,3.0,0.180000000007567,1.3134328358208955,1.0,inventory_skew,2.0
0.05,0.25,0.0,2.0,0.2400000000052387,1.2487562189054726,1.0,avellaneda_stoikov,2.0
0.1,0.4999999999854481,0.0,3.0,0.180000000007567,1.5621890547263682,1.0,microstructure_adaptive,2.0
0.13,0.5099999999511056,0.0,2.0,0.09500000000116415,0.8507462686567164,2.0,naive_symmetric,2.0
0.115,0.35999999998603016,0.0,3.0,0.17499999998835847,1.4975124378109452,2.0,inventory_skew,2.0
0.055,0.319999999992433,0.0,2.0,0.029999999998835847,0.32338308457711445,2.0,avellaneda_stoikov,2.0
0.12,0.6500000000087311,0.0,3.0,0.04000000000814907,0.736318407960199,2.0,microstructure_adaptive,2.0
0.135,0.39999999999417923,0.0,4.0,0.08999999999650754,1.3582089552238805,3.0,naive_symmetric,2.0
0.115,0.42999999997846317,0.0,3.0,0.10499999999592546,1.3980099502487562,3.0,inventory_skew,2.0
0.055,0.34000000001105946,0.0,3.0,0.08999999999650754,1.144278606965174,3.0,avellaneda_stoikov,2.0
0.105,0.3999999999796273,0.0,4.0,0.17999999999301508,2.009950248756219,3.0,microstructure_adaptive,2.0
0.135,0.03999999996449333,0.0,7.0,0.42499999998835847,3.9651741293532337,4.0,naive_symmetric,2.0
0.11,0.27999999998428393,0.0,2.0,0.07999999998719431,1.0796019900497513,4.0,inventory_skew,2.0
0.065,0.29999999998835847,0.0,3.0,0.08999999999650754,1.2935323383084578,4.0,avellaneda_stoikov,2.0
0.085,0.209999999977299,0.0,3.0,0.09500000000116415,1.2189054726368158,4.0,microstructure_adaptive,2.0
0.12,0.08000000001629815,0.0,7.0,0.17999999999301508,3.144278606965174,5.0,naive_symmetric,2.0
0.105,0.27000000003317837,0.0,4.0,0.11999999999534339,1.4776119402985075,5.0,inventory_skew,2.0
0.05,0.33000000000174623,0.0,2.0,0.04000000000814907,0.6517412935323383,5.0,avellaneda_stoikov,2.0
0.09,0.3600000000005821,0.0,3.0,0.09000000001105946,1.0348258706467661,5.0,microstructure_adaptive,2.0
0.125,-0.2300000000250293,0.0,5.0,0.39500000000407454,2.2039800995024876,6.0,naive_symmetric,2.0
0.1,-0.05999999996856786,0.0,3.0,0.28999999999359716,1.2686567164179106,6.0,inventory_skew,2.0
0.05,0.04999999998835847,0.0,2.0,0.1849999999976717,0.6268656716417911,6.0,avellaneda_stoikov,2.0
0.095,-0.03999999997904524,0.0,3.0,0.28999999999359716,0.9800995024875622,6.0,microstructure_adaptive,2.0
0.135,0.3899999999994179,0.0,3.0,0.1300000000046566,1.2985074626865671,7.0,naive_symmetric,2.0
0.125,0.3799999999755528,0.0,2.0,0.059999999997671694,0.9253731343283582,7.0,inventory_skew,2.0
0.04,0.15999999998894054,0.0,2.0,0.10000000000582077,0.6368159203980099,7.0,avellaneda_stoikov,2.0
0.105,0.36999999996623956,0.0,3.0,0.1200000000098953,1.0348258706467661,7.0,microstructure_adaptive,2.0
0.16,0.5000000000291038,0.0,4.0,0.16000000000349246,1.5820895522388059,8.0,naive_symmetric,2.0
0.145,0.4000000000523869,0.0,2.0,0.08000000000174623,0.9552238805970149,8.0,inventory_skew,2.0
0.06,0.5000000000145519,0.0,2.0,0.069999999992433,0.8407960199004975,8.0,avellaneda_stoikov,2.0
0.125,0.470000000030268,0.0,2.0,0.08000000000174623,0.8557213930348259,8.0,microstructure_adaptive,2.0
0.17,0.5200000000040745,0.0,4.0,0.08999999999650754,1.9253731343283582,9.0,naive_symmetric,2.0
0.15,0.7699999999749707,0.0,5.0,0.08999999999650754,1.3383084577114428,9.0,inventory_skew,2.0
0.075,0.7200000000011642,0.0,5.0,0.08999999999650754,1.3880597014925373,9.0,avellaneda_stoikov,2.0
0.135,0.6499999999505235,0.0,3.0,0.04000000000814907,1.0398009950248757,9.0,microstructure_adaptive,2.0
0.135,0.5599999999976717,0.0,4.0,0.04499999999825377,1.1144278606965174,10.0,naive_symmetric,2.0
0.12,0.5599999999831198,0.0,3.0,0.03999999999359716,1.0696517412935322,10.0,inventory_skew,2.0
0.055,0.23999999996158294,0.0,3.0,0.08000000000174623,0.9701492537313433,10.0,avellaneda_stoikov,2.0
0.1,0.459999999977299,0.0,3.0,0.03999999999359716,0.7164179104477612,10.0,microstructure_adaptive,2.0
0.19,0.25,0.0,5.0,0.16500000000814907,2.014925373134328,11.0,naive_symmetric,2.0
0.155,0.5899999999674037,0.0,2.0,0.04000000000814907,0.835820895522388,11.0,inventory_skew,2.0
0.08,0.4100000000180444,0.0,2.0,0.10000000000582077,0.9054726368159204,11.0,avellaneda_stoikov,2.0
0.135,0.6199999999662396,0.0,2.0,0.04000000000814907,0.7313432835820896,11.0,microstructure_adaptive,2.0
0.14,0.24999999998544808,0.0,8.0,0.5349999999889405,3.4079601990049753,12.0,naive_symmetric,2.0
0.12,0.41999999999825377,0.0,4.0,0.17999999999301508,1.6616915422885572,12.0,inventory_skew,2.0
0.035,0.15999999998894054,0.0,3.0,0.2449999999953434,1.0398009950248757,12.0,avellaneda_stoikov,2.0
0.1,0.3899999999703141,0.0,4.0,0.27499999999417923,1.8258706467661692,12.0,microstructure_adaptive,2.0
0.14,0.4200000000419095,0.0,2.0,0.03999999999359716,0.5373134328358209,13.0,naive_symmetric,2.0
0.14,0.4300000000366708,0.0,2.0,0.03999999999359716,0.5373134328358209,13.0,inventory_skew,2.0
0.06,0.3000000000029104,0.0,4.0,0.10499999999592546,1.3333333333333333,13.0,avellaneda_stoikov,2.0
0.11,0.4899999999906868,0.0,2.0,0.059999999997671694,0.835820895522388,13.0,microstructure_adaptive,2.0
0.11,0.27999999999883585,0.0,2.0,0.04499999999825377,0.8059701492537313,14.0,naive_symmetric,2.0
0.1,0.3000000000320142,0.0,3.0,0.08000000000174623,0.8606965174129353,14.0,inventory_skew,2.0
0.035,0.1899999999877764,0.0,1.0,0.05000000000291038,0.6965174129353234,14.0,avellaneda_stoikov,2.0
0.09,0.3100000000122236,0.0,2.0,0.04000000000814907,0.8656716417910447,14.0,microstructure_adaptive,2.0
0.12,0.2400000000197906,0.0,6.0,0.2400000000052387,2.4328358208955225,15.0,naive_symmetric,2.0
0.09,0.27000000001862645,0.0,4.0,0.16000000000349246,1.572139303482587,15.0,inventory_skew,2.0
0.045,0.24999999997089617,0.0,3.0,0.1200000000098953,0.7860696517412935,15.0,avellaneda_stoikov,2.0
0.085,0.33999999999650754,0.0,3.0,0.1200000000098953,1.5572139303482586,15.0,microstructure_adaptive,2.0
0.14,0.9600000000064028,0.0,8.0,0.28500000000349246,2.985074626865672,16.0,naive_symmetric,2.0
0.12,1.0499999999738066,0.0,4.0,0.16999999999825377,2.2786069651741294,16.0,inventory_skew,2.0
0.06,0.8600000000005821,0.0,3.0,0.07499999999708962,1.3980099502487562,16.0,avellaneda_stoikov,2.0
0.115,1.070000000006985,0.0,4.0,0.16500000000814907,2.109452736318408,16.0,microstructure_adaptive,2.0
0.125,0.3600000000005821,0.0,6.0,0.27499999999417923,3.009950248756219,17.0,naive_symmetric,2.0
0.105,0.27000000000407454,0.0,2.0,0.08000000000174623,0.6318407960199005,17.0,inventory_skew,2.0
0.03,0.09000000001105946,0.0,2.0,0.08000000000174623,0.43283582089552236,17.0,avellaneda_stoikov,2.0
0.085,0.3799999999755528,0.0,3.0,0.11999999999534339,1.0348258706467661,17.0,microstructure_adaptive,2.0
0.14,0.14999999999417923,0.0,9.0,0.305000000007567,5.263681592039801,18.0,naive_symmetric,2.0
0.115,0.06000000001222361,0.0,5.0,0.20000000001164153,2.084577114427861,18.0,inventory_skew,2.0
0.06,0.11999999999534339,0.0,3.0,0.11999999999534339,0.8606965174129353,18.0,avellaneda_stoikov,2.0
0.105,0.069999999992433,0.0,5.0,0.20000000001164153,2.1343283582089554,18.0,microstructure_adaptive,2.0
0.145,0.6600000000034925,0.0,3.0,0.03999999999359716,0.8407960199004975,19.0,naive_symmetric,2.0
0.13,0.7100000000064028,0.0,3.0,0.03999999999359716,1.0348258706467661,19.0,inventory_skew,2.0
0.03,0.29999999998835847,0.0,2.0,0.020000000004074536,0.3383084577114428,19.0,avellaneda_stoikov,2.0
0.095,0.5199999999895226,0.0,3.0,0.04000000000814907,0.9800995024875622,19.0,microstructure_adaptive,2.0
0.11,0.11000000004423782,0.0,7.0,0.41999999999825377,4.104477611940299,20.0,naive_symmetric,2.0
0.1,0.21000000002095476,0.0,5.0,0.27999999999883585,2.572139303482587,20.0,inventory_skew,2.0
0.03,0.09999999999126885,0.0,2.0,0.07000000000698492,0.5074626865671642,20.0,avellaneda_stoikov,2.0
0.095,0.3299999999871943,0.0,4.0,0.20999999999185093,1.7611940298507462,20.0,microstructure_adaptive,2.0
0.155,-0.04000000002270099,0.0,10.0,0.27999999999883585,2.91044776119403,21.0,naive_symmetric,2.0
0.13,0.3000000000320142,0.0,5.0,0.14500000000407454,1.6119402985074627,21.0,inventory_skew,2.0
0.04,-0.03999999999359716,0.0,5.0,0.20500000000174623,1.0845771144278606,21.0,avellaneda_stoikov,2.0
0.1,0.5800000000162981,0.0,5.0,0.08000000000174623,1.427860696517413,21.0,microstructure_adaptive,2.0
0.13,0.4499999999825377,0.0,8.0,0.5250000000087311,4.791044776119403,22.0,naive_symmetric,2.0
0.09,0.5199999999604188,0.0,3.0,0.04000000000814907,1.1890547263681592,22.0,inventory_skew,2.0
0.05,0.3999999999796273,0.0,2.0,0.04000000000814907,1.054726368159204,22.0,avellaneda_stoikov,2.0
0.085,0.5799999999726424,0.0,4.0,0.059999999997671694,1.8258706467661692,22.0,microstructure_adaptive,2.0
0.16,0.400000000037835,0.0,5.0,0.4599999999918509,2.746268656716418,23.0,naive_symmetric,2.0
0.13,0.39999999999417923,0.0,4.0,0.3399999999819556,1.5572139303482586,23.0,inventory_skew,2.0
0.055,0.34999999999126885,0.0,4.0,0.3099999999976717,2.288557213930348,23.0,avellaneda_stoikov,2.0
0.115,0.33000000003085006,0.0,4.0,0.3399999999819556,1.2885572139303483,23.0,microstructure_adaptive,2.0
0.15,0.6599999999889405,0.0,8.0,0.1850000000122236,2.1044776119402986,24.0,naive_symmetric,2.0
0.12,0.569999999992433,0.0,5.0,0.059999999997671694,0.9950248756218906,24.0,inventory_skew,2.0
0.05,0.33999999999650754,0.0,3.0,0.08000000000174623,0.6368159203980099,24.0,avellaneda_stoikov,2.0
0.095,0.4699999999720603,0.0,5.0,0.15499999999883585,1.9402985074626866,24.0,microstructure_adaptive,2.0
0.17,0.5800000000308501,0.0,4.0,0.07499999999708962,0.9900497512437811,25.0,naive_symmetric,2.0
0.16,0.6200000000389991,0.0,3.0,0.08000000000174623,0.9253731343283582,25.0,inventory_skew,2.0
0.045,0.430000000007567,0.0,2.0,0.08000000000174623,0.9303482587064676,25.0,avellaneda_stoikov,2.0
0.13,0.6699999999982538,0.0,3.0,0.08000000000174623,0.8805970149253731,25.0,microstructure_adaptive,2.0
0.17,0.5099999999947613,0.0,5.0,0.14999999999417923,1.626865671641791,26.0,naive_symmetric,2.0
0.175,0.6400000000285218,0.0,5.0,0.13999999999941792,1.5970149253731343,26.0,inventory_skew,2.0
0.08,0.43000000005122274,0.0,5.0,0.14999999999417923,1.1393034825870647,26.0,avellaneda_stoikov,2.0
0.135,0.6500000000087311,0.0,4.0,0.11999999999534339,1.0796019900497513,26.0,microstructure_adaptive,2.0
0.155,0.9400000000023283,0.0,5.0,0.15000000000873115,2.0199004975124377,27.0,naive_symmetric,2.0
0.12,0.41999999999825377,0.0,3.0,0.15000000000873115,1.0348258706467661,27.0,inventory_skew,2.0
0.035,0.4800000000104774,0.0,2.0,0.11000000000058208,1.0945273631840795,27.0,avellaneda_stoikov,2.0
0.105,0.4599999999918509,0.0,3.0,0.15000000000873115,0.9552238805970149,27.0,microstructure_adaptive,2.0
0.155,0.4900000000052387,0.0,9.0,0.33000000000174623,2.9800995024875623,28.0,naive_symmetric,2.0
0.125,0.5099999999947613,0.0,5.0,0.1349999999947613,1.8109452736318408,28.0,inventory_skew,2.0
0.065,0.7700000000040745,0.0,6.0,0.21499999999650754,2.8805970149253732,28.0,avellaneda_stoikov,2.0
0.1,0.5599999999831198,0.0,5.0,0.17499999998835847,2.3582089552238807,28.0,microstructure_adaptive,2.0
0.155,2.9103830456733704e-11,0.0,7.0,0.29499999998370185,2.3383084577114426,29.0,naive_symmetric,2.0
0.14,0.28999999999359716,0.0,4.0,0.1200000000098953,1.572139303482587,29.0,inventory_skew,2.0
0.07,0.17999999997846317,0.0,4.0,0.06000000001222361,0.9253731343283582,29.0,avellaneda_stoikov,2.0
0.12,0.2899999999499414,0.0,4.0,0.0650000000023283,1.2338308457711442,29.0,microstructure_adaptive,2.0
0.14,0.15000000000873115,0.1,6.0,0.22000000000116415,2.2686567164179103,0.0,naive_symmetric,2.0
0.115,0.25,0.1,4.0,0.12500000001455192,1.6119402985074627,0.0,inventory_skew,2.0
0.055,0.33000000000174623,0.1,1.0,0.09999999999126885,0.7611940298507462,0.0,avellaneda_stoikov,2.0
0.095,0.2500000000145519,0.1,4.0,0.11999999999534339,1.5323383084577114,0.0,microstructure_adaptive,2.0
0.14,0.35000000000582077,0.1,6.0,0.47500000000582077,3.442786069651741,1.0,naive_symmetric,2.0
0.125,0.3299999999871943,0.1,3.0,0.1900000000023283,1.1791044776119404,1.0,inventory_skew,2.0
0.06,0.1899999999877764,0.1,2.0,0.1200000000098953,1.0398009950248757,1.0,avellaneda_stoikov,2.0
0.105,0.3700000000098953,0.1,3.0,0.180000000007567,1.1492537313432836,1.0,microstructure_adaptive,2.0
0.14,-0.069999999992433,0.1,8.0,0.35000000000582077,3.1194029850746268,2.0,naive_symmetric,2.0
0.105,0.22999999998137355,0.1,4.0,0.1849999999976717,1.9751243781094527,2.0,inventory_skew,2.0
0.06,0.209999999977299,0.1,3.0,0.08999999999650754,0.9353233830845771,2.0,avellaneda_stoikov,2.0
0.1,0.08999999999650754,0.1,5.0,0.27500000000873115,2.8208955223880596,2.0,microstructure_adaptive,2.0
0.145,0.3199999999633292,0.1,6.0,0.22500000000582077,2.2388059701492535,3.0,naive_symmetric,2.0
0.12,0.41999999996914994,0.1,3.0,0.08000000000174623,1.0796019900497513,3.0,inventory_skew,2.0
0.055,0.3000000000029104,0.1,2.0,0.059999999997671694,0.945273631840796,3.0,avellaneda_stoikov,2.0
0.11,0.3399999999819556,0.1,4.0,0.10999999998603016,1.5024875621890548,3.0,microstructure_adaptive,2.0
0.14,-0.1200000000098953,0.1,10.0,0.6750000000029104,6.2288557213930345,4.0,naive_symmetric,2.0
0.1,0.1900000000023283,0.1,2.0,0.07999999998719431,1.154228855721393,4.0,inventory_skew,2.0
0.065,0.27999999998428393,0.1,3.0,0.08999999999650754,1.2935323383084578,4.0,avellaneda_stoikov,2.0
0.1,0.21999999998661224,0.1,2.0,0.059999999997671694,0.9651741293532339,4.0,microstructure_adaptive,2.0
0.13,-0.08999999999650754,0.1,7.0,0.28500000000349246,3.810945273631841,5.0,naive_symmetric,2.0
0.105,0.23999999999068677,0.1,4.0,0.11999999999534339,1.8706467661691542,5.0,inventory_skew,2.0
0.05,0.3000000000029104,0.1,2.0,0.055000000007566996,0.6517412935323383,5.0,avellaneda_stoikov,2.0
0.09,0.2500000000145519,0.1,4.0,0.11999999999534339,1.8855721393034826,5.0,microstructure_adaptive,2.0
0.155,-0.389999999984866,0.1,6.0,0.5449999999837019,3.6865671641791047,6.0,naive_symmetric,2.0
0.135,-0.069999999992433,0.1,4.0,0.2950000000128057,1.4129353233830846,6.0,inventory_skew,2.0
0.05,-0.0400000000372529,0.1,2.0,0.305000000007567,0.7661691542288557,6.0,avellaneda_stoikov,2.0
0.12,0.069999999992433,0.1,4.0,0.28500000000349246,1.1741293532338308,6.0,microstructure_adaptive,2.0
0.14,0.2699999999895226,0.1,4.0,0.19999999999708962,1.6517412935323383,7.0,naive_symmetric,2.0
0.13,0.3699999999953434,0.1,3.0,0.069999999992433,0.8606965174129353,7.0,inventory_skew,2.0
0.05,0.25,0.1,2.0,0.08000000000174623,0.7512437810945274,7.0,avellaneda_stoikov,2.0
0.09,0.28999999999359716,0.1,3.0,0.125,0.9601990049751243,7.0,microstructure_adaptive,2.0
0.17,0.4600000000500586,0.1,5.0,0.18499999998311978,2.3482587064676617,8.0,naive_symmetric,2.0
0.14,0.25000000005820766,0.1,3.0,0.09500000000116415,1.3034825870646767,8.0,inventory_skew,2.0
0.07,0.4499999999970896,0.1,2.0,0.069999999992433,0.9303482587064676,8.0,avellaneda_stoikov,2.0
0.125,0.14000000004307367,0.1,3.0,0.19999999999708962,1.36318407960199,8.0,microstructure_adaptive,2.0
0.175,0.6600000000180444,0.1,4.0,0.030000000013387762,0.8159203980099502,9.0,naive_symmetric,2.0
0.17,0.7100000000064028,0.1,3.0,0.029999999998835847,0.736318407960199,9.0,inventory_skew,2.0
0.08,0.6600000000034925,0.1,3.0,0.029999999998835847,0.47761194029850745,9.0,avellaneda_stoikov,2.0
0.15,0.8899999999557622,0.1,3.0,0.059999999997671694,1.263681592039801,9.0,microstructure_adaptive,2.0
0.135,0.3099999999976717,0.1,3.0,0.09500000000116415,1.1194029850746268,10.0,naive_symmetric,2.0
0.12,0.29999999998835847,0.1,3.0,0.08500000000640284,1.164179104477612,10.0,inventory_skew,2.0
0.06,0.27999999998428393,0.1,3.0,0.059999999997671694,0.6417910447761194,10.0,avellaneda_stoikov,2.0
0.09,0.05999999998311978,0.1,4.0,0.194999999992433,1.4328358208955223,10.0,microstructure_adaptive,2.0
0.195,0.5000000000145519,0.1,4.0,0.11499999999068677,1.2835820895522387,11.0,naive_symmetric,2.0
0.155,0.5200000000331784,0.1,3.0,0.10499999999592546,1.1691542288557213,11.0,inventory_skew,2.0
0.085,0.41999999996914994,0.1,2.0,0.10000000000582077,0.8159203980099502,11.0,avellaneda_stoikov,2.0
0.14,0.4100000000325963,0.1,2.0,0.10499999999592546,0.9154228855721394,11.0,microstructure_adaptive,2.0
0.16,0.19999999999708962,0.1,7.0,0.4549999999871943,2.7064676616915424,12.0,naive_symmetric,2.0
0.135,0.3600000000005821,0.1,5.0,0.28499999998894054,2.029850746268657,12.0,inventory_skew,2.0
0.04,0.20000000001164153,0.1,3.0,0.1849999999976717,0.9651741293532339,12.0,avellaneda_stoikov,2.0
0.125,0.40000000000873115,0.1,5.0,0.2749999999796273,2.0248756218905473,12.0,microstructure_adaptive,2.0
0.13,0.41999999999825377,0.1,4.0,0.11499999999068677,1.8955223880597014,13.0,naive_symmetric,2.0
0.115,0.4200000000128057,0.1,3.0,0.03999999999359716,0.835820895522388,13.0,inventory_skew,2.0
0.045,0.20000000001164153,0.1,3.0,0.11500000000523869,1.3233830845771144,13.0,avellaneda_stoikov,2.0
0.1,0.3700000000098953,0.1,2.0,0.059999999997671694,0.9054726368159204,13.0,microstructure_adaptive,2.0
0.115,0.2400000000052387,0.1,3.0,0.05000000000291038,0.9054726368159204,14.0,naive_symmetric,2.0
0.09,0.21000000003550667,0.1,2.0,0.05000000000291038,0.736318407960199,14.0,inventory_skew,2.0
0.035,0.1899999999877764,0.1,2.0,0.059999999997671694,1.0398009950248757,14.0,avellaneda_stoikov,2.0
0.09,0.3000000000174623,0.1,2.0,0.05000000000291038,0.7313432835820896,14.0,microstructure_adaptive,2.0
0.14,0.3200000000069849,0.1,5.0,0.16499999999359716,2.427860696517413,15.0,naive_symmetric,2.0
0.125,0.27000000001862645,0.1,6.0,0.20000000001164153,1.945273631840796,15.0,inventory_skew,2.0
0.045,0.2699999999749707,0.1,3.0,0.1200000000098953,0.7860696517412935,15.0,avellaneda_stoikov,2.0
0.1,0.29999999997380655,0.1,4.0,0.16000000000349246,1.7960199004975124,15.0,microstructure_adaptive,2.0
0.145,1.1200000000244472,0.1,7.0,0.3150000000023283,3.218905472636816,16.0,naive_symmetric,2.0
0.13,1.0399999999790452,0.1,4.0,0.1349999999947613,2.014925373134328,16.0,inventory_skew,2.0
0.08,0.8799999999901047,0.1,4.0,0.10499999999592546,1.6517412935323383,16.0,avellaneda_stoikov,2.0
0.13,1.0899999999819556,0.1,4.0,0.1349999999947613,2,16.0,microstructure_adaptive,2.0
0.14,0.3100000000267755,0.1,6.0,0.28499999998894054,3.288557213930348,17.0,naive_symmetric,2.0
0.12,0.2900000000372529,0.1,3.0,0.08000000000174623,1.109452736318408,17.0,inventory_skew,2.0
0.035,0.11000000000058208,0.1,2.0,0.08999999999650754,0.5074626865671642,17.0,avellaneda_stoikov,2.0
0.09,0.33000000000174623,0.1,3.0,0.08000000000174623,0.7164179104477612,17.0,microstructure_adaptive,2.0
0.155,0.1299999999901047,0.1,5.0,0.17500000000291038,2.4776119402985075,18.0,naive_symmetric,2.0
0.135,0.10999999998603016,0.1,4.0,0.125,1.5522388059701493,18.0,inventory_skew,2.0
0.055,0.069999999992433,0.1,2.0,0.09999999999126885,1.1940298507462686,18.0,avellaneda_stoikov,2.0
0.115,0.16999999998370185,0.1,4.0,0.125,1.4129353233830846,18.0,microstructure_adaptive,2.0
0.145,-0.010000000038417056,0.1,3.0,0.19000000001688022,1.5870646766169154,19.0,naive_symmetric,2.0
0.125,0.20000000001164153,0.1,2.0,0.059999999997671694,0.8059701492537313,19.0,inventory_skew,2.0
0.025,0.25,0.1,2.0,0.020000000004074536,0.373134328358209,19.0,avellaneda_stoikov,2.0
0.1,0.03999999997904524,0.1,2.0,0.1300000000046566,1.36318407960199,19.0,microstructure_adaptive,2.0
0.115,0.12000000002444722,0.1,9.0,0.5250000000087311,4.751243781094527,20.0,naive_symmetric,2.0
0.09,0.32000000003608875,0.1,4.0,0.20999999999185093,1.7611940298507462,20.0,inventory_skew,2.0
0.04,0.13999999999941792,0.1,4.0,0.21000000000640284,1.6119402985074627,20.0,avellaneda_stoikov,2.0
0.085,0.3000000000174623,0.1,4.0,0.20999999999185093,1.9054726368159205,20.0,microstructure_adaptive,2.0
0.165,0.3299999999871943,0.1,6.0,0.16500000000814907,2.442786069651741,21.0,naive_symmetric,2.0
0.145,0.4300000000221189,0.1,3.0,0.07000000000698492,0.9900497512437811,21.0,inventory_skew,2.0
0.055,-0.08999999999650754,0.1,2.0,0.305000000007567,1.3233830845771144,21.0,avellaneda_stoikov,2.0
0.11,0.5100000000238651,0.1,3.0,0.04000000000814907,0.746268656716418,21.0,microstructure_adaptive,2.0
0.13,0.5799999999871943,0.1,5.0,0.11500000000523869,2.144278606965174,22.0,naive_symmetric,2.0
0.11,0.5699999999633292,0.1,3.0,0.04000000000814907,1.1691542288557213,22.0,inventory_skew,2.0
0.035,0.25,0.1,1.0,0.05000000000291038,0.8109452736318408,22.0,avellaneda_stoikov,2.0
0.1,0.5299999999551801,0.1,3.0,0.08500000000640284,1.427860696517413,22.0,microstructure_adaptive,2.0
0.17,0.3399999999819556,0.1,4.0,0.3399999999819556,1.8507462686567164,23.0,naive_symmetric,2.0
0.15,0.23999999999068677,0.1,3.0,0.22000000000116415,1.3930348258706469,23.0,inventory_skew,2.0
0.07,0.33999999999650754,0.1,4.0,0.3000000000029104,1.5572139303482586,23.0,avellaneda_stoikov,2.0
0.135,0.22000000000116415,0.1,3.0,0.22000000000116415,1.228855721393035,23.0,microstructure_adaptive,2.0
0.16,0.6000000000203727,0.1,4.0,0.10500000001047738,1.6616915422885572,24.0,naive_symmetric,2.0
0.14,0.5299999999988358,0.1,5.0,0.059999999997671694,1.243781094527363,24.0,inventory_skew,2.0
0.06,0.3600000000005821,0.1,3.0,0.08000000000174623,0.8407960199004975,24.0,avellaneda_stoikov,2.0
0.11,0.4899999999906868,0.1,5.0,0.13999999999941792,1.6069651741293531,24.0,microstructure_adaptive,2.0
0.19,0.6300000000337604,0.1,5.0,0.13999999999941792,2.353233830845771,25.0,naive_symmetric,2.0
0.175,0.7500000000291038,0.1,3.0,0.03999999999359716,0.8059701492537313,25.0,inventory_skew,2.0
0.05,0.47000000001571607,0.1,2.0,0.08000000000174623,0.736318407960199,25.0,avellaneda_stoikov,2.0
0.14,0.5700000000215368,0.1,2.0,0.09500000000116415,1,25.0,microstructure_adaptive,2.0
0.18,0.180000000007567,0.1,8.0,0.6100000000005821,4.253731343283582,26.0,naive_symmetric,2.0
0.15,0.4300000000221189,0.1,4.0,0.16000000000349246,1.1791044776119404,26.0,inventory_skew,2.0
0.065,0.3800000000046566,0.1,5.0,0.14999999999417923,1.36318407960199,26.0,avellaneda_stoikov,2.0
0.12,0.5700000000069849,0.1,4.0,0.11999999999534339,1.2238805970149254,26.0,microstructure_adaptive,2.0
0.14,0.5000000000291038,0.1,2.0,0.08499999997729901,1.054726368159204,27.0,naive_symmetric,2.0
0.13,0.5799999999871943,0.1,3.0,0.16499999999359716,1.2935323383084578,27.0,inventory_skew,2.0
0.05,0.5599999999976717,0.1,2.0,0.09500000000116415,0.945273631840796,27.0,avellaneda_stoikov,2.0
0.115,0.6600000000034925,0.1,3.0,0.16499999999359716,1.3233830845771144,27.0,microstructure_adaptive,2.0
0.155,0.5899999999819556,0.1,10.0,0.33500000000640284,4.019900497512438,28.0,naive_symmetric,2.0
0.14,0.5599999999831198,0.1,5.0,0.14999999999417923,2.1393034825870645,28.0,inventory_skew,2.0
0.07,0.6300000000046566,0.1,5.0,0.17499999998835847,2.328358208955224,28.0,avellaneda_stoikov,2.0
0.125,0.5099999999947613,0.1,5.0,0.139999999984866,1.9203980099502487,28.0,microstructure_adaptive,2.0
0.155,0.08999999998195563,0.1,6.0,0.235000000015134,1.7810945273631842,29.0,naive_symmetric,2.0
0.135,0.27000000000407454,0.1,4.0,0.07000000000698492,1.2885572139303483,29.0,inventory_skew,2.0
0.06,0.11000000000058208,0.1,5.0,0.09500000000116415,1.4577114427860696,29.0,avellaneda_stoikov,2.0
0.115,0.2599999999802094,0.1,4.0,0.07000000000698492,1.1791044776119404,29.0,microstructure_adaptive,2.0
0.14,0.11000000000058208,0.3,5.0,0.3749999999854481,2.7064676616915424,0.0,naive_symmetric,2.0
0.145,0.2699999999895226,0.3,5.0,0.27999999998428393,2.4975124378109452,0.0,inventory_skew,2.0
0.06,0.26000000002386514,0.3,3.0,0.09999999999126885,0.9203980099502488,0.0,avellaneda_stoikov,2.0
0.125,0.180000000007567,0.3,5.0,0.16999999999825377,2.1144278606965172,0.0,microstructure_adaptive,2.0
0.17,0.5100000000238651,0.3,7.0,0.2649999999994179,2.3134328358208953,1.0,naive_symmetric,2.0
0.135,0.25000000002910383,0.3,3.0,0.10500000001047738,0.736318407960199,1.0,inventory_skew,2.0
0.065,0.209999999977299,0.3,2.0,0.14500000001862645,0.6567164179104478,1.0,avellaneda_stoikov,2.0
0.12,0.33000000001629815,0.3,3.0,0.09000000001105946,0.7064676616915423,1.0,microstructure_adaptive,2.0
0.14,0.1299999999901047,0.3,4.0,0.28500000000349246,2.2935323383084576,2.0,naive_symmetric,2.0
0.13,0.3299999999871943,0.3,3.0,0.1849999999976717,1.3532338308457712,2.0,inventory_skew,2.0
0.065,0.14999999997962732,0.3,3.0,0.08999999999650754,0.9552238805970149,2.0,avellaneda_stoikov,2.0
0.12,0.3999999999796273,0.3,3.0,0.1849999999976717,1.318407960199005,2.0,microstructure_adaptive,2.0
0.17,0.3999999999796273,0.3,4.0,0.10500000001047738,1.4776119402985075,3.0,naive_symmetric,2.0
0.165,0.5199999999895226,0.3,3.0,0.08500000000640284,1.2686567164179106,3.0,inventory_skew,2.0
0.07,0.3999999999796273,0.3,2.0,0.059999999997671694,1.0597014925373134,3.0,avellaneda_stoikov,2.0
0.14,0.42999999997846317,0.3,4.0,0.11999999999534339,1.592039800995025,3.0,microstructure_adaptive,2.0
0.165,0.04999999998835847,0.3,9.0,0.3899999999994179,4.825870646766169,4.0,naive_symmetric,2.0
0.125,0.2599999999947613,0.3,4.0,0.14499999998952262,1.8507462686567164,4.0,inventory_skew,2.0
0.065,0.28999999999359716,0.3,2.0,0.04000000000814907,0.6119402985074627,4.0,avellaneda_stoikov,2.0
0.1,0.2599999999947613,0.3,4.0,0.14499999998952262,1.691542288557214,4.0,microstructure_adaptive,2.0
0.135,-0.28000000001338776,0.3,10.0,0.5399999999935972,5.477611940298507,5.0,naive_symmetric,2.0
0.115,0.13000000003376044,0.3,5.0,0.11999999999534339,2.1393034825870645,5.0,inventory_skew,2.0
0.05,0.2400000000052387,0.3,2.0,0.0650000000023283,0.4228855721393035,5.0,avellaneda_stoikov,2.0
0.11,0.020000000047730282,0.3,6.0,0.17999999999301508,3.0398009950248754,5.0,microstructure_adaptive,2.0
0.14,-0.5199999999749707,0.3,6.0,0.6449999999749707,4.034825870646766,6.0,naive_symmetric,2.0
0.12,-0.029999999998835847,0.3,4.0,0.2600000000093132,1.2189054726368158,6.0,inventory_skew,2.0
0.05,-0.15999999998894054,0.3,3.0,0.27999999999883585,1.6517412935323383,6.0,avellaneda_stoikov,2.0
0.11,-0.1800000000221189,0.3,5.0,0.39500000001862645,1.507462686567164,6.0,microstructure_adaptive,2.0
0.14,0.3399999999819556,0.3,2.0,0.07999999998719431,0.7014925373134329,7.0,naive_symmetric,2.0
0.13,0.3799999999901047,0.3,2.0,0.069999999992433,0.7960199004975125,7.0,inventory_skew,2.0
0.055,0.27000000000407454,0.3,3.0,0.11500000000523869,1.064676616915423,7.0,avellaneda_stoikov,2.0
0.105,0.25999999995110556,0.3,3.0,0.07500000001164153,1.044776119402985,7.0,microstructure_adaptive,2.0
0.2,0.4300000000366708,0.3,5.0,0.15000000000873115,2.4477611940298507,8.0,naive_symmetric,2.0
0.175,0.17000000004190952,0.3,3.0,0.16499999999359716,1.0298507462686568,8.0,inventory_skew,2.0
0.085,0.4200000000128057,0.3,2.0,0.069999999992433,0.5970149253731343,8.0,avellaneda_stoikov,2.0
0.14,0.27000000003317837,0.3,3.0,0.10000000000582077,1.0099502487562189,8.0,microstructure_adaptive,2.0
0.175,0.389999999984866,0.3,3.0,0.07499999999708962,1.4825870646766168,9.0,naive_symmetric,2.0
0.16,0.5200000000186265,0.3,2.0,0.020000000004074536,0.527363184079602,9.0,inventory_skew,2.0
0.09,0.7400000000052387,0.3,2.0,0.01999999998952262,0.4577114427860697,9.0,avellaneda_stoikov,2.0
0.135,0.7400000000052387,0.3,2.0,0.029999999998835847,0.8009950248756219,9.0,microstructure_adaptive,2.0
0.14,0.02999999998428393,0.3,5.0,0.22499999999126885,2.08955223880597,10.0,naive_symmetric,2.0
0.14,0.12999999996100087,0.3,5.0,0.180000000007567,2.08955223880597,10.0,inventory_skew,2.0
0.065,0.19999999999708962,0.3,4.0,0.08000000000174623,0.9751243781094527,10.0,avellaneda_stoikov,2.0
0.125,0.04999999997380655,0.3,5.0,0.22000000000116415,2.0398009950248754,10.0,microstructure_adaptive,2.0
0.205,-0.5299999999842839,0.3,10.0,0.75,4.044776119402985,11.0,naive_symmetric,2.0
0.165,0.08000000001629815,0.3,4.0,0.18499999998311978,2.0248756218905473,11.0,inventory_skew,2.0
0.09,0.40999999998894054,0.3,3.0,0.08000000000174623,0.9950248756218906,11.0,avellaneda_stoikov,2.0
0.15,0.2699999999749707,0.3,3.0,0.08499999999185093,1.4477611940298507,11.0,microstructure_adaptive,2.0
0.16,0.12000000003899913,0.3,9.0,0.7349999999860302,4.208955223880597,12.0,naive_symmetric,2.0
0.13,0.3000000000174623,0.3,5.0,0.3099999999976717,2.4776119402985075,12.0,inventory_skew,2.0
0.035,0.19999999999708962,0.3,1.0,0.069999999992433,0.3880597014925373,12.0,avellaneda_stoikov,2.0
0.105,0.47000000000116415,0.3,4.0,0.23499999998603016,2.044776119402985,12.0,microstructure_adaptive,2.0
0.125,0.07000000000698492,0.3,5.0,0.20000000001164153,1.3880597014925373,13.0,naive_symmetric,2.0
0.105,0.08000000000174623,0.3,2.0,0.10500000001047738,0.7164179104477612,13.0,inventory_skew,2.0
0.05,0.23000000001047738,0.3,2.0,0.10499999999592546,0.8805970149253731,13.0,avellaneda_stoikov,2.0
0.085,0.2500000000145519,0.3,1.0,0.03999999999359716,0.38308457711442784,13.0,microstructure_adaptive,2.0
0.11,0.27999999999883585,0.3,3.0,0.055000000007566996,0.8905472636815921,14.0,naive_symmetric,2.0
0.095,0.23999999999068677,0.3,2.0,0.08500000000640284,0.7711442786069652,14.0,inventory_skew,2.0
0.035,0.23999999999068677,0.3,2.0,0.08000000000174623,0.8656716417910447,14.0,avellaneda_stoikov,2.0
0.085,0.319999999992433,0.3,2.0,0.03999999999359716,0.6368159203980099,14.0,microstructure_adaptive,2.0
0.15,0.22000000001571607,0.3,6.0,0.23500000000058208,2.582089552238806,15.0,naive_symmetric,2.0
0.125,0.2900000000081491,0.3,4.0,0.16000000000349246,2.1144278606965172,15.0,inventory_skew,2.0
0.045,0.3000000000174623,0.3,3.0,0.1200000000098953,0.7860696517412935,15.0,avellaneda_stoikov,2.0
0.11,0.29999999998835847,0.3,4.0,0.16000000000349246,1.9601990049751243,15.0,microstructure_adaptive,2.0
0.16,0.2800000000570435,0.3,2.0,0.09499999998661224,0.6069651741293532,16.0,naive_symmetric,2.0
0.15,0.4300000000221189,0.3,2.0,0.0650000000023283,0.6069651741293532,16.0,inventory_skew,2.0
0.05,0.3199999999778811,0.3,4.0,0.06500000001688022,0.8656716417910447,16.0,avellaneda_stoikov,2.0
0.135,0.6300000000046566,0.3,3.0,0.14999999999417923,0.9502487562189055,16.0,microstructure_adaptive,2.0
0.135,0.279999999969732,0.3,3.0,0.059999999997671694,1.0248756218905473,17.0,naive_symmetric,2.0
0.105,0.180000000007567,0.3,3.0,0.069999999992433,0.7960199004975125,17.0,inventory_skew,2.0
0.06,0.32000000003608875,0.3,2.0,0.08999999999650754,0.6666666666666666,17.0,avellaneda_stoikov,2.0
0.085,0.23999999997613486,0.3,2.0,0.059999999997671694,0.5472636815920398,17.0,microstructure_adaptive,2.0
0.16,0.15999999998894054,0.3,10.0,0.3600000000005821,6.218905472636816,18.0,naive_symmetric,2.0
0.14,0.10999999997147825,0.3,6.0,0.20000000001164153,2.6417910447761193,18.0,inventory_skew,2.0
0.045,0.0,0.3,3.0,0.14999999999417923,1.8109452736318408,18.0,avellaneda_stoikov,2.0
0.11,0.15999999997438863,0.3,5.0,0.21499999999650754,2.5771144278606966,18.0,microstructure_adaptive,2.0
0.155,-0.44000000004598405,0.3,5.0,0.5650000000314321,3.0497512437810945,19.0,naive_symmetric,2.0
0.14,0.08000000001629815,0.3,4.0,0.15499999999883585,1.7263681592039801,19.0,inventory_skew,2.0
0.04,0.180000000007567,0.3,2.0,0.08000000000174623,0.7263681592039801,19.0,avellaneda_stoikov,2.0
0.12,-0.02999999998428393,0.3,3.0,0.24499999998079147,1.756218905472637,19.0,microstructure_adaptive,2.0
0.13,0.17000000001280569,0.3,8.0,0.41000000000349246,3.7960199004975124,20.0,naive_symmetric,2.0
0.105,0.3099999999976717,0.3,5.0,0.2500000000145519,2.398009950248756,20.0,inventory_skew,2.0
0.035,-0.010000000009313226,0.3,5.0,0.28000000001338776,2.582089552238806,20.0,avellaneda_stoikov,2.0
0.085,0.3700000000098953,0.3,4.0,0.21500000001105946,2.1393034825870645,20.0,microstructure_adaptive,2.0
0.165,-0.46000000000640284,0.3,10.0,0.6349999999947613,4.7164179104477615,21.0,naive_symmetric,2.0
0.145,-0.2400000000197906,0.3,6.0,0.5650000000023283,2.442786069651741,21.0,inventory_skew,2.0
0.055,-0.20000000001164153,0.3,4.0,0.34500000001571607,1.6119402985074627,21.0,avellaneda_stoikov,2.0
0.12,-0.1300000000046566,0.3,5.0,0.46000000000640284,2.3034825870646767,21.0,microstructure_adaptive,2.0
0.135,0.5200000000040745,0.3,3.0,0.04000000000814907,1.6517412935323383,22.0,naive_symmetric,2.0
0.105,0.24999999998544808,0.3,2.0,0.05000000000291038,0.6567164179104478,22.0,inventory_skew,2.0
0.035,0.23999999999068677,0.3,1.0,0.05000000000291038,0.8109452736318408,22.0,avellaneda_stoikov,2.0
0.09,0.3399999999382999,0.3,2.0,0.05000000000291038,0.5870646766169154,22.0,microstructure_adaptive,2.0
0.165,-0.1200000000098953,0.3,5.0,0.35000000000582077,1.8109452736318408,23.0,naive_symmetric,2.0
0.155,0.01999999998952262,0.3,4.0,0.21500000001105946,1.2686567164179106,23.0,inventory_skew,2.0
0.065,0.17000000001280569,0.3,2.0,0.08999999999650754,0.7412935323383084,23.0,avellaneda_stoikov,2.0
0.13,0.10000000000582077,0.3,3.0,0.19999999999708962,1.1741293532338308,23.0,microstructure_adaptive,2.0
0.17,0.5699999999633292,0.3,4.0,0.10000000002037268,1.4029850746268657,24.0,naive_symmetric,2.0
0.15,0.529999999969732,0.3,3.0,0.05499999999301508,0.6318407960199005,24.0,inventory_skew,2.0
0.07,0.5100000000093132,0.3,3.0,0.069999999992433,1.0348258706467661,24.0,avellaneda_stoikov,2.0
0.12,0.47999999999592546,0.3,2.0,0.04000000000814907,0.44776119402985076,24.0,microstructure_adaptive,2.0
0.195,0.6099999999860302,0.3,3.0,0.04499999999825377,0.945273631840796,25.0,naive_symmetric,2.0
0.18,0.7500000000291038,0.3,4.0,0.059999999997671694,0.9353233830845771,25.0,inventory_skew,2.0
0.055,0.4100000000180444,0.3,2.0,0.10499999999592546,0.8109452736318408,25.0,avellaneda_stoikov,2.0
0.12,0.470000000030268,0.3,3.0,0.1849999999976717,1.243781094527363,25.0,microstructure_adaptive,2.0
0.18,-0.10000000002037268,0.3,11.0,0.9999999999854481,6.009950248756219,26.0,naive_symmetric,2.0
0.14,0.24999999997089617,0.3,5.0,0.2599999999947613,1.935323383084577,26.0,inventory_skew,2.0
0.08,0.4499999999679858,0.3,4.0,0.14999999999417923,1.0497512437810945,26.0,avellaneda_stoikov,2.0
0.145,0.21999999998661224,0.3,6.0,0.39999999999417923,2.7860696517412937,26.0,microstructure_adaptive,2.0
0.12,0.8100000000122236,0.3,6.0,0.4299999999930151,3.199004975124378,27.0,naive_symmetric,2.0
0.11,0.7100000000209548,0.3,5.0,0.3349999999918509,2.45771144278607,27.0,inventory_skew,2.0
0.065,0.7999999999883585,0.3,3.0,0.10000000000582077,1.4477611940298507,27.0,avellaneda_stoikov,2.0
0.105,0.6799999999930151,0.3,4.0,0.28999999999359716,1.9154228855721394,27.0,microstructure_adaptive,2.0
0.165,0.5500000000029104,0.3,10.0,0.33000000000174623,4.487562189054726,28.0,naive_symmetric,2.0
0.155,0.5500000000029104,0.3,7.0,0.180000000007567,2.601990049751244,28.0,inventory_skew,2.0
0.065,0.569999999992433,0.3,4.0,0.08999999999650754,1.4427860696517414,28.0,avellaneda_stoikov,2.0
0.135,0.6399999999994179,0.3,5.0,0.139999999984866,2.4228855721393034,28.0,microstructure_adaptive,2.0
0.195,-0.07000000000698492,0.3,10.0,0.5200000000040745,4.029850746268656,29.0,naive_symmetric,2.0
0.17,0.09999999997671694,0.3,5.0,0.19000000001688022,2.1940298507462686,29.0,inventory_skew,2.0
0.055,0.0,0.3,6.0,0.14000000001396984,1.0796019900497513,29.0,avellaneda_stoikov,2.0
0.145,0.21999999998661224,0.3,4.0,0.11500000000523869,1.5870646766169154,29.0,microstructure_adaptive,2.0
0.145,-0.1299999999901047,0.5,8.0,0.4399999999877764,3.144278606965174,0.0,naive_symmetric,2.0
0.155,0.060000000026775524,0.5,6.0,0.3349999999918509,3.099502487562189,0.0,inventory_skew,2.0
0.08,0.17000000001280569,0.5,3.0,0.19999999999708962,1.407960199004975,0.0,avellaneda_stoikov,2.0
0.135,0.11000000002968591,0.5,5.0,0.29499999998370185,3.0696517412935322,0.0,microstructure_adaptive,2.0
0.16,0.6199999999953434,0.5,8.0,0.35000000000582077,3.3034825870646767,1.0,naive_symmetric,2.0
0.155,0.46000000000640284,0.5,7.0,0.2449999999953434,2.189054726368159,1.0,inventory_skew,2.0
0.06,0.2900000000081491,0.5,3.0,0.2400000000052387,1.373134328358209,1.0,avellaneda_stoikov,2.0
0.115,0.47999999999592546,0.5,6.0,0.24500000002444722,2.054726368159204,1.0,microstructure_adaptive,2.0
0.16,-0.1900000000023283,0.5,6.0,0.3600000000005821,2.8059701492537314,2.0,naive_symmetric,2.0
0.15,0.0799999999726424,0.5,4.0,0.29499999999825377,1.900497512437811,2.0,inventory_skew,2.0
0.09,0.10999999995692633,0.5,4.0,0.16499999999359716,1.756218905472637,2.0,avellaneda_stoikov,2.0
0.13,0.20999999999185093,0.5,4.0,0.28500000000349246,1.7462686567164178,2.0,microstructure_adaptive,2.0
0.155,0.33999999999650754,0.5,4.0,0.15499999999883585,2.0696517412935322,3.0,naive_symmetric,2.0
0.14,0.35999999998603016,0.5,3.0,0.10500000001047738,1.208955223880597,3.0,inventory_skew,2.0
0.085,0.3099999999831198,0.5,3.0,0.09500000000116415,1.5970149253731343,3.0,avellaneda_stoikov,2.0
0.125,0.22999999998137355,0.5,6.0,0.19500000000698492,2.1144278606965172,3.0,microstructure_adaptive,2.0
0.135,0.08000000000174623,0.5,8.0,0.39999999999417923,4.014925373134329,4.0,naive_symmetric,2.0
0.12,0.1700000000273576,0.5,5.0,0.139999999984866,1.5820895522388059,4.0,inventory_skew,2.0
0.065,0.319999999992433,0.5,2.0,0.04000000000814907,0.7213930348258707,4.0,avellaneda_stoikov,2.0
0.105,0.3099999999831198,0.5,4.0,0.139999999984866,1.3482587064676617,4.0,microstructure_adaptive,2.0
0.135,-0.46000000002095476,0.5,10.0,0.5049999999901047,5.706467661691542,5.0,naive_symmetric,2.0
0.14,-0.09000000001105946,0.5,6.0,0.22000000000116415,3.0497512437810945,5.0,inventory_skew,2.0
0.065,0.22999999999592546,0.5,2.0,0.034999999988940544,0.5074626865671642,5.0,avellaneda_stoikov,2.0
0.115,0.010000000009313226,0.5,6.0,0.22499999999126885,2.900497512437811,5.0,microstructure_adaptive,2.0
0.16,-0.5499999999738066,0.5,7.0,0.6599999999743886,4.552238805970149,6.0,naive_symmetric,2.0
0.135,-0.04999999998835847,0.5,4.0,0.2599999999947613,1.626865671641791,6.0,inventory_skew,2.0
0.045,-0.22000000000116415,0.5,4.0,0.29499999999825377,1.6666666666666667,6.0,avellaneda_stoikov,2.0
0.13,-0.09999999997671694,0.5,5.0,0.3849999999947613,1.4527363184079602,6.0,microstructure_adaptive,2.0
0.14,0.28999999999359716,0.5,3.0,0.15500000001338776,1.0149253731343284,7.0,naive_symmetric,2.0
0.135,0.27999999999883585,0.5,3.0,0.14500000000407454,1.0099502487562189,7.0,inventory_skew,2.0
0.045,0.139999999984866,0.5,3.0,0.11500000000523869,0.9054726368159204,7.0,avellaneda_stoikov,2.0
0.11,0.27999999999883585,0.5,3.0,0.14500000000407454,0.9552238805970149,7.0,microstructure_adaptive,2.0
0.21,0.43000000005122274,0.5,6.0,0.22000000000116415,3.288557213930348,8.0,naive_symmetric,2.0
0.195,0.19000000007508788,0.5,5.0,0.17999999997846317,1.6766169154228856,8.0,inventory_skew,2.0
0.07,0.20000000004074536,0.5,2.0,0.13999999999941792,0.7661691542288557,8.0,avellaneda_stoikov,2.0
0.165,0.26000000005296897,0.5,3.0,0.16999999998370185,1.154228855721393,8.0,microstructure_adaptive,2.0
0.16,0.6499999999796273,0.5,3.0,0.0650000000023283,1.427860696517413,9.0,naive_symmetric,2.0
0.15,0.5899999999528518,0.5,2.0,0.03999999999359716,0.8059701492537313,9.0,inventory_skew,2.0
0.08,0.6600000000325963,0.5,2.0,0.029999999998835847,1,9.0,avellaneda_stoikov,2.0
0.125,0.5199999999749707,0.5,3.0,0.030000000013387762,0.8557213930348259,9.0,microstructure_adaptive,2.0
0.13,0.059999999997671694,0.5,5.0,0.27999999998428393,2.2935323383084576,10.0,naive_symmetric,2.0
0.135,0.07999999998719431,0.5,5.0,0.2450000000098953,2.3233830845771144,10.0,inventory_skew,2.0
0.075,0.22999999999592546,0.5,2.0,0.08499999999185093,0.7064676616915423,10.0,avellaneda_stoikov,2.0
0.115,-0.08000000001629815,0.5,6.0,0.3600000000005821,2.8606965174129355,10.0,microstructure_adaptive,2.0
0.22,-0.7199999999866122,0.5,11.0,0.8899999999994179,4.522388059701493,11.0,naive_symmetric,2.0
0.19,-0.08999999998195563,0.5,6.0,0.3600000000005821,2.716417910447761,11.0,inventory_skew,2.0
0.09,0.0799999999726424,0.5,3.0,0.15500000001338776,1.5771144278606966,11.0,avellaneda_stoikov,2.0
0.18,0.209999999977299,0.5,4.0,0.1349999999947613,1.8308457711442787,11.0,microstructure_adaptive,2.0
0.16,0.33000000003085006,0.5,5.0,0.27999999998428393,1.945273631840796,12.0,naive_symmetric,2.0
0.14,0.46000000000640284,0.5,4.0,0.21499999998195563,2.109452736318408,12.0,inventory_skew,2.0
0.035,0.1899999999877764,0.5,2.0,0.09999999999126885,0.7114427860696517,12.0,avellaneda_stoikov,2.0
0.13,0.6000000000203727,0.5,5.0,0.23499999998603016,2.3233830845771144,12.0,microstructure_adaptive,2.0
0.15,0.3100000000267755,0.5,5.0,0.20000000001164153,2.174129353233831,13.0,naive_symmetric,2.0
0.12,0.14000000004307367,0.5,3.0,0.08000000000174623,0.8507462686567164,13.0,inventory_skew,2.0
0.045,0.21999999998661224,0.5,2.0,0.10499999999592546,0.7562189054726368,13.0,avellaneda_stoikov,2.0
0.09,0.16999999999825377,0.5,2.0,0.125,0.8308457711442786,13.0,microstructure_adaptive,2.0
0.135,0.2799999999551801,0.5,3.0,0.08999999999650754,1.2537313432835822,14.0,naive_symmetric,2.0
0.115,0.22999999995226972,0.5,2.0,0.06000000001222361,0.681592039800995,14.0,inventory_skew,2.0
0.03,0.16999999999825377,0.5,3.0,0.14499999998952262,0.9950248756218906,14.0,avellaneda_stoikov,2.0
0.1,0.290000000022701,0.5,3.0,0.08500000000640284,1.154228855721393,14.0,microstructure_adaptive,2.0
0.155,0.1899999999877764,0.5,6.0,0.2900000000081491,2.7661691542288556,15.0,naive_symmetric,2.0
0.13,0.23000000001047738,0.5,5.0,0.18499999998311978,2.2039800995024876,15.0,inventory_skew,2.0
0.05,0.29999999998835847,0.5,3.0,0.08999999999650754,0.681592039800995,15.0,avellaneda_stoikov,2.0
0.12,0.27000000003317837,0.5,4.0,0.13999999999941792,1.8308457711442787,15.0,microstructure_adaptive,2.0
0.18,-0.6699999999691499,0.5,7.0,1.029999999984284,3.611940298507463,16.0,naive_symmetric,2.0
0.145,0.2400000000052387,0.5,2.0,0.07000000000698492,0.5522388059701493,16.0,inventory_skew,2.0
0.065,0.46999999998661224,0.5,3.0,0.029999999998835847,0.900497512437811,16.0,avellaneda_stoikov,2.0
0.125,0.47999999996682163,0.5,2.0,0.059999999997671694,0.4975124378109453,16.0,microstructure_adaptive,2.0
0.16,0.35999999995692633,0.5,7.0,0.27000000001862645,4.014925373134329,17.0,naive_symmetric,2.0
0.135,0.23999999996158294,0.5,4.0,0.059999999997671694,1.1393034825870647,17.0,inventory_skew,2.0
0.05,0.2599999999947613,0.5,2.0,0.08999999999650754,0.5124378109452736,17.0,avellaneda_stoikov,2.0
0.095,0.24999999995634425,0.5,3.0,0.0650000000023283,0.8507462686567164,17.0,microstructure_adaptive,2.0
0.155,0.16999999999825377,0.5,6.0,0.15500000001338776,2.781094527363184,18.0,naive_symmetric,2.0
0.135,0.1399999999703141,0.5,3.0,0.09999999999126885,1.5323383084577114,18.0,inventory_skew,2.0
0.055,0.1299999999901047,0.5,2.0,0.09999999999126885,1.1393034825870647,18.0,avellaneda_stoikov,2.0
0.125,0.24999999997089617,0.5,3.0,0.09999999999126885,1.3383084577114428,18.0,microstructure_adaptive,2.0
0.155,-0.7000000000116415,0.5,7.0,0.75,3.288557213930348,19.0,naive_symmetric,2.0
0.14,-0.1899999999877764,0.5,4.0,0.28999999997904524,1.9651741293532339,19.0,inventory_skew,2.0
0.055,-0.08000000000174623,0.5,3.0,0.08999999999650754,1.0199004975124377,19.0,avellaneda_stoikov,2.0
0.105,-0.4900000000197906,0.5,6.0,0.5350000000034925,2.4676616915422884,19.0,microstructure_adaptive,2.0
0.12,-0.029999999998835847,0.5,10.0,0.7149999999965075,6.253731343283582,20.0,naive_symmetric,2.0
0.11,0.08000000004540198,0.5,8.0,0.46499999999650754,4.661691542288557,20.0,inventory_skew,2.0
0.055,0.15000000000873115,0.5,4.0,0.20999999999185093,2.2388059701492535,20.0,avellaneda_stoikov,2.0
0.1,0.1600000000471482,0.5,6.0,0.39500000000407454,3.616915422885572,20.0,microstructure_adaptive,2.0
0.15,-0.9700000000157161,0.5,11.0,1.0250000000087311,5.990049751243781,21.0,naive_symmetric,2.0
0.15,-0.7100000000209548,0.5,9.0,0.8450000000011642,4.402985074626866,21.0,inventory_skew,2.0
0.05,-0.25,0.5,5.0,0.34500000001571607,1.6766169154228856,21.0,avellaneda_stoikov,2.0
0.12,-0.6300000000192085,0.5,7.0,0.8250000000116415,3.4527363184079602,21.0,microstructure_adaptive,2.0
0.14,0.6100000000005821,0.5,5.0,0.08000000000174623,2.0248756218905473,22.0,naive_symmetric,2.0
0.115,0.35000000000582077,0.5,3.0,0.08499999999185093,1.3333333333333333,22.0,inventory_skew,2.0
0.04,0.18999999997322448,0.5,2.0,0.05000000000291038,0.7761194029850746,22.0,avellaneda_stoikov,2.0
0.09,0.3199999999633292,0.5,2.0,0.05000000000291038,0.7412935323383084,22.0,microstructure_adaptive,2.0
0.135,-0.030000000027939677,0.5,4.0,0.28999999999359716,1.472636815920398,23.0,naive_symmetric,2.0
0.135,0.019999999974970706,0.5,4.0,0.27999999998428393,1.472636815920398,23.0,inventory_skew,2.0
0.09,0.17999999997846317,0.5,3.0,0.180000000007567,1.2338308457711442,23.0,avellaneda_stoikov,2.0
0.115,0.0799999999726424,0.5,3.0,0.19500000000698492,1.2238805970149254,23.0,microstructure_adaptive,2.0
0.175,0.4899999999906868,0.5,3.0,0.05499999999301508,0.7711442786069652,24.0,naive_symmetric,2.0
0.16,0.46000000002095476,0.5,3.0,0.08500000000640284,0.7711442786069652,24.0,inventory_skew,2.0
0.08,0.6400000000139698,0.5,3.0,0.08000000000174623,0.5323383084577115,24.0,avellaneda_stoikov,2.0
0.13,0.6000000000058208,0.5,2.0,0.045000000012805685,0.8507462686567164,24.0,microstructure_adaptive,2.0
0.17,0.34000000002561137,0.5,4.0,0.14999999999417923,1.3582089552238805,25.0,naive_symmetric,2.0
0.16,0.4400000000168802,0.5,2.0,0.1349999999947613,0.9601990049751243,25.0,inventory_skew,2.0
0.065,0.2599999999802094,0.5,3.0,0.14999999999417923,1.099502487562189,25.0,avellaneda_stoikov,2.0
0.145,0.6799999999930151,0.5,4.0,0.059999999997671694,0.9054726368159204,25.0,microstructure_adaptive,2.0
0.2,0.16999999996914994,0.5,11.0,0.5750000000116415,4.9502487562189055,26.0,naive_symmetric,2.0
0.165,0.23999999997613486,0.5,5.0,0.13500000000931323,1.3134328358208955,26.0,inventory_skew,2.0
0.1,0.6099999999860302,0.5,4.0,0.0650000000023283,0.8258706467661692,26.0,avellaneda_stoikov,2.0
0.145,0.36999999995168764,0.5,4.0,0.16499999999359716,1.4029850746268657,26.0,microstructure_adaptive,2.0
0.13,0.41999999998370185,0.5,3.0,0.1850000000122236,1.1144278606965174,27.0,naive_symmetric,2.0
0.12,0.2699999999895226,0.5,3.0,0.16500000000814907,1,27.0,inventory_skew,2.0
0.08,0.6899999999877764,0.5,3.0,0.10000000000582077,1.208955223880597,27.0,avellaneda_stoikov,2.0
0.11,0.1999999999825377,0.5,2.0,0.09499999998661224,0.9203980099502488,27.0,microstructure_adaptive,2.0
0.165,0.5399999999935972,0.5,8.0,0.25,3.2587064676616917,28.0,naive_symmetric,2.0
0.14,0.4399999999732245,0.5,6.0,0.11999999999534339,2.2935323383084576,28.0,inventory_skew,2.0
0.07,0.6299999999901047,0.5,5.0,0.08999999999650754,1.5223880597014925,28.0,avellaneda_stoikov,2.0
0.145,0.5700000000069849,0.5,4.0,0.10000000000582077,1.691542288557214,28.0,microstructure_adaptive,2.0
0.19,-0.17999999999301508,0.5,11.0,0.5549999999784632,3.900497512437811,29.0,naive_symmetric,2.0
0.155,-0.12000000002444722,0.5,6.0,0.22500000002037268,1.900497512437811,29.0,inventory_skew,2.0
0.07,0.059999999997671694,0.5,5.0,0.09500000000116415,1.2189054726368158,29.0,avellaneda_stoikov,2.0
0.145,0.009999999980209395,0.5,6.0,0.21000000000640284,1.855721393034826,29.0,microstructure_adaptive,2.0
0.13,0.7000000000261934,0.0,5.0,0.8999999999941792,2.7512437810945274,0.0,naive_symmetric,5.0
0.105,0.5000000000145519,0.0,2.0,0.3600000000005821,1.4179104477611941,0.0,inventory_skew,5.0
0.01,0.029999999998835847,0.0,0.0,0.0,0,0.0,avellaneda_stoikov,5.0
0.075,0.5299999999842839,0.0,2.0,0.3600000000005821,1.099502487562189,0.0,microstructure_adaptive,5.0
0.11,0.22000000000116415,0.0,3.0,0.5299999999842839,1.3134328358208955,1.0,naive_symmetric,5.0
0.11,0.27999999999883585,0.0,3.0,0.5199999999895226,1.3134328358208955,1.0,inventory_skew,5.0
0.01,0.0,0.0,1.0,0.3100000000122236,0.9751243781094527,1.0,avellaneda_stoikov,5.0
0.085,0.16000000001804437,0.0,4.0,0.8099999999976717,2.1194029850746268,1.0,microstructure_adaptive,5.0
0.13,0.9099999999889405,0.0,2.0,0.17499999998835847,0.8507462686567164,2.0,naive_symmetric,5.0
0.115,0.6999999999825377,0.0,3.0,0.3150000000023283,1.4975124378109452,2.0,inventory_skew,5.0
0.02,0.11999999999534339,0.0,3.0,0.034999999988940544,0.08955223880597014,2.0,avellaneda_stoikov,5.0
0.105,0.9299999999784632,0.0,3.0,0.16499999999359716,1.2786069651741294,2.0,microstructure_adaptive,5.0
0.135,0.2599999999802094,0.0,4.0,0.33000000001629815,1.3582089552238805,3.0,naive_symmetric,5.0
0.115,0.49999999997089617,0.0,3.0,0.3000000000029104,1.3980099502487562,3.0,inventory_skew,5.0
0.015,0.059999999997671694,0.0,1.0,0.059999999997671694,0.09950248756218906,3.0,avellaneda_stoikov,5.0
0.09,0.25,0.0,3.0,0.3000000000029104,1.3333333333333333,3.0,microstructure_adaptive,5.0
0.135,-0.47000000000116415,0.0,7.0,1.2700000000040745,3.9651741293532337,4.0,naive_symmetric,5.0
0.11,0.17999999996391125,0.0,2.0,0.17999999999301508,1.0796019900497513,4.0,inventory_skew,5.0
0.005,0.0,0.0,1.0,0.07000000000698492,0.06965174129353234,4.0,avellaneda_stoikov,5.0
0.07,0.2900000000081491,0.0,2.0,0.17999999999301508,0.7164179104477612,4.0,microstructure_adaptive,5.0
0.12,0.16999999998370185,0.0,7.0,0.5799999999871943,3.144278606965174,5.0,naive_symmetric,5.0
0.105,0.33000000000174623,0.0,4.0,0.28999999999359716,1.4776119402985075,5.0,inventory_skew,5.0
0.01,0.059999999997671694,0.0,1.0,0.0,0.004975124378109453,5.0,avellaneda_stoikov,5.0
0.075,0.4399999999877764,0.0,2.0,0.13999999999941792,0.9303482587064676,5.0,microstructure_adaptive,5.0
0.125,-0.9099999999889405,0.0,5.0,1.0950000000011642,2.2039800995024876,6.0,naive_symmetric,5.0
0.1,-0.48999999997613486,0.0,3.0,0.694999999992433,1.2686567164179106,6.0,inventory_skew,5.0
0.015,0.16000000000349246,0.0,2.0,0.04000000000814907,0.14427860696517414,6.0,avellaneda_stoikov,5.0
0.075,-0.4899999999906868,0.0,3.0,0.7399999999906868,1.5820895522388059,6.0,microstructure_adaptive,5.0
0.135,0.5100000000093132,0.0,3.0,0.2699999999895226,1.2985074626865671,7.0,naive_symmetric,5.0
0.125,0.4999999999854481,0.0,2.0,0.15000000000873115,0.9253731343283582,7.0,inventory_skew,5.0
0.005,-0.029999999998835847,0.0,1.0,0.05000000000291038,0.05472636815920398,7.0,avellaneda_stoikov,5.0
0.085,0.41999999998370185,0.0,4.0,0.3249999999970896,1.6666666666666667,7.0,microstructure_adaptive,5.0
0.16,0.9799999999959255,0.0,4.0,0.20500000000174623,1.5820895522388059,8.0,naive_symmetric,5.0
0.145,0.6300000000046566,0.0,2.0,0.14499999998952262,0.9552238805970149,8.0,inventory_skew,5.0
0.01,0.069999999992433,0.0,1.0,0.0,0.004975124378109453,8.0,avellaneda_stoikov,5.0
0.1,0.6300000000192085,0.0,2.0,0.13999999999941792,0.7412935323383084,8.0,microstructure_adaptive,5.0
0.17,0.5700000000069849,0.0,4.0,0.5800000000017462,1.9253731343283582,9.0,naive_symmetric,5.0
0.15,1.2599999999802094,0.0,5.0,0.3299999999871943,1.3383084577114428,9.0,inventory_skew,5.0
0.025,0.20000000002619345,0.0,1.0,0.020000000004074536,0.04975124378109453,9.0,avellaneda_stoikov,5.0
0.13,1.069999999992433,0.0,4.0,0.22000000000116415,0.9104477611940298,9.0,microstructure_adaptive,5.0
0.135,0.7200000000157161,0.0,4.0,0.1849999999976717,1.1144278606965174,10.0,naive_symmetric,5.0
0.12,0.6400000000139698,0.0,3.0,0.17500000000291038,1.0696517412935322,10.0,inventory_skew,5.0
0.005,0.05000000000291038,0.0,1.0,0.07000000000698492,0.0945273631840796,10.0,avellaneda_stoikov,5.0
0.085,0.48999999997613486,0.0,3.0,0.13999999999941792,0.6119402985074627,10.0,microstructure_adaptive,5.0
0.19,0.17999999999301508,0.0,5.0,0.4250000000029104,2.014925373134328,11.0,naive_symmetric,5.0
0.155,0.6599999999743886,0.0,2.0,0.10499999999592546,0.835820895522388,11.0,inventory_skew,5.0
0.005,0.11999999999534339,0.0,1.0,0.22000000000116415,0.9800995024875622,11.0,avellaneda_stoikov,5.0
0.11,0.819999999992433,0.0,4.0,0.16000000000349246,1.0696517412935322,11.0,microstructure_adaptive,5.0
0.14,0.09999999999126885,0.0,8.0,1.2250000000058208,3.4079601990049753,12.0,naive_symmetric,5.0
0.12,0.3299999999871943,0.0,4.0,0.4250000000029104,1.6616915422885572,12.0,inventory_skew,5.0
0.01,0.010000000009313226,0.0,1.0,0.19999999999708962,0.20398009950248755,12.0,avellaneda_stoikov,5.0
0.075,0.26000000003841706,0.0,5.0,0.8150000000023283,2.298507462686567,12.0,microstructure_adaptive,5.0
0.14,0.4400000000023283,0.0,2.0,0.1299999999901047,0.5373134328358209,13.0,naive_symmetric,5.0
0.14,0.4499999999970896,0.0,2.0,0.1299999999901047,0.5373134328358209,13.0,inventory_skew,5.0
0.01,0.03999999999359716,0.0,1.0,0.0,0.004975124378109453,13.0,avellaneda_stoikov,5.0
0.09,0.4499999999825377,0.0,2.0,0.10000000000582077,0.5124378109452736,13.0,microstructure_adaptive,5.0
0.11,0.33000000001629815,0.0,2.0,0.13999999999941792,0.8059701492537313,14.0,naive_symmetric,5.0
0.1,0.2600000000093132,0.0,3.0,0.20000000001164153,0.8606965174129353,14.0,inventory_skew,5.0
0.01,0.13999999999941792,0.0,1.0,0.16000000000349246,0.9054726368159204,14.0,avellaneda_stoikov,5.0
0.07,0.22999999998137355,0.0,2.0,0.13999999999941792,0.7562189054726368,14.0,microstructure_adaptive,5.0
0.12,0.7199999999866122,0.0,6.0,0.6600000000034925,2.4328358208955225,15.0,naive_symmetric,5.0
0.09,0.6300000000192085,0.0,4.0,0.4399999999877764,1.572139303482587,15.0,inventory_skew,5.0
0.0,0.0,0.0,0.0,0.0,0,15.0,avellaneda_stoikov,5.0
0.085,0.6599999999889405,0.0,3.0,0.33000000000174623,1.5572139303482586,15.0,microstructure_adaptive,5.0
0.14,1.1599999999889405,0.0,8.0,0.6650000000081491,2.985074626865672,16.0,naive_symmetric,5.0
0.12,1.3100000000122236,0.0,4.0,0.41000000000349246,2.2786069651741294,16.0,inventory_skew,5.0
0.01,-0.01999999998952262,0.0,2.0,0.06000000001222361,0.06965174129353234,16.0,avellaneda_stoikov,5.0
0.105,1.3900000000430737,0.0,5.0,0.35999999998603016,2.1641791044776117,16.0,microstructure_adaptive,5.0
0.125,0.2699999999895226,0.0,6.0,0.7600000000238651,3.009950248756219,17.0,naive_symmetric,5.0
0.105,0.22999999999592546,0.0,2.0,0.1900000000023283,0.6318407960199005,17.0,inventory_skew,5.0
0.005,-0.020000000004074536,0.0,0.0,0.010000000009313226,0,17.0,avellaneda_stoikov,5.0
0.06,0.47000000000116415,0.0,2.0,0.22500000000582077,0.9800995024875622,17.0,microstructure_adaptive,5.0
0.14,1.1700000000128057,0.0,9.0,0.6300000000046566,5.263681592039801,18.0,naive_symmetric,5.0
0.115,-0.08000000000174623,0.0,5.0,0.3600000000005821,2.084577114427861,18.0,inventory_skew,5.0
0.01,-0.19999999999708962,0.0,1.0,0.3700000000098953,0.9800995024875622,18.0,avellaneda_stoikov,5.0
0.085,0.1000000000349246,0.0,4.0,0.3600000000005821,2.174129353233831,18.0,microstructure_adaptive,5.0
0.145,0.8499999999767169,0.0,3.0,0.180000000007567,0.8407960199004975,19.0,naive_symmetric,5.0
0.13,0.9299999999930151,0.0,3.0,0.17000000001280569,1.0348258706467661,19.0,inventory_skew,5.0
0.005,-0.04000000000814907,0.0,1.0,0.05000000000291038,0.04975124378109453,19.0,avellaneda_stoikov,5.0
0.075,0.7300000000104774,0.0,3.0,0.20000000001164153,1.0398009950248757,19.0,microstructure_adaptive,5.0
0.11,-0.14999999999417923,0.0,7.0,1.179999999993015,4.104477611940299,20.0,naive_symmetric,5.0
0.1,0.069999999992433,0.0,5.0,0.7300000000104774,2.572139303482587,20.0,inventory_skew,5.0
0.0,0.0,0.0,0.0,0.0,0,20.0,avellaneda_stoikov,5.0
0.07,0.14000000002852175,0.0,4.0,0.6849999999976717,2.144278606965174,20.0,microstructure_adaptive,5.0
0.155,0.13000000003376044,0.0,10.0,0.5350000000180444,2.91044776119403,21.0,naive_symmetric,5.0
0.13,0.46999999998661224,0.0,5.0,0.28500000000349246,1.6119402985074627,21.0,inventory_skew,5.0
0.01,0.04999999998835847,0.0,1.0,0.01999999998952262,0.004975124378109453,21.0,avellaneda_stoikov,5.0
0.085,0.7399999999761349,0.0,4.0,0.11999999999534339,1.164179104477612,21.0,microstructure_adaptive,5.0
0.13,-0.03999999997904524,0.0,8.0,1.5500000000029104,4.791044776119403,22.0,naive_symmetric,5.0
0.09,0.7000000000116415,0.0,3.0,0.22999999999592546,1.1890547263681592,22.0,inventory_skew,5.0
0.015,0.08000000000174623,0.0,1.0,0.029999999998835847,0.04477611940298507,22.0,avellaneda_stoikov,5.0
0.075,0.6400000000139698,0.0,3.0,0.3049999999930151,1.308457711442786,22.0,microstructure_adaptive,5.0
0.16,0.5799999999726424,0.0,5.0,0.7899999999935972,2.746268656716418,23.0,naive_symmetric,5.0
0.13,0.48999999997613486,0.0,4.0,0.5899999999965075,1.5572139303482586,23.0,inventory_skew,5.0
0.01,0.23999999999068677,0.0,1.0,0.19999999999708962,0.9353233830845771,23.0,avellaneda_stoikov,5.0
0.105,0.3399999999528518,0.0,4.0,0.5749999999970896,1.1144278606965174,23.0,microstructure_adaptive,5.0
0.15,1.2300000000395812,0.0,8.0,0.34999999999126885,2.1044776119402986,24.0,naive_symmetric,5.0
0.12,0.7000000000261934,0.0,5.0,0.2649999999994179,0.9950248756218906,24.0,inventory_skew,5.0
0.0,0.0,0.0,0.0,0.0,0,24.0,avellaneda_stoikov,5.0
0.09,0.34999999999126885,0.0,4.0,0.4150000000081491,1.6019900497512438,24.0,microstructure_adaptive,5.0
0.17,0.42999999997846317,0.0,4.0,0.22999999999592546,0.9900497512437811,25.0,naive_symmetric,5.0
0.16,0.5200000000186265,0.0,3.0,0.17999999999301508,0.9253731343283582,25.0,inventory_skew,5.0
0.01,0.11000000000058208,0.0,1.0,0.28999999999359716,0.8009950248756219,25.0,avellaneda_stoikov,5.0
0.11,0.4800000000250293,0.0,3.0,0.08999999999650754,0.6567164179104478,25.0,microstructure_adaptive,5.0
0.17,0.09999999996216502,0.0,5.0,0.375,1.626865671641791,26.0,naive_symmetric,5.0
0.175,0.22999999999592546,0.0,5.0,0.33000000000174623,1.5970149253731343,26.0,inventory_skew,5.0
0.01,0.1300000000046566,0.0,2.0,0.16000000000349246,0.40298507462686567,26.0,avellaneda_stoikov,5.0
0.12,0.10999999997147825,0.0,5.0,0.375,1.8059701492537314,26.0,microstructure_adaptive,5.0
0.155,1.6600000000180444,0.0,5.0,0.47999999999592546,2.0199004975124377,27.0,naive_symmetric,5.0
0.12,0.8000000000029104,0.0,3.0,0.29999999998835847,1.0348258706467661,27.0,inventory_skew,5.0
0.005,0.27999999999883585,0.0,1.0,0.22999999999592546,0.9601990049751243,27.0,avellaneda_stoikov,5.0
0.08,0.6399999999994179,0.0,2.0,0.16000000000349246,0.5920398009950248,27.0,microstructure_adaptive,5.0
0.155,1.4699999999866122,0.0,9.0,0.5099999999947613,2.9800995024875623,28.0,naive_symmetric,5.0
0.125,0.8799999999755528,0.0,5.0,0.27999999999883585,1.8109452736318408,28.0,inventory_skew,5.0
0.005,-0.00999999999476131,0.0,1.0,0.05000000000291038,0.03482587064676617,28.0,avellaneda_stoikov,5.0
0.09,1.1999999999970896,0.0,5.0,0.35000000000582077,2.517412935323383,28.0,microstructure_adaptive,5.0
0.155,-0.34000000002561137,0.0,7.0,0.9000000000087311,2.3383084577114426,29.0,naive_symmetric,5.0
0.14,0.139999999984866,0.0,4.0,0.34500000000116415,1.572139303482587,29.0,inventory_skew,5.0
0.02,0.05000000000291038,0.0,2.0,0.05000000000291038,0.11940298507462686,29.0,avellaneda_stoikov,5.0
0.09,-0.0500000000174623,0.0,4.0,0.40499999999883585,1.4825870646766168,29.0,microstructure_adaptive,5.0
0.14,0.2599999999947613,0.1,6.0,0.4549999999871943,2.5024875621890548,0.0,naive_symmetric,5.0
0.125,0.1899999999877764,0.1,6.0,0.47999999999592546,2.6517412935323383,0.0,inventory_skew,5.0
0.005,-0.069999999992433,0.1,1.0,0.23000000001047738,0.9552238805970149,0.0,avellaneda_stoikov,5.0
0.095,0.4800000000104774,0.1,4.0,0.5400000000081491,2.2238805970149254,0.0,microstructure_adaptive,5.0
0.17,0.17000000001280569,0.1,6.0,0.9000000000087311,2.601990049751244,1.0,naive_symmetric,5.0
0.15,0.09000000001105946,0.1,4.0,0.48499999998603016,1.36318407960199,1.0,inventory_skew,5.0
0.025,-0.20999999999185093,0.1,2.0,0.6199999999953434,1.5970149253731343,1.0,avellaneda_stoikov,5.0
0.115,0.08999999999650754,0.1,3.0,0.5949999999866122,1.4328358208955223,1.0,microstructure_adaptive,5.0
0.14,0.46999999998661224,0.1,7.0,0.4850000000005821,3.218905472636816,2.0,naive_symmetric,5.0
0.13,0.6899999999586726,0.1,4.0,0.3249999999970896,2.0945273631840795,2.0,inventory_skew,5.0
0.03,0.34999999999126885,0.1,3.0,0.04000000000814907,0.21393034825870647,2.0,avellaneda_stoikov,5.0
0.105,0.46000000000640284,0.1,4.0,0.3149999999877764,1.9253731343283582,2.0,microstructure_adaptive,5.0
0.175,0.25999999995110556,0.1,6.0,0.415000000022701,1.845771144278607,3.0,naive_symmetric,5.0
0.15,0.5099999999656575,0.1,5.0,0.3349999999918509,1.736318407960199,3.0,inventory_skew,5.0
0.02,0.07000000000698492,0.1,2.0,0.25,1.044776119402985,3.0,avellaneda_stoikov,5.0
0.1,0.41000000000349246,0.1,3.0,0.3099999999976717,1.36318407960199,3.0,microstructure_adaptive,5.0
0.165,-0.7999999999883585,0.1,10.0,1.4349999999976717,6.293532338308458,4.0,naive_symmetric,5.0
0.135,-0.10000000000582077,0.1,6.0,0.6849999999976717,3,4.0,inventory_skew,5.0
0.01,0.22000000000116415,0.1,1.0,0.21000000000640284,0.8805970149253731,4.0,avellaneda_stoikov,5.0
0.105,-0.00999999999476131,0.1,4.0,0.40500000001338776,1.9950248756218905,4.0,microstructure_adaptive,5.0
0.15,0.030000000027939677,0.1,8.0,0.6900000000023283,3.9651741293532337,5.0,naive_symmetric,5.0
0.115,0.009999999951105565,0.1,3.0,0.3550000000104774,1.5820895522388059,5.0,inventory_skew,5.0
0.015,0.03999999999359716,0.1,1.0,0.05000000000291038,0.12437810945273632,5.0,avellaneda_stoikov,5.0
0.095,0.11000000000058208,0.1,4.0,0.33500000002095476,2.1492537313432836,5.0,microstructure_adaptive,5.0
0.17,-1.3999999999796273,0.1,10.0,1.9999999999708962,5.865671641791045,6.0,naive_symmetric,5.0
0.14,-0.6399999999703141,0.1,5.0,0.9249999999592546,2.3233830845771144,6.0,inventory_skew,5.0
0.015,0.15000000000873115,0.1,2.0,0.04000000000814907,0.14427860696517414,6.0,avellaneda_stoikov,5.0
0.115,-0.1999999999825377,0.1,4.0,0.4400000000023283,1.2835820895522387,6.0,microstructure_adaptive,5.0
0.12,0.20999999999185093,0.1,2.0,0.07000000000698492,0.5771144278606966,7.0,naive_symmetric,5.0
0.12,0.23000000001047738,0.1,2.0,0.07000000000698492,0.5771144278606966,7.0,inventory_skew,5.0
0.005,0.0,0.1,1.0,0.16000000000349246,0.9601990049751243,7.0,avellaneda_stoikov,5.0
0.095,0.3000000000174623,0.1,4.0,0.35499999999592546,1.492537313432836,7.0,microstructure_adaptive,5.0
0.18,-0.9400000000168802,0.1,8.0,1.4900000000052387,3.6218905472636815,8.0,naive_symmetric,5.0
0.135,0.02999999998428393,0.1,5.0,0.35000000000582077,2.014925373134328,8.0,inventory_skew,5.0
0.025,0.4299999999930151,0.1,3.0,0.2599999999947613,1.9303482587064678,8.0,avellaneda_stoikov,5.0
0.115,0.0500000000174623,0.1,4.0,0.33500000000640284,1.3681592039800996,8.0,microstructure_adaptive,5.0
0.165,0.970000000030268,0.1,4.0,0.23500000000058208,1.164179104477612,9.0,naive_symmetric,5.0
0.15,1.1000000000058208,0.1,3.0,0.22000000000116415,1.2537313432835822,9.0,inventory_skew,5.0
0.025,0.23000000001047738,0.1,1.0,0.020000000004074536,0.04975124378109453,9.0,avellaneda_stoikov,5.0
0.155,0.6300000000046566,0.1,5.0,0.5800000000017462,1.800995024875622,9.0,microstructure_adaptive,5.0
0.14,0.4699999999575084,0.1,3.0,0.3700000000098953,1.3134328358208955,10.0,naive_symmetric,5.0
0.12,-0.2800000000279397,0.1,5.0,0.7350000000005821,1.4477611940298507,10.0,inventory_skew,5.0
0.01,0.10000000000582077,0.1,2.0,0.08499999999185093,0.18407960199004975,10.0,avellaneda_stoikov,5.0
0.085,-0.4600000000500586,0.1,5.0,0.860000000015134,1.6616915422885572,10.0,microstructure_adaptive,5.0
0.2,0.8699999999953434,0.1,4.0,0.23500000000058208,1.3582089552238805,11.0,naive_symmetric,5.0
0.175,0.46000000000640284,0.1,2.0,0.22500000000582077,0.8756218905472637,11.0,inventory_skew,5.0
0.01,0.05000000000291038,0.1,1.0,0.03999999999359716,0.04477611940298507,11.0,avellaneda_stoikov,5.0
0.125,0.2699999999895226,0.1,2.0,0.22500000000582077,1.0398009950248757,11.0,microstructure_adaptive,5.0
0.18,-0.029999999969732016,0.1,5.0,0.8749999999854481,1.8805970149253732,12.0,naive_symmetric,5.0
0.15,0.11999999995168764,0.1,6.0,0.8450000000011642,2.4776119402985075,12.0,inventory_skew,5.0
0.01,0.0,0.1,1.0,0.19999999999708962,0.20398009950248755,12.0,avellaneda_stoikov,5.0
0.115,0.40000000000873115,0.1,5.0,0.8249999999970896,2.6218905472636815,12.0,microstructure_adaptive,5.0
0.15,0.1499999999650754,0.1,2.0,0.4200000000273576,1.2487562189054726,13.0,naive_symmetric,5.0
0.135,0.2699999999895226,0.1,3.0,0.21000000000640284,1.0796019900497513,13.0,inventory_skew,5.0
0.005,-0.03999999999359716,0.1,1.0,0.3700000000098953,0.9850746268656716,13.0,avellaneda_stoikov,5.0
0.11,0.16000000001804437,0.1,3.0,0.5200000000040745,1.4527363184079602,13.0,microstructure_adaptive,5.0
0.15,-0.08000000001629815,0.1,6.0,0.46499999999650754,2.5621890547263684,14.0,naive_symmetric,5.0
0.13,0.069999999992433,0.1,3.0,0.19000000001688022,0.746268656716418,14.0,inventory_skew,5.0
0.01,0.14999999999417923,0.1,1.0,0.16000000000349246,0.9651741293532339,14.0,avellaneda_stoikov,5.0
0.085,0.43999999995867256,0.1,2.0,0.22000000000116415,1.109452736318408,14.0,microstructure_adaptive,5.0
0.14,0.540000000022701,0.1,6.0,0.7299999999813735,2.72636815920398,15.0,naive_symmetric,5.0
0.13,0.6299999999901047,0.1,4.0,0.3899999999994179,1.8756218905472637,15.0,inventory_skew,5.0
0.0,0.0,0.1,0.0,0.0,0,15.0,avellaneda_stoikov,5.0
0.12,0.8799999999610009,0.1,5.0,0.4399999999877764,1.3930348258706469,15.0,microstructure_adaptive,5.0
0.16,2.7400000000197906,0.1,10.0,1.3799999999901047,5.601990049751244,16.0,naive_symmetric,5.0
0.14,1.3200000000215368,0.1,5.0,0.3049999999930151,1.8606965174129353,16.0,inventory_skew,5.0
0.005,-0.029999999998835847,0.1,1.0,0.029999999998835847,0.004975124378109453,16.0,avellaneda_stoikov,5.0
0.11,1.7200000000011642,0.1,5.0,0.6700000000128057,3.0199004975124377,16.0,microstructure_adaptive,5.0
0.135,0.1999999999825377,0.1,3.0,0.27500000000873115,0.7960199004975125,17.0,naive_symmetric,5.0
0.13,0.1499999999650754,0.1,2.0,0.2900000000081491,0.835820895522388,17.0,inventory_skew,5.0
0.005,-0.04000000000814907,0.1,1.0,0.02500000000873115,0.01990049751243781,17.0,avellaneda_stoikov,5.0
0.095,0.3200000000069849,0.1,2.0,0.1999999999825377,0.9850746268656716,17.0,microstructure_adaptive,5.0
0.18,-0.8499999999767169,0.1,6.0,1.124999999985448,2.109452736318408,18.0,naive_symmetric,5.0
0.18,-0.11000000000058208,0.1,4.0,0.3949999999895226,1.4975124378109452,18.0,inventory_skew,5.0
0.015,0.03999999999359716,0.1,1.0,0.0,0.009950248756218905,18.0,avellaneda_stoikov,5.0
0.125,0.3899999999703141,0.1,4.0,0.3000000000029104,1.756218905472637,18.0,microstructure_adaptive,5.0
0.135,-3.029999999984284,0.1,11.0,3.239999999976135,6.248756218905473,19.0,naive_symmetric,5.0
0.13,-1.180000000007567,0.1,5.0,1.2899999999935972,2.915422885572139,19.0,inventory_skew,5.0
0.01,0.029999999998835847,0.1,1.0,0.05000000000291038,0.03980099502487562,19.0,avellaneda_stoikov,5.0
0.11,-0.5100000000384171,0.1,3.0,0.8100000000122236,2.08955223880597,19.0,microstructure_adaptive,5.0
0.135,-0.2800000000279397,0.1,9.0,1.4100000000034925,4.313432835820896,20.0,naive_symmetric,5.0
0.12,0.08999999998195563,0.1,6.0,0.7300000000104774,2.781094527363184,20.0,inventory_skew,5.0
0.0,0.0,0.1,0.0,0.0,0,20.0,avellaneda_stoikov,5.0
0.07,-0.05999999998311978,0.1,5.0,0.9149999999935972,2.771144278606965,20.0,microstructure_adaptive,5.0
0.155,0.9400000000168802,0.1,4.0,0.19999999999708962,1.7761194029850746,21.0,naive_symmetric,5.0
0.14,0.5399999999935972,0.1,4.0,0.19999999999708962,1.427860696517413,21.0,inventory_skew,5.0
0.02,-0.2599999999947613,0.1,2.0,0.430000000007567,0.9651741293532339,21.0,avellaneda_stoikov,5.0
0.105,0.3000000000029104,0.1,2.0,0.2549999999901047,0.9054726368159204,21.0,microstructure_adaptive,5.0
0.155,-0.33999999999650754,0.1,4.0,0.7999999999883585,1.8308457711442787,22.0,naive_symmetric,5.0
0.145,0.069999999992433,0.1,2.0,0.3249999999970896,0.8059701492537313,22.0,inventory_skew,5.0
0.015,0.059999999997671694,0.1,1.0,0.01999999998952262,0.03980099502487562,22.0,avellaneda_stoikov,5.0
0.095,0.23000000001047738,0.1,2.0,0.11999999999534339,0.32338308457711445,22.0,microstructure_adaptive,5.0
0.175,0.08999999996740371,0.1,4.0,0.5700000000069849,1.7014925373134329,23.0,naive_symmetric,5.0
0.17,0.2799999999551801,0.1,5.0,0.7500000000145519,1.835820895522388,23.0,inventory_skew,5.0
0.025,0.25,0.1,2.0,0.19999999999708962,1.0796019900497513,23.0,avellaneda_stoikov,5.0
0.145,0.0999999999476131,0.1,4.0,0.5650000000023283,1.8706467661691542,23.0,microstructure_adaptive,5.0
0.16,0.7300000000541331,0.1,7.0,0.4450000000069849,2.1791044776119404,24.0,naive_symmetric,5.0
0.15,0.5300000000133878,0.1,5.0,0.2950000000128057,1.2338308457711442,24.0,inventory_skew,5.0
0.005,0.05000000000291038,0.1,1.0,0.029999999998835847,0.06467661691542288,24.0,avellaneda_stoikov,5.0
0.115,0.6599999999889405,0.1,4.0,0.21499999999650754,1.328358208955224,24.0,microstructure_adaptive,5.0
0.18,0.6300000000337604,0.1,3.0,0.15499999999883585,0.8756218905472637,25.0,naive_symmetric,5.0
0.175,0.8200000000651926,0.1,3.0,0.11500000000523869,0.8308457711442786,25.0,inventory_skew,5.0
0.01,0.11000000000058208,0.1,1.0,0.28999999999359716,0.8009950248756219,25.0,avellaneda_stoikov,5.0
0.12,0.5700000000360887,0.1,3.0,0.194999999992433,1.0099502487562189,25.0,microstructure_adaptive,5.0
0.165,-1.9600000000355067,0.1,9.0,2.3500000000203727,5.303482587064677,26.0,naive_symmetric,5.0
0.17,-0.8400000000256114,0.1,7.0,1.264999999984866,3.2039800995024876,26.0,inventory_skew,5.0
0.015,0.11999999999534339,0.1,3.0,0.2400000000052387,0.5621890547263682,26.0,avellaneda_stoikov,5.0
0.115,-0.8800000000046566,0.1,5.0,1.3549999999959255,3.0049751243781095,26.0,microstructure_adaptive,5.0
0.14,1.6300000000192085,0.1,6.0,0.7449999999953434,3.0945273631840795,27.0,naive_symmetric,5.0
0.13,1.7600000000093132,0.1,5.0,0.6850000000122236,2.781094527363184,27.0,inventory_skew,5.0
0.0,0.0,0.1,0.0,0.0,0,27.0,avellaneda_stoikov,5.0
0.11,1.4900000000343425,0.1,5.0,0.5999999999912689,2.4975124378109452,27.0,microstructure_adaptive,5.0
0.2,1.349999999962165,0.1,9.0,0.5,3.084577114427861,28.0,naive_symmetric,5.0
0.17,1.1499999999796273,0.1,7.0,0.41000000000349246,2.7213930348258706,28.0,inventory_skew,5.0
0.005,0.00999999999476131,0.1,1.0,0.029999999998835847,0.03482587064676617,28.0,avellaneda_stoikov,5.0
0.12,1.0199999999895226,0.1,5.0,0.290000000022701,2.1691542288557213,28.0,microstructure_adaptive,5.0
0.15,0.059999999997671694,0.1,7.0,0.6949999999778811,1.6965174129353233,29.0,naive_symmetric,5.0
0.13,0.1499999999650754,0.1,5.0,0.45500000000174623,1.3432835820895523,29.0,inventory_skew,5.0
0.02,0.21000000000640284,0.1,1.0,0.21000000000640284,0.9054726368159204,29.0,avellaneda_stoikov,5.0
0.1,0.1900000000023283,0.1,5.0,0.6100000000005821,2.228855721393035,29.0,microstructure_adaptive,5.0
0.145,0.17999999996391125,0.3,4.0,0.6250000000145519,2.1343283582089554,0.0,naive_symmetric,5.0
0.13,0.13999999999941792,0.3,5.0,0.375,1.7412935323383085,0.0,inventory_skew,5.0
0.01,-0.09999999999126885,0.3,1.0,0.23000000001047738,0.9552238805970149,0.0,avellaneda_stoikov,5.0
0.1,0.35000000000582077,0.3,4.0,0.3800000000046566,1.5572139303482586,0.0,microstructure_adaptive,5.0
0.14,0.10999999998603016,0.3,4.0,0.35000000000582077,1.109452736318408,1.0,naive_symmetric,5.0
0.15,0.3000000000029104,0.3,4.0,0.16500000000814907,1.1393034825870647,1.0,inventory_skew,5.0
0.02,0.020000000004074536,0.3,2.0,0.3100000000122236,0.7263681592039801,1.0,avellaneda_stoikov,5.0
0.135,0.5600000000122236,0.3,4.0,0.2900000000081491,1.3582089552238805,1.0,microstructure_adaptive,5.0
0.115,0.24999999998544808,0.3,3.0,0.23499999998603016,1.164179104477612,2.0,naive_symmetric,5.0
0.125,0.3399999999819556,0.3,4.0,0.3249999999970896,1.7810945273631842,2.0,inventory_skew,5.0
0.04,0.430000000007567,0.3,2.0,0.04000000000814907,0.19900497512437812,2.0,avellaneda_stoikov,5.0
0.125,0.4300000000221189,0.3,4.0,0.19500000000698492,1.1741293532338308,2.0,microstructure_adaptive,5.0
0.145,-0.0500000000174623,0.3,4.0,0.47500000000582077,1.7860696517412935,3.0,naive_symmetric,5.0
0.135,0.069999999992433,0.3,5.0,0.4499999999970896,1.791044776119403,3.0,inventory_skew,5.0
0.025,0.07999999998719431,0.3,2.0,0.5,1.8656716417910448,3.0,avellaneda_stoikov,5.0
0.12,0.209999999977299,0.3,4.0,0.5750000000261934,2.0945273631840795,3.0,microstructure_adaptive,5.0
0.13,-0.49999999997089617,0.3,6.0,0.819999999992433,3.154228855721393,4.0,naive_symmetric,5.0
0.115,-0.009999999951105565,0.3,3.0,0.29999999998835847,1,4.0,inventory_skew,5.0
0.02,0.34999999999126885,0.3,2.0,0.2400000000052387,1.3432835820895523,4.0,avellaneda_stoikov,5.0
0.08,0.10999999998603016,0.3,2.0,0.2550000000046566,0.8905472636815921,4.0,microstructure_adaptive,5.0
0.125,-0.2599999999802094,0.3,8.0,0.7450000000098953,3.63681592039801,5.0,naive_symmetric,5.0
0.145,-0.5499999999738066,0.3,9.0,1.124999999985448,5.164179104477612,5.0,inventory_skew,5.0
0.015,0.05000000000291038,0.3,1.0,0.05000000000291038,0.12437810945273632,5.0,avellaneda_stoikov,5.0
0.11,-0.16999999998370185,0.3,5.0,0.625,2.8208955223880596,5.0,microstructure_adaptive,5.0
0.14,-0.529999999969732,0.3,6.0,0.8450000000011642,2.611940298507463,6.0,naive_symmetric,5.0
0.12,-0.41999999999825377,0.3,4.0,0.6850000000122236,1.3880597014925373,6.0,inventory_skew,5.0
0.025,-0.19999999999708962,0.3,3.0,0.5100000000093132,1.099502487562189,6.0,avellaneda_stoikov,5.0
0.11,-0.5899999999674037,0.3,4.0,0.9449999999778811,2.3333333333333335,6.0,microstructure_adaptive,5.0
0.12,0.11999999998079147,0.3,6.0,0.4499999999825377,2.129353233830846,7.0,naive_symmetric,5.0
0.11,0.23999999997613486,0.3,4.0,0.25,1.5671641791044777,7.0,inventory_skew,5.0
0.015,0.11000000000058208,0.3,1.0,0.16000000000349246,0.945273631840796,7.0,avellaneda_stoikov,5.0
0.105,0.290000000022701,0.3,5.0,0.34500000000116415,2.2587064676616917,7.0,microstructure_adaptive,5.0
0.155,-0.9400000000023283,0.3,7.0,1.3800000000046566,3.955223880597015,8.0,naive_symmetric,5.0
0.16,-0.7999999999883585,0.3,6.0,1.2400000000052387,3.9651741293532337,8.0,inventory_skew,5.0
0.035,0.2599999999947613,0.3,2.0,0.2599999999947613,1.527363184079602,8.0,avellaneda_stoikov,5.0
0.13,-0.30000000004656613,0.3,5.0,0.805000000007567,2.462686567164179,8.0,microstructure_adaptive,5.0
0.165,1.5000000000436557,0.3,6.0,0.45500000000174623,1.736318407960199,9.0,naive_symmetric,5.0
0.135,0.9500000000407454,0.3,2.0,0.10999999998603016,0.8656716417910447,9.0,inventory_skew,5.0
0.025,0.21000000002095476,0.3,1.0,0.00999999999476131,0.03980099502487562,9.0,avellaneda_stoikov,5.0
0.135,0.36999999998079147,0.3,2.0,0.1999999999825377,0.7412935323383084,9.0,microstructure_adaptive,5.0
0.14,0.3699999999953434,0.3,7.0,0.4399999999877764,1.5223880597014925,10.0,naive_symmetric,5.0
0.135,0.2599999999802094,0.3,6.0,0.4450000000069849,1.5024875621890548,10.0,inventory_skew,5.0
0.015,0.020000000004074536,0.3,2.0,0.09000000001105946,0.12437810945273632,10.0,avellaneda_stoikov,5.0
0.105,-0.27000000001862645,0.3,4.0,0.5650000000314321,1.3233830845771144,10.0,microstructure_adaptive,5.0
0.19,-0.4399999999732245,0.3,6.0,0.7349999999714782,2.4129353233830844,11.0,naive_symmetric,5.0
0.19,-0.5499999999883585,0.3,7.0,0.7799999999842839,2.5621890547263684,11.0,inventory_skew,5.0
0.01,0.05000000000291038,0.3,1.0,0.0,0.01990049751243781,11.0,avellaneda_stoikov,5.0
0.17,-0.25000000004365575,0.3,5.0,0.5249999999941792,2.1243781094527363,11.0,microstructure_adaptive,5.0
0.12,-0.1999999999679858,0.3,8.0,1.4250000000029104,2.9601990049751246,12.0,naive_symmetric,5.0
0.115,-0.09999999999126885,0.3,7.0,1.1450000000040745,2.218905472636816,12.0,inventory_skew,5.0
0.025,0.04000000000814907,0.3,2.0,0.19999999999708962,0.27860696517412936,12.0,avellaneda_stoikov,5.0
0.07,0.10999999997147825,0.3,5.0,0.8300000000017462,2.6517412935323383,12.0,microstructure_adaptive,5.0
0.11,-0.069999999992433,0.3,3.0,0.27499999999417923,0.9900497512437811,13.0,naive_symmetric,5.0
0.11,-1.4551915228366852e-11,0.3,3.0,0.2649999999994179,0.9900497512437811,13.0,inventory_skew,5.0
0.0,0.0,0.3,0.0,0.0,0,13.0,avellaneda_stoikov,5.0
0.095,-0.20999999999185093,0.3,2.0,0.5250000000087311,0.9651741293532339,13.0,microstructure_adaptive,5.0
0.09,0.2999999999447027,0.3,4.0,0.319999999992433,1.4577114427860696,14.0,naive_symmetric,5.0
0.085,0.3199999999633292,0.3,3.0,0.2400000000052387,1.064676616915423,14.0,inventory_skew,5.0
0.005,-0.010000000009313226,0.3,1.0,0.029999999998835847,0.03482587064676617,14.0,avellaneda_stoikov,5.0
0.065,0.21999999998661224,0.3,2.0,0.16499999999359716,1.0398009950248757,14.0,microstructure_adaptive,5.0
0.105,0.8000000000174623,0.3,4.0,0.35499999999592546,1.8656716417910448,15.0,naive_symmetric,5.0
0.105,0.7400000000052387,0.3,4.0,0.34500000000116415,1.7164179104477613,15.0,inventory_skew,5.0
0.005,-0.020000000004074536,0.3,1.0,0.03500000000349246,0.01990049751243781,15.0,avellaneda_stoikov,5.0
0.095,0.6100000000005821,0.3,3.0,0.2550000000046566,1.154228855721393,15.0,microstructure_adaptive,5.0
0.15,1.179999999993015,0.3,3.0,0.125,1.0696517412935322,16.0,naive_symmetric,5.0
0.135,0.9800000000104774,0.3,3.0,0.069999999992433,0.7412935323383084,16.0,inventory_skew,5.0
0.015,-0.360000000015134,0.3,1.0,0.5099999999947613,0.8009950248756219,16.0,avellaneda_stoikov,5.0
0.11,1.2800000000279397,0.3,4.0,0.3649999999906868,2.0199004975124377,16.0,microstructure_adaptive,5.0
0.13,0.10999999997147825,0.3,4.0,0.16999999999825377,0.8855721393034826,17.0,naive_symmetric,5.0
0.13,-1.4551915228366852e-11,0.3,3.0,0.16000000000349246,0.8606965174129353,17.0,inventory_skew,5.0
0.015,0.10000000000582077,0.3,1.0,0.16000000000349246,0.8955223880597015,17.0,avellaneda_stoikov,5.0
0.105,0.1299999999901047,0.3,3.0,0.2599999999947613,1.3034825870646767,17.0,microstructure_adaptive,5.0
0.14,0.3399999999674037,0.3,7.0,0.5100000000238651,3.4676616915422884,18.0,naive_symmetric,5.0
0.155,0.05000000000291038,0.3,6.0,0.3949999999895226,2.308457711442786,18.0,inventory_skew,5.0
0.015,0.27000000000407454,0.3,1.0,0.1300000000046566,0.900497512437811,18.0,avellaneda_stoikov,5.0
0.115,1.029999999969732,0.3,4.0,0.27499999999417923,2.5472636815920398,18.0,microstructure_adaptive,5.0
0.145,-1.8700000000244472,0.3,7.0,2.070000000006985,4.164179104477612,19.0,naive_symmetric,5.0
0.11,-2.0599999999976717,0.3,9.0,2.2049999999871943,4.378109452736318,19.0,inventory_skew,5.0
0.015,0.08000000000174623,0.3,2.0,0.05000000000291038,0.09950248756218906,19.0,avellaneda_stoikov,5.0
0.13,-1.0399999999935972,0.3,5.0,1.209999999991851,2.5522388059701493,19.0,microstructure_adaptive,5.0
0.11,-0.6500000000232831,0.3,10.0,2.06500000001688,6.756218905472637,20.0,naive_symmetric,5.0
0.1,-0.34999999999126885,0.3,8.0,1.6049999999959255,5.054726368159204,20.0,inventory_skew,5.0
0.005,-0.16000000000349246,0.3,1.0,0.22999999999592546,0.9751243781094527,20.0,avellaneda_stoikov,5.0
0.105,0.41000000000349246,0.3,5.0,0.6050000000104774,2.825870646766169,20.0,microstructure_adaptive,5.0
0.13,-0.5299999999988358,0.3,7.0,1.1750000000029104,3.5771144278606966,21.0,naive_symmetric,5.0
0.135,-0.3600000000296859,0.3,6.0,0.9800000000104774,2.373134328358209,21.0,inventory_skew,5.0
0.03,-0.1700000000273576,0.3,3.0,0.430000000007567,1.0248756218905473,21.0,avellaneda_stoikov,5.0
0.1,0.0,0.3,5.0,0.6649999999935972,2.218905472636816,21.0,microstructure_adaptive,5.0
0.11,-0.19000000001688022,0.3,5.0,0.7050000000017462,1.8756218905472637,22.0,naive_symmetric,5.0
0.1,-0.1200000000098953,0.3,3.0,0.28500000000349246,0.4427860696517413,22.0,inventory_skew,5.0
0.02,0.09999999999126885,0.3,2.0,0.029999999998835847,0.05970149253731343,22.0,avellaneda_stoikov,5.0
0.105,0.050000000032014214,0.3,2.0,0.3299999999871943,0.9751243781094527,22.0,microstructure_adaptive,5.0
0.13,0.05999999996856786,0.3,4.0,0.34500000001571607,1.7661691542288558,23.0,naive_symmetric,5.0
0.115,0.07000000000698492,0.3,3.0,0.34000000001105946,0.9104477611940298,23.0,inventory_skew,5.0
0.01,-0.20999999999185093,0.3,1.0,0.3200000000069849,0.8407960199004975,23.0,avellaneda_stoikov,5.0
0.105,0.029999999998835847,0.3,3.0,0.34000000001105946,0.9253731343283582,23.0,microstructure_adaptive,5.0
0.14,1.0000000000291038,0.3,4.0,0.20999999999185093,1.771144278606965,24.0,naive_symmetric,5.0
0.13,0.8399999999965075,0.3,4.0,0.29499999999825377,1.6069651741293531,24.0,inventory_skew,5.0
0.0,0.0,0.3,0.0,0.0,0,24.0,avellaneda_stoikov,5.0
0.1,0.5899999999674037,0.3,2.0,0.1300000000046566,0.8606965174129353,24.0,microstructure_adaptive,5.0
0.17,0.6099999999714782,0.3,4.0,0.3099999999976717,1.7164179104477613,25.0,naive_symmetric,5.0
0.155,0.6600000000034925,0.3,3.0,0.13999999999941792,0.8756218905472637,25.0,inventory_skew,5.0
0.01,0.05000000000291038,0.3,1.0,0.28999999999359716,0.6865671641791045,25.0,avellaneda_stoikov,5.0
0.115,0.4299999999930151,0.3,2.0,0.16000000000349246,0.6567164179104478,25.0,microstructure_adaptive,5.0
0.155,-1.8800000000046566,0.3,11.0,2.1699999999982538,5.323383084577115,26.0,naive_symmetric,5.0
0.145,-1.6400000000139698,0.3,9.0,2.040000000008149,4.512437810945274,26.0,inventory_skew,5.0
0.025,0.6100000000005821,0.3,3.0,0.16000000000349246,0.8905472636815921,26.0,avellaneda_stoikov,5.0
0.135,-0.7899999999790452,0.3,6.0,1.1750000000029104,2.746268656716418,26.0,microstructure_adaptive,5.0
0.115,0.180000000007567,0.3,3.0,0.27500000000873115,0.736318407960199,27.0,naive_symmetric,5.0
0.115,0.2699999999895226,0.3,3.0,0.17000000001280569,0.6666666666666666,27.0,inventory_skew,5.0
0.015,-0.19000000001688022,0.3,1.0,0.47999999999592546,0.835820895522388,27.0,avellaneda_stoikov,5.0
0.105,1.2200000000011642,0.3,5.0,0.7449999999953434,2.4975124378109452,27.0,microstructure_adaptive,5.0
0.155,1.9399999999877764,0.3,11.0,0.7200000000011642,5.174129353233831,28.0,naive_symmetric,5.0
0.15,1.9399999999732245,0.3,11.0,0.6349999999947613,4.9054726368159205,28.0,inventory_skew,5.0
0.005,-0.00999999999476131,0.3,1.0,0.05000000000291038,0.03482587064676617,28.0,avellaneda_stoikov,5.0
0.115,1.0799999999871943,0.3,6.0,0.3550000000104774,2.970149253731343,28.0,microstructure_adaptive,5.0
0.135,-1.040000000037253,0.3,10.0,1.8200000000215368,5.009950248756219,29.0,naive_symmetric,5.0
0.135,-0.7800000000570435,0.3,9.0,1.2700000000477303,3.91044776119403,29.0,inventory_skew,5.0
0.025,0.20999999999185093,0.3,2.0,0.21000000000640284,0.9850746268656716,29.0,avellaneda_stoikov,5.0
0.125,-0.4200000000419095,0.3,6.0,0.7950000000128057,1.626865671641791,29.0,microstructure_adaptive,5.0
0.12,0.14999999997962732,0.5,5.0,0.415000000022701,1.5820895522388059,0.0,naive_symmetric,5.0
0.115,0.21999999997206032,0.5,6.0,0.444999999992433,1.7860696517412935,0.0,inventory_skew,5.0
0.02,-0.00999999999476131,0.5,1.0,0.09500000000116415,0.15920398009950248,0.0,avellaneda_stoikov,5.0
0.095,0.46999999998661224,0.5,5.0,0.305000000007567,1.6616915422885572,0.0,microstructure_adaptive,5.0
0.12,0.360000000015134,0.5,4.0,0.34999999999126885,1.691542288557214,1.0,naive_symmetric,5.0
0.11,-0.14999999999417923,0.5,5.0,0.7700000000040745,1.8258706467661692,1.0,inventory_skew,5.0
0.02,0.1900000000023283,0.5,2.0,0.07000000000698492,0.21393034825870647,1.0,avellaneda_stoikov,5.0
0.095,-0.06000000001222361,0.5,5.0,0.7200000000011642,1.9502487562189055,1.0,microstructure_adaptive,5.0
0.115,0.07999999998719431,0.5,4.0,0.47999999999592546,1.6865671641791045,2.0,naive_symmetric,5.0
0.105,0.10000000002037268,0.5,3.0,0.21499999999650754,1.1492537313432836,2.0,inventory_skew,5.0
0.045,0.23999999997613486,0.5,2.0,0.15499999999883585,0.7661691542288557,2.0,avellaneda_stoikov,5.0
0.115,0.3200000000069849,0.5,3.0,0.1349999999947613,1.0298507462686568,2.0,microstructure_adaptive,5.0
0.12,0.180000000007567,0.5,4.0,0.36999999998079147,1.6766169154228856,3.0,naive_symmetric,5.0
0.125,0.07999999998719431,0.5,5.0,0.5650000000023283,2.0049751243781095,3.0,inventory_skew,5.0
0.02,0.03999999999359716,0.5,2.0,0.5,1.8656716417910448,3.0,avellaneda_stoikov,5.0
0.125,0.2799999999551801,0.5,5.0,0.6349999999947613,3.0049751243781095,3.0,microstructure_adaptive,5.0
0.085,-0.6999999999970896,0.5,7.0,1.0450000000128057,2.3681592039800994,4.0,naive_symmetric,5.0
0.07,-0.27999999999883585,0.5,4.0,0.3650000000052387,1.099502487562189,4.0,inventory_skew,5.0
0.015,0.10000000000582077,0.5,1.0,0.11999999999534339,0.5870646766169154,4.0,avellaneda_stoikov,5.0
0.07,0.47999999999592546,0.5,3.0,0.23000000001047738,1.3383084577114428,4.0,microstructure_adaptive,5.0
0.115,0.069999999992433,0.5,4.0,0.3649999999906868,1.8955223880597014,5.0,naive_symmetric,5.0
0.115,-2.9103830456733704e-11,0.5,6.0,0.555000000007567,2.8656716417910446,5.0,inventory_skew,5.0
0.01,0.020000000004074536,0.5,1.0,0.05000000000291038,0.0945273631840796,5.0,avellaneda_stoikov,5.0
0.09,-0.3099999999976717,0.5,5.0,0.7000000000261934,2.6517412935323383,5.0,microstructure_adaptive,5.0
0.13,-0.15999999998894054,0.5,3.0,0.5349999999889405,0.9402985074626866,6.0,naive_symmetric,5.0
0.125,-0.08999999998195563,0.5,3.0,0.514999999984866,1.1343283582089552,6.0,inventory_skew,5.0
0.02,-0.25,0.5,2.0,0.5100000000093132,1.0099502487562189,6.0,avellaneda_stoikov,5.0
0.11,0.21000000002095476,0.5,3.0,0.25,0.9601990049751243,6.0,microstructure_adaptive,5.0
0.13,0.21999999998661224,0.5,5.0,0.47500000000582077,2.4079601990049753,7.0,naive_symmetric,5.0
0.12,0.34999999999126885,0.5,3.0,0.2449999999953434,1.1044776119402986,7.0,inventory_skew,5.0
0.01,0.05000000000291038,0.5,1.0,0.029999999998835847,0.06467661691542288,7.0,avellaneda_stoikov,5.0
0.105,0.3600000000005821,0.5,5.0,0.41999999999825377,1.8805970149253732,7.0,microstructure_adaptive,5.0
0.155,0.42999999996391125,0.5,3.0,0.09500000001571607,0.8407960199004975,8.0,naive_symmetric,5.0
0.13,0.10999999997147825,0.5,2.0,0.22000000000116415,0.7860696517412935,8.0,inventory_skew,5.0
0.02,0.15000000000873115,0.5,1.0,0.1300000000046566,0.845771144278607,8.0,avellaneda_stoikov,5.0
0.135,-0.0899999999528518,0.5,4.0,0.6600000000034925,1.8855721393034826,8.0,microstructure_adaptive,5.0
0.13,1.3800000000046566,0.5,4.0,0.27999999999883585,2.54228855721393,9.0,naive_symmetric,5.0
0.115,0.7399999999906868,0.5,2.0,0.13999999999941792,0.9402985074626866,9.0,inventory_skew,5.0
0.015,0.15000000000873115,0.5,1.0,0.024999999994179234,0.03482587064676617,9.0,avellaneda_stoikov,5.0
0.12,0.6499999999941792,0.5,3.0,0.20499999998719431,0.9402985074626866,9.0,microstructure_adaptive,5.0
0.095,-0.3299999999871943,0.5,5.0,0.7650000000139698,1.7860696517412935,10.0,naive_symmetric,5.0
0.09,-0.35999999997147825,0.5,4.0,0.7499999999854481,1.5621890547263682,10.0,inventory_skew,5.0
0.025,0.10999999998603016,0.5,1.0,0.11000000000058208,0.20398009950248755,10.0,avellaneda_stoikov,5.0
0.075,-0.6400000000285218,0.5,5.0,1.220000000015716,2.537313432835821,10.0,microstructure_adaptive,5.0
0.17,-0.6999999999825377,0.5,7.0,0.9249999999738066,2.253731343283582,11.0,naive_symmetric,5.0
0.15,-0.5800000000308501,0.5,6.0,0.6800000000221189,2.3333333333333335,11.0,inventory_skew,5.0
0.01,0.16999999999825377,0.5,1.0,0.01999999998952262,0.11940298507462686,11.0,avellaneda_stoikov,5.0
0.125,-0.8800000000192085,0.5,6.0,1.0450000000273576,2.900497512437811,11.0,microstructure_adaptive,5.0
0.145,-0.24999999997089617,0.5,10.0,1.8249999999970896,4.402985074626866,12.0,naive_symmetric,5.0
0.145,-4.3655745685100555e-11,0.5,9.0,1.4950000000244472,3.870646766169154,12.0,inventory_skew,5.0
0.02,0.030000000013387762,0.5,3.0,0.2449999999953434,0.29850746268656714,12.0,avellaneda_stoikov,5.0
0.11,0.07000000000698492,0.5,6.0,1.0249999999941792,2.8805970149253732,12.0,microstructure_adaptive,5.0
0.085,0.27999999999883585,0.5,2.0,0.1299999999901047,0.5671641791044776,13.0,naive_symmetric,5.0
0.09,0.7100000000209548,0.5,3.0,0.19999999999708962,1.109452736318408,13.0,inventory_skew,5.0
0.0,0.0,0.5,0.0,0.0,0,13.0,avellaneda_stoikov,5.0
0.09,0.22000000003026798,0.5,2.0,0.29499999999825377,0.9353233830845771,13.0,microstructure_adaptive,5.0
0.1,0.17999999996391125,0.5,2.0,0.235000000015134,0.9601990049751243,14.0,naive_symmetric,5.0
0.09,0.2099999999627471,0.5,2.0,0.1200000000098953,0.5671641791044776,14.0,inventory_skew,5.0
0.0,0.0,0.5,0.0,0.0,0,14.0,avellaneda_stoikov,5.0
0.07,0.35000000000582077,0.5,3.0,0.2400000000052387,1.4577114427860696,14.0,microstructure_adaptive,5.0
0.115,0.8699999999807915,0.5,4.0,0.3650000000052387,2.2487562189054726,15.0,naive_symmetric,5.0
0.105,0.7700000000040745,0.5,4.0,0.33000000000174623,1.855721393034826,15.0,inventory_skew,5.0
0.0,0.0,0.5,0.0,0.0,0,15.0,avellaneda_stoikov,5.0
0.085,0.6599999999743886,0.5,4.0,0.34500000000116415,1.6417910447761195,15.0,microstructure_adaptive,5.0
0.13,1.4200000000128057,0.5,6.0,0.5549999999784632,2.5024875621890548,16.0,naive_symmetric,5.0
0.13,1.4699999999866122,0.5,6.0,0.6499999999941792,2.6218905472636815,16.0,inventory_skew,5.0
0.01,-0.01999999998952262,0.5,2.0,0.06000000001222361,0.15920398009950248,16.0,avellaneda_stoikov,5.0
0.095,1.8200000000215368,0.5,5.0,0.7999999999883585,3.398009950248756,16.0,microstructure_adaptive,5.0
0.105,0.33000000003085006,0.5,3.0,0.28999999999359716,1.1492537313432836,17.0,naive_symmetric,5.0
0.09,0.2800000000279397,0.5,3.0,0.13999999999941792,0.4626865671641791,17.0,inventory_skew,5.0
0.02,0.030000000013387762,0.5,2.0,0.16000000000349246,0.9054726368159204,17.0,avellaneda_stoikov,5.0
0.075,0.21000000000640284,0.5,3.0,0.11999999999534339,0.5174129353233831,17.0,microstructure_adaptive,5.0
0.125,0.5499999999883585,0.5,7.0,0.4850000000005821,3.8606965174129355,18.0,naive_symmetric,5.0
0.105,-0.029999999998835847,0.5,4.0,0.3600000000005821,1.8507462686567164,18.0,inventory_skew,5.0
0.015,-0.04000000000814907,0.5,1.0,0.045000000012805685,0.04975124378109453,18.0,avellaneda_stoikov,5.0
0.09,0.26000000002386514,0.5,3.0,0.22999999999592546,1.4129353233830846,18.0,microstructure_adaptive,5.0
0.115,-1.360000000029686,0.5,5.0,1.375000000014552,2.900497512437811,19.0,naive_symmetric,5.0
0.12,-1.4300000000366708,0.5,6.0,1.485000000015134,3.0248756218905473,19.0,inventory_skew,5.0
0.02,-0.3099999999976717,0.5,2.0,0.4299999999930151,0.9303482587064676,19.0,avellaneda_stoikov,5.0
0.105,-1.6400000000285218,0.5,7.0,1.7300000000104774,3.810945273631841,19.0,microstructure_adaptive,5.0
0.11,-0.7400000000488944,0.5,10.0,2.070000000006985,6.980099502487562,20.0,naive_symmetric,5.0
0.11,-0.5200000000040745,0.5,11.0,2.0750000000116415,6.8059701492537314,20.0,inventory_skew,5.0
0.01,-0.07000000000698492,0.5,2.0,0.22999999999592546,1.0049751243781095,20.0,avellaneda_stoikov,5.0
0.085,-0.09999999999126885,0.5,5.0,0.9649999999965075,3.8955223880597014,20.0,microstructure_adaptive,5.0
0.125,-1.400000000023283,0.5,10.0,1.9749999999912689,6.039800995024875,21.0,naive_symmetric,5.0
0.115,-0.9499999999825377,0.5,7.0,1.3999999999941792,4.029850746268656,21.0,inventory_skew,5.0
0.03,-0.4800000000104774,0.5,3.0,0.8600000000005821,1.7761194029850746,21.0,avellaneda_stoikov,5.0
0.09,-1.070000000006985,0.5,6.0,1.4199999999982538,2.8955223880597014,21.0,microstructure_adaptive,5.0
0.09,0.20000000004074536,0.5,4.0,0.33500000000640284,1.7064676616915422,22.0,naive_symmetric,5.0
0.075,0.5600000000558794,0.5,3.0,0.3149999999877764,1.2935323383084578,22.0,inventory_skew,5.0
0.015,0.029999999998835847,0.5,2.0,0.029999999998835847,0.08955223880597014,22.0,avellaneda_stoikov,5.0
0.09,0.33000000001629815,0.5,3.0,0.5349999999889405,1.5174129353233832,22.0,microstructure_adaptive,5.0
0.115,0.2900000000081491,0.5,7.0,0.5749999999970896,2.9950248756218905,23.0,naive_symmetric,5.0
0.11,0.3100000000122236,0.5,6.0,0.45500000000174623,2.2487562189054726,23.0,inventory_skew,5.0
0.01,0.19999999999708962,0.5,1.0,0.19999999999708962,0.582089552238806,23.0,avellaneda_stoikov,5.0
0.09,0.1899999999877764,0.5,5.0,0.6849999999976717,2.810945273631841,23.0,microstructure_adaptive,5.0
0.135,0.6099999999714782,0.5,6.0,0.415000000022701,2.2786069651741294,24.0,naive_symmetric,5.0
0.105,0.5899999999528518,0.5,3.0,0.16000000000349246,1.1592039800995024,24.0,inventory_skew,5.0
0.005,-0.059999999997671694,0.5,1.0,0.07000000000698492,0.06965174129353234,24.0,avellaneda_stoikov,5.0
0.115,0.4800000000104774,0.5,3.0,0.16000000000349246,1.0845771144278606,24.0,microstructure_adaptive,5.0
0.14,0.06999999996332917,0.5,2.0,0.2950000000128057,0.8208955223880597,25.0,naive_symmetric,5.0
0.14,-0.03999999999359716,0.5,2.0,0.35499999998137355,0.8009950248756219,25.0,inventory_skew,5.0
0.015,-0.00999999999476131,0.5,1.0,0.28999999999359716,0.736318407960199,25.0,avellaneda_stoikov,5.0
0.14,0.14000000001396984,0.5,2.0,0.27999999999883585,0.8407960199004975,25.0,microstructure_adaptive,5.0
0.16,-0.2500000000145519,0.5,4.0,0.5300000000133878,1.5820895522388059,26.0,naive_symmetric,5.0
0.165,-0.8099999999831198,0.5,7.0,1.0249999999941792,2.9303482587064678,26.0,inventory_skew,5.0
0.01,-0.00999999999476131,0.5,2.0,0.08000000000174623,0.1691542288557214,26.0,avellaneda_stoikov,5.0
0.135,-1.099999999962165,0.5,6.0,1.4799999999813735,2.7860696517412937,26.0,microstructure_adaptive,5.0
0.115,1.1300000000192085,0.5,4.0,0.5500000000029104,2.0646766169154227,27.0,naive_symmetric,5.0
0.11,0.8500000000203727,0.5,3.0,0.3600000000005821,1.3333333333333333,27.0,inventory_skew,5.0
0.01,-0.14000000001396984,0.5,1.0,0.47999999999592546,0.7860696517412935,27.0,avellaneda_stoikov,5.0
0.095,0.9899999999906868,0.5,3.0,0.35000000000582077,1.4228855721393034,27.0,microstructure_adaptive,5.0
0.145,0.9499999999679858,0.5,7.0,0.33500000000640284,2.791044776119403,28.0,naive_symmetric,5.0
0.14,0.8699999999807915,0.5,6.0,0.3200000000069849,2.517412935323383,28.0,inventory_skew,5.0
0.015,0.020000000004074536,0.5,1.0,0.05000000000291038,0.05472636815920398,28.0,avellaneda_stoikov,5.0
0.12,0.7299999999668216,0.5,5.0,0.29499999999825377,1.835820895522388,28.0,microstructure_adaptive,5.0
0.17,-0.9200000000419095,0.5,11.0,1.6250000000291038,4.064676616915423,29.0,naive_symmetric,5.0
0.165,-0.49000000004889444,0.5,9.0,1.055000000022119,2.527363184079602,29.0,inventory_skew,5.0
0.03,0.09000000002561137,0.5,3.0,0.1349999999947613,0.2835820895522388,29.0,avellaneda_stoikov,5.0
0.12,-0.4400000000023283,0.5,5.0,0.7799999999842839,1.681592039800995,29.0,microstructure_adaptive,5.0
0.13,0.9499999999970896,0.0,5.0,2.0,2.7512437810945274,0.0,naive_symmetric,10.0
0.105,0.8300000000162981,0.0,2.0,0.7999999999883585,1.4179104477611941,0.0,inventory_skew,10.0
0.0,0.0,0.0,0.0,0.0,0,0.0,avellaneda_stoikov,10.0
0.05,0.4900000000052387,0.0,2.0,0.7999999999883585,1.3781094527363185,0.0,microstructure_adaptive,10.0
0.11,0.09999999999126885,0.0,3.0,1.1299999999901047,1.3134328358208955,1.0,naive_symmetric,10.0
0.11,0.16000000000349246,0.0,3.0,1.1199999999953434,1.3134328358208955,1.0,inventory_skew,10.0
0.005,-0.25,0.0,1.0,0.6399999999994179,0.9850746268656716,1.0,avellaneda_stoikov,10.0
0.055,-0.28999999999359716,0.0,4.0,1.8599999999860302,2.2139303482587063,1.0,microstructure_adaptive,10.0
0.13,1.3400000000110595,0.0,2.0,0.40499999999883585,0.8507462686567164,2.0,naive_symmetric,10.0
0.115,0.9499999999970896,0.0,3.0,0.7149999999965075,1.4975124378109452,2.0,inventory_skew,10.0
0.005,0.010000000009313226,0.0,1.0,0.00999999999476131,0.004975124378109453,2.0,avellaneda_stoikov,10.0
0.085,1.0199999999749707,0.0,5.0,0.7850000000034925,2.373134328358209,2.0,microstructure_adaptive,10.0
0.135,0.009999999980209395,0.0,4.0,0.8300000000017462,1.3582089552238805,3.0,naive_symmetric,10.0
0.115,0.36999999996623956,0.0,3.0,0.5899999999965075,1.3980099502487562,3.0,inventory_skew,10.0
0.005,0.00999999999476131,0.0,1.0,0.020000000004074536,0.009950248756218905,3.0,avellaneda_stoikov,10.0
0.07,0.22000000001571607,0.0,3.0,0.680000000007567,1.2736318407960199,3.0,microstructure_adaptive,10.0
0.135,-1.5500000000174623,0.0,7.0,2.8399999999819556,3.9651741293532337,4.0,naive_symmetric,10.0
0.11,-0.07000000005064066,0.0,2.0,0.4299999999930151,1.0796019900497513,4.0,inventory_skew,10.0
0.0,0.0,0.0,0.0,0.0,0,4.0,avellaneda_stoikov,10.0
0.06,0.27999999999883585,0.0,2.0,0.4450000000069849,1.1741293532338308,4.0,microstructure_adaptive,10.0
0.12,-0.610000000015134,0.0,7.0,1.1300000000046566,3.144278606965174,5.0,naive_symmetric,10.0
0.105,0.11999999999534339,0.0,4.0,0.5999999999912689,1.4776119402985075,5.0,inventory_skew,10.0
0.005,0.00999999999476131,0.0,1.0,0.05000000000291038,0.029850746268656716,5.0,avellaneda_stoikov,10.0
0.055,0.2699999999895226,0.0,2.0,0.3000000000029104,0.8159203980099502,5.0,microstructure_adaptive,10.0
0.125,-2.2599999999802094,0.0,5.0,2.474999999976717,2.2039800995024876,6.0,naive_symmetric,10.0
0.1,-1.1899999999877764,0.0,3.0,1.5650000000023283,1.2686567164179106,6.0,inventory_skew,10.0
0.005,0.03999999999359716,0.0,1.0,0.04000000000814907,0.01990049751243781,6.0,avellaneda_stoikov,10.0
0.065,-1.2899999999935972,0.0,3.0,1.5350000000034925,0.9701492537313433,6.0,microstructure_adaptive,10.0
0.135,0.680000000007567,0.0,3.0,0.6100000000005821,1.2985074626865671,7.0,naive_symmetric,10.0
0.125,0.6800000000221189,0.0,2.0,0.35999999998603016,0.9253731343283582,7.0,inventory_skew,10.0
0.0,0.0,0.0,0.0,0.0,0,7.0,avellaneda_stoikov,10.0
0.07,0.7199999999866122,0.0,4.0,0.7600000000093132,1.6865671641791045,7.0,microstructure_adaptive,10.0
0.16,1.180000000022119,0.0,4.0,0.5900000000110595,1.5820895522388059,8.0,naive_symmetric,10.0
0.145,0.4900000000197906,0.0,2.0,0.319999999992433,0.9552238805970149,8.0,inventory_skew,10.0
0.0,0.0,0.0,0.0,0.0,0,8.0,avellaneda_stoikov,10.0
0.075,-0.1600000000471482,0.0,4.0,0.8350000000064028,1.4676616915422886,8.0,microstructure_adaptive,10.0
0.17,1.0899999999965075,0.0,4.0,1.1349999999947613,1.9253731343283582,9.0,naive_symmetric,10.0
0.15,2.41999999996915,0.0,5.0,0.47999999999592546,1.3383084577114428,9.0,inventory_skew,10.0
0.005,0.05000000000291038,0.0,0.0,0.0,0,9.0,avellaneda_stoikov,10.0
0.11,2.6199999999953434,0.0,4.0,0.47999999999592546,1.3930348258706469,9.0,microstructure_adaptive,10.0
0.135,1.4199999999837019,0.0,4.0,0.3249999999825377,1.1144278606965174,10.0,naive_symmetric,10.0
0.12,1.1599999999598367,0.0,3.0,0.3149999999877764,1.0696517412935322,10.0,inventory_skew,10.0
0.0,0.0,0.0,0.0,0.0,0,10.0,avellaneda_stoikov,10.0
0.06,-0.3700000000098953,0.0,3.0,0.9399999999877764,1.164179104477612,10.0,microstructure_adaptive,10.0
0.19,-0.17000000001280569,0.0,5.0,1.0250000000087311,2.014925373134328,11.0,naive_symmetric,10.0
0.155,0.9899999999761349,0.0,2.0,0.1849999999976717,0.835820895522388,11.0,inventory_skew,10.0
0.01,-0.22999999999592546,0.0,1.0,0.4399999999877764,0.23880597014925373,11.0,avellaneda_stoikov,10.0
0.09,-0.069999999992433,0.0,4.0,0.8249999999970896,1.2189054726368158,11.0,microstructure_adaptive,10.0
0.14,-0.180000000007567,0.0,8.0,2.805000000007567,3.4079601990049753,12.0,naive_symmetric,10.0
0.12,0.16999999999825377,0.0,4.0,1.0450000000128057,1.6616915422885572,12.0,inventory_skew,10.0
0.005,0.01999999998952262,0.0,1.0,0.0,0.004975124378109453,12.0,avellaneda_stoikov,10.0
0.05,-0.1299999999901047,0.0,5.0,2.1999999999970896,2.4676616915422884,12.0,microstructure_adaptive,10.0
0.14,0.5300000000133878,0.0,2.0,0.2599999999947613,0.5373134328358209,13.0,naive_symmetric,10.0
0.14,0.5400000000081491,0.0,2.0,0.2599999999947613,0.5373134328358209,13.0,inventory_skew,10.0
0.01,0.059999999997671694,0.0,1.0,0.0,0.004975124378109453,13.0,avellaneda_stoikov,10.0
0.07,0.07000000002153683,0.0,3.0,0.7599999999947613,1.208955223880597,13.0,microstructure_adaptive,10.0
0.11,0.4099999999598367,0.0,2.0,0.2599999999947613,0.8059701492537313,14.0,naive_symmetric,10.0
0.1,0.3299999999726424,0.0,3.0,0.41999999999825377,0.8606965174129353,14.0,inventory_skew,10.0
0.0,0.0,0.0,0.0,0.0,0,14.0,avellaneda_stoikov,10.0
0.055,0.35000000000582077,0.0,1.0,0.1900000000023283,0.5422885572139303,14.0,microstructure_adaptive,10.0
0.12,0.9700000000011642,0.0,6.0,1.3799999999901047,2.4328358208955225,15.0,naive_symmetric,10.0
0.09,0.8099999999685679,0.0,4.0,0.9199999999982538,1.572139303482587,15.0,inventory_skew,10.0
0.0,0.0,0.0,0.0,0.0,0,15.0,avellaneda_stoikov,10.0
0.055,0.4900000000197906,0.0,3.0,0.6900000000023283,1.0497512437810945,15.0,microstructure_adaptive,10.0
0.14,2.1000000000058208,0.0,8.0,1.4899999999906868,2.985074626865672,16.0,naive_symmetric,10.0
0.12,2.33000000003085,0.0,4.0,0.9299999999930151,2.2786069651741294,16.0,inventory_skew,10.0
0.005,-0.05000000000291038,0.0,1.0,0.059999999997671694,0.004975124378109453,16.0,avellaneda_stoikov,10.0
0.07,1.929999999993015,0.0,4.0,1.1600000000034925,1.8706467661691542,16.0,microstructure_adaptive,10.0
0.125,0.28999999999359716,0.0,6.0,1.5499999999883585,3.009950248756219,17.0,naive_symmetric,10.0
0.105,0.139999999984866,0.0,2.0,0.4250000000029104,0.6318407960199005,17.0,inventory_skew,10.0
0.0,0.0,0.0,0.0,0.0,0,17.0,avellaneda_stoikov,10.0
0.045,0.5600000000122236,0.0,3.0,0.5599999999976717,1.3582089552238805,17.0,microstructure_adaptive,10.0
0.14,1.5200000000040745,0.0,9.0,1.3300000000017462,5.263681592039801,18.0,naive_symmetric,10.0
0.115,-0.25,0.0,5.0,0.6649999999935972,2.084577114427861,18.0,inventory_skew,10.0
0.01,-0.28999999999359716,0.0,1.0,0.5800000000017462,0.9800995024875622,18.0,avellaneda_stoikov,10.0
0.06,0.4900000000052387,0.0,4.0,0.5599999999976717,2.4378109452736316,18.0,microstructure_adaptive,10.0
0.145,1.3100000000122236,0.0,3.0,0.39000000001396984,0.8407960199004975,19.0,naive_symmetric,10.0
0.13,1.459999999977299,0.0,3.0,0.38000000001920853,1.0348258706467661,19.0,inventory_skew,10.0
0.0,0.0,0.0,0.0,0.0,0,19.0,avellaneda_stoikov,10.0
0.035,0.2400000000052387,0.0,2.0,0.47999999999592546,1.044776119402985,19.0,microstructure_adaptive,10.0
0.11,-0.6100000000005821,0.0,7.0,2.3699999999953434,4.104477611940299,20.0,naive_symmetric,10.0
0.1,-0.20000000001164153,0.0,5.0,1.4199999999982538,2.572139303482587,20.0,inventory_skew,10.0
0.0,0.0,0.0,0.0,0.0,0,20.0,avellaneda_stoikov,10.0
0.065,0.1899999999877764,0.0,3.0,0.8099999999976717,1.4328358208955223,20.0,microstructure_adaptive,10.0
0.155,-0.180000000007567,0.0,10.0,1.1049999999959255,2.91044776119403,21.0,naive_symmetric,10.0
0.13,0.33999999999650754,0.0,5.0,0.6049999999959255,1.6119402985074627,21.0,inventory_skew,10.0
0.0,0.0,0.0,0.0,0.0,0,21.0,avellaneda_stoikov,10.0
0.045,0.08999999999650754,0.0,2.0,0.5,0.8905472636815921,21.0,microstructure_adaptive,10.0
0.13,-0.1899999999877764,0.0,8.0,3.039999999993597,4.791044776119403,22.0,naive_symmetric,10.0
0.09,1.250000000014552,0.0,3.0,0.46000000000640284,1.1890547263681592,22.0,inventory_skew,10.0
0.0,0.0,0.0,0.0,0.0,0,22.0,avellaneda_stoikov,10.0
0.05,0.8199999999778811,0.0,2.0,0.46000000000640284,0.9900497512437811,22.0,microstructure_adaptive,10.0
0.16,0.8699999999807915,0.0,5.0,1.9499999999970896,2.746268656716418,23.0,naive_symmetric,10.0
0.13,0.4199999999400461,0.0,4.0,1.4500000000116415,1.5572139303482586,23.0,inventory_skew,10.0
0.01,0.1299999999901047,0.0,1.0,0.3099999999976717,0.31343283582089554,23.0,avellaneda_stoikov,10.0
0.08,0.4499999999970896,0.0,3.0,1.0250000000087311,1.1791044776119404,23.0,microstructure_adaptive,10.0
0.15,1.7800000000424916,0.0,8.0,0.8299999999871943,2.1044776119402986,24.0,naive_symmetric,10.0
0.12,0.7999999999883585,0.0,5.0,0.5950000000011642,0.9950248756218906,24.0,inventory_skew,10.0
0.0,0.0,0.0,0.0,0.0,0,24.0,avellaneda_stoikov,10.0
0.075,-0.07000000000698492,0.0,3.0,0.7250000000058208,1.0199004975124377,24.0,microstructure_adaptive,10.0
0.17,0.27999999999883585,0.0,4.0,0.6299999999901047,0.9900497512437811,25.0,naive_symmetric,10.0
0.16,0.4099999999598367,0.0,3.0,0.3799999999901047,0.9253731343283582,25.0,inventory_skew,10.0
0.0,0.0,0.0,0.0,0.0,0,25.0,avellaneda_stoikov,10.0
0.075,0.20000000002619345,0.0,3.0,0.4499999999970896,1.044776119402985,25.0,microstructure_adaptive,10.0
0.17,0.08999999996740371,0.0,5.0,0.7150000000110595,1.626865671641791,26.0,naive_symmetric,10.0
0.175,0.21999999991385266,0.0,5.0,0.6400000000139698,1.5970149253731343,26.0,inventory_skew,10.0
0.0,0.0,0.0,0.0,0.0,0,26.0,avellaneda_stoikov,10.0
0.095,0.27000000001862645,0.0,5.0,0.75,1.6169154228855722,26.0,microstructure_adaptive,10.0
0.155,3.019999999960419,0.0,5.0,0.8400000000110595,2.0199004975124377,27.0,naive_symmetric,10.0
0.12,1.250000000014552,0.0,3.0,0.6300000000046566,1.0348258706467661,27.0,inventory_skew,10.0
0.0,0.0,0.0,0.0,0.0,0,27.0,avellaneda_stoikov,10.0
0.045,2.250000000014552,0.0,4.0,1.1199999999953434,1.8656716417910448,27.0,microstructure_adaptive,10.0
0.155,1.8900000000285218,0.0,9.0,1.4100000000034925,2.9800995024875623,28.0,naive_symmetric,10.0
0.125,1.2400000000197906,0.0,5.0,0.6449999999895226,1.8109452736318408,28.0,inventory_skew,10.0
0.0,0.0,0.0,0.0,0.0,0,28.0,avellaneda_stoikov,10.0
0.085,1.4900000000052387,0.0,4.0,0.5650000000168802,1.890547263681592,28.0,microstructure_adaptive,10.0
0.155,-0.6900000000023283,0.0,7.0,1.8300000000017462,2.3383084577114426,29.0,naive_symmetric,10.0
0.14,0.06999999997788109,0.0,4.0,0.7050000000162981,1.572139303482587,29.0,inventory_skew,10.0
0.01,-0.11999999999534339,0.0,1.0,0.2900000000081491,0.13432835820895522,29.0,avellaneda_stoikov,10.0
0.08,-0.1999999999825377,0.0,4.0,0.6999999999825377,1.1144278606965174,29.0,microstructure_adaptive,10.0
0.115,-0.029999999998835847,0.1,4.0,0.8650000000052387,1.8507462686567164,0.0,naive_symmetric,10.0
0.12,0.1299999999901047,0.1,3.0,1.0200000000186265,1.6766169154228856,0.0,inventory_skew,10.0
0.01,-0.3000000000029104,0.1,1.0,0.45500000000174623,0.26865671641791045,0.0,avellaneda_stoikov,10.0
0.1,0.17999999999301508,0.1,5.0,0.8500000000203727,2.0646766169154227,0.0,microstructure_adaptive,10.0
0.135,0.05999999998311978,0.1,5.0,1.319999999992433,1.6517412935323383,1.0,naive_symmetric,10.0
0.135,-0.279999999969732,0.1,6.0,1.8999999999941792,2.537313432835821,1.0,inventory_skew,10.0
0.005,-0.25,0.1,1.0,0.6399999999994179,0.9850746268656716,1.0,avellaneda_stoikov,10.0
0.125,-0.22999999999592546,0.1,3.0,0.9649999999965075,1.4477611940298507,1.0,microstructure_adaptive,10.0
0.125,0.2599999999947613,0.1,5.0,1.0099999999947613,1.855721393034826,2.0,naive_symmetric,10.0
0.13,0.16000000001804437,0.1,5.0,0.9000000000087311,1.3980099502487562,2.0,inventory_skew,10.0
0.0,0.0,0.1,0.0,0.0,0,2.0,avellaneda_stoikov,10.0
0.095,0.41000000000349246,0.1,4.0,0.6599999999889405,1.228855721393035,2.0,microstructure_adaptive,10.0
0.16,-0.33000000001629815,0.1,4.0,1.1300000000046566,1.8756218905472637,3.0,naive_symmetric,10.0
0.165,-0.33999999999650754,0.1,6.0,1.264999999999418,2.1492537313432836,3.0,inventory_skew,10.0
0.0,0.0,0.1,0.0,0.0,0,3.0,avellaneda_stoikov,10.0
0.125,0.01999999998952262,0.1,5.0,1.0800000000017462,1.9900497512437811,3.0,microstructure_adaptive,10.0
0.135,-2.1600000000034925,0.1,9.0,3.179999999993015,5.1393034825870645,4.0,naive_symmetric,10.0
0.14,-1.1999999999679858,0.1,8.0,2.610000000015134,4.791044776119403,4.0,inventory_skew,10.0
0.0,0.0,0.1,0.0,0.0,0,4.0,avellaneda_stoikov,10.0
0.115,0.010000000038417056,0.1,5.0,1.4550000000017462,2.6865671641791047,4.0,microstructure_adaptive,10.0
0.135,-0.20000000001164153,0.1,6.0,0.9750000000058208,2.8606965174129355,5.0,naive_symmetric,10.0
0.11,0.2400000000052387,0.1,3.0,0.40499999999883585,1.2985074626865671,5.0,inventory_skew,10.0
0.01,0.08999999999650754,0.1,1.0,0.00999999999476131,0.004975124378109453,5.0,avellaneda_stoikov,10.0
0.075,-0.7900000000081491,0.1,4.0,1.2650000000139698,2.328358208955224,5.0,microstructure_adaptive,10.0
0.14,-0.2600000000093132,0.1,3.0,0.5099999999947613,0.6915422885572139,6.0,naive_symmetric,10.0
0.13,0.6499999999941792,0.1,3.0,0.4250000000029104,1.308457711442786,6.0,inventory_skew,10.0
0.015,0.3799999999901047,0.1,1.0,0.11999999999534339,0.22885572139303484,6.0,avellaneda_stoikov,10.0
0.11,-0.10999999997147825,0.1,4.0,0.5949999999866122,1.154228855721393,6.0,microstructure_adaptive,10.0
0.12,0.08000000003085006,0.1,4.0,0.5050000000046566,1.2686567164179106,7.0,naive_symmetric,10.0
0.125,2.9103830456733704e-11,0.1,3.0,0.47000000000116415,1.1243781094527363,7.0,inventory_skew,10.0
0.01,0.16999999999825377,0.1,1.0,0.1300000000046566,0.2537313432835821,7.0,avellaneda_stoikov,10.0
0.085,0.4899999999906868,0.1,2.0,0.3150000000023283,0.7512437810945274,7.0,microstructure_adaptive,10.0
0.135,-2.540000000008149,0.1,7.0,2.9649999999965075,2.45771144278607,8.0,naive_symmetric,10.0
0.12,-2.370000000024447,0.1,6.0,3.0449999999982538,3.3383084577114426,8.0,inventory_skew,10.0
0.02,-0.2400000000052387,0.1,2.0,0.2449999999953434,0.31343283582089554,8.0,avellaneda_stoikov,10.0
0.115,-1.8900000000139698,0.1,5.0,2.6000000000058208,3.2686567164179103,8.0,microstructure_adaptive,10.0
0.16,4.620000000009895,0.1,8.0,0.9949999999953434,2.9800995024875623,9.0,naive_symmetric,10.0
0.14,2.8100000000122236,0.1,4.0,0.47999999999592546,1.756218905472637,9.0,inventory_skew,10.0
0.015,-0.15000000000873115,0.1,1.0,0.46000000000640284,0.373134328358209,9.0,avellaneda_stoikov,10.0
0.105,-0.3500000000203727,0.1,4.0,1.430000000007567,2.1243781094527363,9.0,microstructure_adaptive,10.0
0.105,-0.10999999998603016,0.1,4.0,1.195000000006985,1.4975124378109452,10.0,naive_symmetric,10.0
0.105,-0.1300000000046566,0.1,4.0,1.1000000000058208,1.4676616915422886,10.0,inventory_skew,10.0
0.0,0.0,0.1,0.0,0.0,0,10.0,avellaneda_stoikov,10.0
0.1,-1.0100000000093132,0.1,5.0,1.5800000000017462,1.5124378109452736,10.0,microstructure_adaptive,10.0
0.185,2.4600000000209548,0.1,6.0,0.764999999984866,3.318407960199005,11.0,naive_symmetric,10.0
0.16,0.790000000022701,0.1,4.0,0.6500000000087311,1.154228855721393,11.0,inventory_skew,10.0
0.01,-0.2400000000052387,0.1,1.0,0.4399999999877764,0.23880597014925373,11.0,avellaneda_stoikov,10.0
0.105,0.5699999999633292,0.1,3.0,0.5850000000064028,1.2338308457711442,11.0,microstructure_adaptive,10.0
0.13,-0.17999999999301508,0.1,10.0,3.775000000008731,4.930348258706467,12.0,naive_symmetric,10.0
0.12,-0.1300000000046566,0.1,9.0,3.5599999999976717,4.388059701492537,12.0,inventory_skew,10.0
0.005,-0.059999999997671694,0.1,1.0,0.034999999988940544,0.004975124378109453,12.0,avellaneda_stoikov,10.0
0.125,-0.13999999999941792,0.1,4.0,1.4250000000029104,1.4527363184079602,12.0,microstructure_adaptive,10.0
0.13,-0.09000000002561137,0.1,4.0,0.9750000000203727,1.3930348258706469,13.0,naive_symmetric,10.0
0.13,-0.22000000003026798,0.1,4.0,1.3000000000174623,1.6069651741293531,13.0,inventory_skew,10.0
0.005,-0.10000000000582077,0.1,1.0,0.6999999999970896,0.9850746268656716,13.0,avellaneda_stoikov,10.0
0.1,-0.47000000001571607,0.1,3.0,1.4049999999988358,1.3681592039800996,13.0,microstructure_adaptive,10.0
0.1,-0.09000000002561137,0.1,5.0,1.0,2.08955223880597,14.0,naive_symmetric,10.0
0.105,0.21000000000640284,0.1,5.0,1.0,2.099502487562189,14.0,inventory_skew,10.0
0.0,0.0,0.1,0.0,0.0,0,14.0,avellaneda_stoikov,10.0
0.105,0.5500000000174623,0.1,3.0,0.5799999999871943,1.5124378109452736,14.0,microstructure_adaptive,10.0
0.105,1.1599999999889405,0.1,4.0,0.6900000000023283,1.8059701492537314,15.0,naive_symmetric,10.0
0.08,0.7200000000011642,0.1,4.0,0.9199999999982538,1.791044776119403,15.0,inventory_skew,10.0
0.0,0.0,0.1,0.0,0.0,0,15.0,avellaneda_stoikov,10.0
0.1,0.5,0.1,3.0,0.5749999999825377,1.308457711442786,15.0,microstructure_adaptive,10.0
0.15,-0.28999999999359716,0.1,4.0,0.6350000000093132,1.328358208955224,16.0,naive_symmetric,10.0
0.135,1.3299999999580905,0.1,7.0,1.2550000000046566,2.3034825870646767,16.0,inventory_skew,10.0
0.005,-0.05000000000291038,0.1,1.0,0.059999999997671694,0.004975124378109453,16.0,avellaneda_stoikov,10.0
0.075,1.6199999999953434,0.1,3.0,0.5899999999965075,1.4228855721393034,16.0,microstructure_adaptive,10.0
0.12,-0.2900000000081491,0.1,3.0,0.8000000000174623,0.9502487562189055,17.0,naive_symmetric,10.0
0.11,-0.34000000001105946,0.1,3.0,0.7600000000093132,0.835820895522388,17.0,inventory_skew,10.0
0.01,0.0,0.1,1.0,0.029999999998835847,0.01990049751243781,17.0,avellaneda_stoikov,10.0
0.095,0.4900000000052387,0.1,3.0,0.5000000000145519,1.0149253731343284,17.0,microstructure_adaptive,10.0
0.15,-0.9499999999825377,0.1,6.0,1.874999999985448,2.7960199004975124,18.0,naive_symmetric,10.0
0.14,-0.4499999999970896,0.1,4.0,1.1750000000174623,2.2139303482587063,18.0,inventory_skew,10.0
0.01,0.03999999999359716,0.1,1.0,0.014999999999417923,0.009950248756218905,18.0,avellaneda_stoikov,10.0
0.09,0.4499999999970896,0.1,4.0,0.5599999999976717,2.0646766169154227,18.0,microstructure_adaptive,10.0
0.095,-2.220000000001164,0.1,4.0,2.69000000001688,2.6218905472636815,19.0,naive_symmetric,10.0
0.1,-2.849999999976717,0.1,6.0,3.0050000000046566,2.9054726368159205,19.0,inventory_skew,10.0
0.005,-0.03999999999359716,0.1,1.0,0.11000000000058208,0.04975124378109453,19.0,avellaneda_stoikov,10.0
0.09,-2.5200000000331784,0.1,5.0,2.9500000000116415,2.54228855721393,19.0,microstructure_adaptive,10.0
0.13,-0.8900000000139698,0.1,10.0,3.5449999999982538,5.044776119402985,20.0,naive_symmetric,10.0
0.095,-0.20000000002619345,0.1,4.0,0.9549999999871943,1.7313432835820894,20.0,inventory_skew,10.0
0.0,0.0,0.1,0.0,0.0,0,20.0,avellaneda_stoikov,10.0
0.075,-0.4400000000023283,0.1,5.0,1.400000000023283,2.8407960199004973,20.0,microstructure_adaptive,10.0
0.1,1.9799999999813735,0.1,4.0,0.47500000000582077,1.5870646766169154,21.0,naive_symmetric,10.0
0.085,0.8799999999610009,0.1,3.0,0.3000000000029104,1.1741293532338308,21.0,inventory_skew,10.0
0.01,0.020000000004074536,0.1,1.0,0.024999999994179234,0.004975124378109453,21.0,avellaneda_stoikov,10.0
0.09,1.2299999999813735,0.1,3.0,0.29999999998835847,1.1741293532338308,21.0,microstructure_adaptive,10.0
0.13,-0.28000000001338776,0.1,5.0,1.6700000000128057,2.5870646766169156,22.0,naive_symmetric,10.0
0.115,-0.3600000000296859,0.1,3.0,0.7299999999959255,0.8159203980099502,22.0,inventory_skew,10.0
0.005,0.08000000000174623,0.1,1.0,0.059999999997671694,0.03482587064676617,22.0,avellaneda_stoikov,10.0
0.06,0.1299999999901047,0.1,4.0,1.0650000000023283,1.9154228855721394,22.0,microstructure_adaptive,10.0
0.17,-0.8299999999871943,0.1,4.0,1.4650000000110595,1.3980099502487562,23.0,naive_symmetric,10.0
0.165,-0.6199999999953434,0.1,4.0,1.2899999999935972,1.4875621890547264,23.0,inventory_skew,10.0
0.02,0.40000000000873115,0.1,2.0,0.1300000000046566,0.16417910447761194,23.0,avellaneda_stoikov,10.0
0.13,0.20000000001164153,0.1,4.0,1.6549999999988358,1.6318407960199004,23.0,microstructure_adaptive,10.0
0.14,0.6300000000337604,0.1,7.0,1.1299999999901047,2.0199004975124377,24.0,naive_symmetric,10.0
0.14,-0.33999999999650754,0.1,7.0,1.3099999999976717,2.0248756218905473,24.0,inventory_skew,10.0
0.0,0.0,0.1,0.0,0.0,0,24.0,avellaneda_stoikov,10.0
0.095,0.2600000000093132,0.1,5.0,0.6999999999970896,1.5522388059701493,24.0,microstructure_adaptive,10.0
0.16,0.11999999999534339,0.1,2.0,0.3249999999970896,0.7512437810945274,25.0,naive_symmetric,10.0
0.16,0.5,0.1,3.0,0.3349999999918509,1.1741293532338308,25.0,inventory_skew,10.0
0.0,0.0,0.1,0.0,0.0,0,25.0,avellaneda_stoikov,10.0
0.105,1.0599999999976717,0.1,3.0,0.3949999999895226,1.1940298507462686,25.0,microstructure_adaptive,10.0
0.155,-2.2300000000104774,0.1,10.0,3.1049999999959255,4.940298507462686,26.0,naive_symmetric,10.0
0.125,-1.5100000000238651,0.1,5.0,1.8950000000040745,2.3383084577114426,26.0,inventory_skew,10.0
0.005,0.029999999998835847,0.1,1.0,0.02500000000873115,0.01990049751243781,26.0,avellaneda_stoikov,10.0
0.085,-2.89000000001397,0.1,5.0,3.6600000000034925,3.9502487562189055,26.0,microstructure_adaptive,10.0
0.095,2.10999999998603,0.1,3.0,0.5350000000034925,1.7611940298507462,27.0,naive_symmetric,10.0
0.095,2.9099999999889405,0.1,4.0,0.6499999999941792,2.2238805970149254,27.0,inventory_skew,10.0
0.0,0.0,0.1,0.0,0.0,0,27.0,avellaneda_stoikov,10.0
0.09,1.9099999999743886,0.1,3.0,0.7350000000005821,1.7661691542288558,27.0,microstructure_adaptive,10.0
0.135,0.01999999998952262,0.1,5.0,1.194999999992433,1.671641791044776,28.0,naive_symmetric,10.0
0.14,0.03999999999359716,0.1,5.0,1.2050000000162981,1.7661691542288558,28.0,inventory_skew,10.0
0.0,0.0,0.1,0.0,0.0,0,28.0,avellaneda_stoikov,10.0
0.12,1.5800000000017462,0.1,6.0,0.8100000000122236,2.572139303482587,28.0,microstructure_adaptive,10.0
0.13,0.14999999999417923,0.1,6.0,1.014999999999418,1.6318407960199004,29.0,naive_symmetric,10.0
0.12,0.11999999999534339,0.1,6.0,1.2500000000291038,2.199004975124378,29.0,inventory_skew,10.0
0.02,0.19999999999708962,0.1,1.0,0.2600000000093132,0.22885572139303484,29.0,avellaneda_stoikov,10.0
0.105,0.12000000003899913,0.1,4.0,0.8699999999807915,0.9900497512437811,29.0,microstructure_adaptive,10.0
0.08,0.6400000000139698,0.3,4.0,1.2550000000192085,1.9701492537313432,0.0,naive_symmetric,10.0
0.095,0.6100000000005821,0.3,5.0,1.7850000000180444,2.3383084577114426,0.0,inventory_skew,10.0
0.015,0.020000000004074536,0.3,1.0,0.305000000007567,0.373134328358209,0.0,avellaneda_stoikov,10.0
0.07,0.9399999999877764,0.3,4.0,1.3700000000098953,2.3034825870646767,0.0,microstructure_adaptive,10.0
0.115,-0.14999999997962732,0.3,3.0,0.8399999999819556,1.0796019900497513,1.0,naive_symmetric,10.0
0.12,0.1899999999877764,0.3,3.0,0.3699999999953434,0.8109452736318408,1.0,inventory_skew,10.0
0.0,0.0,0.3,0.0,0.0,0,1.0,avellaneda_stoikov,10.0
0.095,0.47000000000116415,0.3,2.0,0.29999999995925464,0.9253731343283582,1.0,microstructure_adaptive,10.0
0.1,0.8499999999767169,0.3,5.0,0.4450000000069849,1.2487562189054726,2.0,naive_symmetric,10.0
0.095,0.8799999999901047,0.3,4.0,0.4349999999976717,1.0248756218905473,2.0,inventory_skew,10.0
0.005,0.020000000004074536,0.3,1.0,0.00999999999476131,0.004975124378109453,2.0,avellaneda_stoikov,10.0
0.085,0.7400000000052387,0.3,2.0,0.1850000000122236,0.6915422885572139,2.0,microstructure_adaptive,10.0
0.12,-0.030000000027939677,0.3,4.0,0.9500000000261934,1.4875621890547264,3.0,naive_symmetric,10.0
0.115,-0.13000000003376044,0.3,5.0,1.1200000000098953,1.855721393034826,3.0,inventory_skew,10.0
0.005,0.0,0.3,0.0,0.0,0,3.0,avellaneda_stoikov,10.0
0.1,-0.02999999998428393,0.3,3.0,0.7750000000087311,1.3432835820895523,3.0,microstructure_adaptive,10.0
0.08,-1.9499999999825377,0.3,7.0,3.0949999999866122,3.985074626865672,4.0,naive_symmetric,10.0
0.08,-1.179999999993015,0.3,5.0,1.834999999991851,3.3781094527363185,4.0,inventory_skew,10.0
0.02,0.3699999999953434,0.3,1.0,0.1900000000023283,0.43283582089552236,4.0,avellaneda_stoikov,10.0
0.055,-0.44000000003143214,0.3,3.0,0.6450000000186265,0.9253731343283582,4.0,microstructure_adaptive,10.0
0.07,-1.1200000000244472,0.3,4.0,1.250000000014552,1.6119402985074627,5.0,naive_symmetric,10.0
0.065,-0.33000000001629815,0.3,2.0,0.34500000001571607,0.5671641791044776,5.0,inventory_skew,10.0
0.005,-0.05000000000291038,0.3,1.0,0.0650000000023283,0.03482587064676617,5.0,avellaneda_stoikov,10.0
0.065,0.14999999999417923,0.3,2.0,0.35499999999592546,0.5223880597014925,5.0,microstructure_adaptive,10.0
0.09,-0.19000000001688022,0.3,3.0,0.5599999999976717,0.9402985074626866,6.0,naive_symmetric,10.0
0.1,-0.8500000000058208,0.3,5.0,0.9500000000116415,1.4577114427860696,6.0,inventory_skew,10.0
0.005,0.07000000000698492,0.3,1.0,0.04000000000814907,0.01990049751243781,6.0,avellaneda_stoikov,10.0
0.075,-1.389999999970314,0.3,6.0,1.5749999999825377,2.5671641791044775,6.0,microstructure_adaptive,10.0
0.095,0.31000000004132744,0.3,9.0,1.1649999999935972,3.6318407960199006,7.0,naive_symmetric,10.0
0.09,0.2500000000145519,0.3,6.0,0.9700000000011642,3.0049751243781095,7.0,inventory_skew,10.0
0.01,0.16000000000349246,0.3,1.0,0.1300000000046566,0.2537313432835821,7.0,avellaneda_stoikov,10.0
0.08,0.459999999977299,0.3,6.0,0.9200000000128057,3.0398009950248754,7.0,microstructure_adaptive,10.0
0.105,-1.5500000000029104,0.3,5.0,2.125,1.626865671641791,8.0,naive_symmetric,10.0
0.11,-1.9799999999959255,0.3,6.0,2.6900000000023283,2.7064676616915424,8.0,inventory_skew,10.0
0.01,-0.01999999998952262,0.3,1.0,0.16999999999825377,0.1791044776119403,8.0,avellaneda_stoikov,10.0
0.095,-1.9499999999970896,0.3,5.0,2.80999999998312,3.427860696517413,8.0,microstructure_adaptive,10.0
0.11,1.3100000000122236,0.3,2.0,0.16000000000349246,0.6218905472636815,9.0,naive_symmetric,10.0
0.115,1.9200000000128057,0.3,3.0,0.319999999992433,1.054726368159204,9.0,inventory_skew,10.0
0.015,0.34999999999126885,0.3,1.0,0.1300000000046566,0.20398009950248755,9.0,avellaneda_stoikov,10.0
0.105,1.1599999999598367,0.3,2.0,0.19500000002153683,0.8606965174129353,9.0,microstructure_adaptive,10.0
0.095,-1.3199999999633292,0.3,3.0,1.5099999999947613,1.736318407960199,10.0,naive_symmetric,10.0
0.09,-0.9899999999615829,0.3,3.0,1.4099999999889405,1.6766169154228856,10.0,inventory_skew,10.0
0.0,0.0,0.3,0.0,0.0,0,10.0,avellaneda_stoikov,10.0
0.07,-1.1100000000442378,0.3,4.0,1.415000000022701,1.8756218905472637,10.0,microstructure_adaptive,10.0
0.155,-0.7899999999935972,0.3,5.0,1.4200000000128057,2.27363184079602,11.0,naive_symmetric,10.0
0.15,-0.6999999999825377,0.3,6.0,1.4899999999906868,2.4527363184079602,11.0,inventory_skew,10.0
0.01,0.3099999999976717,0.3,1.0,0.04999999998835847,0.11940298507462686,11.0,avellaneda_stoikov,10.0
0.12,-0.46000000000640284,0.3,6.0,1.9100000000034925,3.1144278606965172,11.0,microstructure_adaptive,10.0
0.08,-0.4900000000343425,0.3,9.0,3.6450000000040745,4.557213930348259,12.0,naive_symmetric,10.0
0.07,-0.34000000001105946,0.3,8.0,3.5200000000040745,4.1393034825870645,12.0,inventory_skew,10.0
0.0,0.0,0.3,0.0,0.0,0,12.0,avellaneda_stoikov,10.0
0.065,0.47999999999592546,0.3,5.0,2.0899999999965075,3.2935323383084576,12.0,microstructure_adaptive,10.0
0.065,-0.8099999999831198,0.3,4.0,1.7299999999959255,1.835820895522388,13.0,naive_symmetric,10.0
0.09,-2.4100000000034925,0.3,8.0,4.619999999995343,4.54228855721393,13.0,inventory_skew,10.0
0.0,0.0,0.3,0.0,0.0,0,13.0,avellaneda_stoikov,10.0
0.09,-0.6200000000389991,0.3,5.0,1.915000000008149,2.3930348258706466,13.0,microstructure_adaptive,10.0
0.065,0.34000000001105946,0.3,3.0,0.7649999999994179,1.7462686567164178,14.0,naive_symmetric,10.0
0.06,0.5200000000040745,0.3,2.0,0.3000000000029104,0.6368159203980099,14.0,inventory_skew,10.0
0.0,0.0,0.3,0.0,0.0,0,14.0,avellaneda_stoikov,10.0
0.035,0.08000000001629815,0.3,2.0,0.5249999999941792,1.1144278606965174,14.0,microstructure_adaptive,10.0
0.065,0.4299999999930151,0.3,5.0,1.1999999999970896,2.6965174129353233,15.0,naive_symmetric,10.0
0.06,0.569999999992433,0.3,4.0,0.9600000000064028,2.154228855721393,15.0,inventory_skew,10.0
0.0,0.0,0.3,0.0,0.0,0,15.0,avellaneda_stoikov,10.0
0.04,0.3700000000244472,0.3,3.0,0.4800000000104774,1.199004975124378,15.0,microstructure_adaptive,10.0
0.095,0.2699999999895226,0.3,4.0,0.8450000000011642,1.5522388059701493,16.0,naive_symmetric,10.0
0.075,1.6999999999825377,0.3,3.0,0.8450000000011642,1.6766169154228856,16.0,inventory_skew,10.0
0.0,0.0,0.3,0.0,0.0,0,16.0,avellaneda_stoikov,10.0
0.07,1.7599999999947613,0.3,4.0,0.7399999999906868,1.537313432835821,16.0,microstructure_adaptive,10.0
0.085,-0.18999999997322448,0.3,5.0,1.3999999999941792,3.044776119402985,17.0,naive_symmetric,10.0
0.075,-0.22999999999592546,0.3,4.0,0.8699999999953434,2.1641791044776117,17.0,inventory_skew,10.0
0.01,0.16999999999825377,0.3,1.0,0.11999999999534339,0.13432835820895522,17.0,avellaneda_stoikov,10.0
0.085,-0.569999999992433,0.3,4.0,0.8500000000203727,1.2885572139303483,17.0,microstructure_adaptive,10.0
0.105,0.34999999999126885,0.3,7.0,0.8500000000058208,3.5920398009950247,18.0,naive_symmetric,10.0
0.1,-0.02000000001862645,0.3,6.0,0.5599999999976717,2.0497512437810945,18.0,inventory_skew,10.0
0.015,0.08000000000174623,0.3,1.0,0.1900000000023283,0.44776119402985076,18.0,avellaneda_stoikov,10.0
0.09,0.9500000000261934,0.3,5.0,0.5599999999976717,2.5223880597014925,18.0,microstructure_adaptive,10.0
0.055,-0.9100000000034925,0.3,3.0,1.2100000000064028,1.3681592039800996,19.0,naive_symmetric,10.0
0.075,-3.1199999999953434,0.3,6.0,3.5500000000029104,3.2039800995024876,19.0,inventory_skew,10.0
0.005,-0.03999999999359716,0.3,1.0,0.11000000000058208,0.04975124378109453,19.0,avellaneda_stoikov,10.0
0.035,-3.25,0.3,5.0,3.5249999999941792,3.0248756218905473,19.0,microstructure_adaptive,10.0
0.1,-1.1000000000203727,0.3,10.0,3.8399999999965075,5.641791044776119,20.0,naive_symmetric,10.0
0.105,-1.08000000003085,0.3,9.0,3.400000000008731,4.975124378109452,20.0,inventory_skew,10.0
0.005,-0.3600000000005821,0.3,1.0,0.4850000000005821,0.9751243781094527,20.0,avellaneda_stoikov,10.0
0.065,-0.28000000001338776,0.3,6.0,1.915000000008149,4.17910447761194,20.0,microstructure_adaptive,10.0
0.095,-0.1900000000023283,0.3,3.0,0.5549999999784632,1.1741293532338308,21.0,naive_symmetric,10.0
0.07,-0.35000000000582077,0.3,2.0,0.5549999999930151,0.8059701492537313,21.0,inventory_skew,10.0
0.01,0.029999999998835847,0.3,0.0,0.0,0,21.0,avellaneda_stoikov,10.0
0.06,-1.2800000000133878,0.3,4.0,1.8250000000116415,2.2786069651741294,21.0,microstructure_adaptive,10.0
0.095,-0.23999999999068677,0.3,4.0,1.2849999999889405,2.27363184079602,22.0,naive_symmetric,10.0
0.085,-0.10999999998603016,0.3,2.0,0.22999999999592546,0.48258706467661694,22.0,inventory_skew,10.0
0.0,0.0,0.3,0.0,0.0,0,22.0,avellaneda_stoikov,10.0
0.08,-0.12000000003899913,0.3,3.0,1.0800000000017462,1.4577114427860696,22.0,microstructure_adaptive,10.0
0.08,0.47999999999592546,0.3,6.0,1.584999999977299,3.527363184079602,23.0,naive_symmetric,10.0
0.08,0.6499999999796273,0.3,5.0,1.5449999999982538,3.2338308457711444,23.0,inventory_skew,10.0
0.0,0.0,0.3,0.0,0.0,0,23.0,avellaneda_stoikov,10.0
0.09,0.19000000003143214,0.3,5.0,1.875,2.6766169154228856,23.0,microstructure_adaptive,10.0
0.105,1.3299999999726424,0.3,9.0,0.9499999999970896,2.283582089552239,24.0,naive_symmetric,10.0
0.075,0.389999999984866,0.3,3.0,0.40499999999883585,1.0298507462686568,24.0,inventory_skew,10.0
0.0,0.0,0.3,0.0,0.0,0,24.0,avellaneda_stoikov,10.0
0.075,0.5900000000110595,0.3,3.0,0.34999999999126885,0.9751243781094527,24.0,microstructure_adaptive,10.0
0.105,-0.7200000000011642,0.3,4.0,1.6450000000040745,1.890547263681592,25.0,naive_symmetric,10.0
0.115,-0.5500000000029104,0.3,3.0,1.0100000000093132,1.2587064676616915,25.0,inventory_skew,10.0
0.0,0.0,0.3,0.0,0.0,0,25.0,avellaneda_stoikov,10.0
0.085,-0.3100000000267755,0.3,3.0,0.8450000000011642,1.1194029850746268,25.0,microstructure_adaptive,10.0
0.095,-0.9400000000168802,0.3,7.0,1.3550000000104774,2.27363184079602,26.0,naive_symmetric,10.0
0.095,-1.790000000008149,0.3,9.0,2.430000000007567,3.990049751243781,26.0,inventory_skew,10.0
0.01,0.22000000000116415,0.3,2.0,0.17000000001280569,0.3283582089552239,26.0,avellaneda_stoikov,10.0
0.115,-0.709999999977299,0.3,5.0,1.319999999992433,2.2338308457711444,26.0,microstructure_adaptive,10.0
0.075,1.6199999999807915,0.3,3.0,0.8400000000110595,1.7761194029850746,27.0,naive_symmetric,10.0
0.07,1.500000000014552,0.3,3.0,0.9149999999935972,1.6467661691542288,27.0,inventory_skew,10.0
0.0,0.0,0.3,0.0,0.0,0,27.0,avellaneda_stoikov,10.0
0.07,-0.40999999998894054,0.3,2.0,0.8999999999796273,0.7064676616915423,27.0,microstructure_adaptive,10.0
0.105,-1.3100000000267755,0.3,8.0,1.8000000000029104,2.681592039800995,28.0,naive_symmetric,10.0
0.11,-0.20000000002619345,0.3,5.0,1.0650000000023283,1.6019900497512438,28.0,inventory_skew,10.0
0.0,0.0,0.3,0.0,0.0,0,28.0,avellaneda_stoikov,10.0
0.07,1.6300000000192085,0.3,5.0,0.7149999999965075,2.681592039800995,28.0,microstructure_adaptive,10.0
0.11,-0.8399999999965075,0.3,8.0,2.2049999999871943,3.144278606965174,29.0,naive_symmetric,10.0
0.105,-1.4099999999889405,0.3,9.0,2.389999999999418,2.582089552238806,29.0,inventory_skew,10.0
0.02,0.11999999999534339,0.3,1.0,0.2600000000093132,0.22885572139303484,29.0,avellaneda_stoikov,10.0
0.08,-0.47000000000116415,0.3,7.0,2.279999999998836,3.825870646766169,29.0,microstructure_adaptive,10.0
0.065,0.04000000000814907,0.5,3.0,1.2000000000116415,1.6517412935323383,0.0,naive_symmetric,10.0
0.07,0.1200000000098953,0.5,3.0,1.2000000000116415,1.6517412935323383,0.0,inventory_skew,10.0
0.015,0.27000000000407454,0.5,1.0,0.04000000000814907,0.05472636815920398,0.0,avellaneda_stoikov,10.0
0.08,0.6300000000192085,0.5,4.0,1.375000000014552,2.109452736318408,0.0,microstructure_adaptive,10.0
0.08,-1.1899999999877764,0.5,5.0,2.5350000000034925,2.800995024875622,1.0,naive_symmetric,10.0
0.07,-0.7599999999802094,0.5,3.0,1.5349999999889405,1.5323383084577114,1.0,inventory_skew,10.0
0.0,0.0,0.5,0.0,0.0,0,1.0,avellaneda_stoikov,10.0
0.06,-0.24999999998544808,0.5,3.0,0.8749999999854481,0.9751243781094527,1.0,microstructure_adaptive,10.0
0.05,0.16000000000349246,0.5,3.0,0.16000000000349246,0.4228855721393035,2.0,naive_symmetric,10.0
0.05,0.16999999999825377,0.5,3.0,0.16000000000349246,0.4228855721393035,2.0,inventory_skew,10.0
0.025,-0.08999999998195563,0.5,1.0,0.319999999992433,0.5472636815920398,2.0,avellaneda_stoikov,10.0
0.075,0.7899999999790452,0.5,6.0,0.6399999999994179,1.9800995024875623,2.0,microstructure_adaptive,10.0
0.075,-0.06000000001222361,0.5,4.0,1.3500000000058208,1.8955223880597014,3.0,naive_symmetric,10.0
0.08,-0.10999999998603016,0.5,5.0,1.7299999999813735,2.383084577114428,3.0,inventory_skew,10.0
0.01,0.10000000000582077,0.5,1.0,0.22499999999126885,0.19402985074626866,3.0,avellaneda_stoikov,10.0
0.07,-0.07000000000698492,0.5,3.0,0.9550000000017462,1.6666666666666667,3.0,microstructure_adaptive,10.0
0.06,-0.8899999999994179,0.5,4.0,1.2049999999871943,2.0597014925373136,4.0,naive_symmetric,10.0
0.07,-1.6600000000180444,0.5,6.0,2.095000000001164,2.6666666666666665,4.0,inventory_skew,10.0
0.015,0.08000000000174623,0.5,1.0,0.16000000000349246,0.24875621890547264,4.0,avellaneda_stoikov,10.0
0.06,0.07999999998719431,0.5,2.0,0.5050000000046566,0.7611940298507462,4.0,microstructure_adaptive,10.0
0.045,0.5399999999790452,0.5,2.0,0.4400000000023283,0.7213930348258707,5.0,naive_symmetric,10.0
0.06,-0.17000000001280569,0.5,3.0,0.6849999999976717,1.5024875621890548,5.0,inventory_skew,10.0
0.015,0.33999999999650754,0.5,1.0,0.08000000000174623,0.208955223880597,5.0,avellaneda_stoikov,10.0
0.045,-0.9800000000104774,0.5,4.0,1.0350000000034925,1.9751243781094527,5.0,microstructure_adaptive,10.0
0.065,-0.5800000000017462,0.5,2.0,0.8349999999918509,0.7860696517412935,6.0,naive_symmetric,10.0
0.075,-0.8899999999703141,0.5,4.0,1.0199999999749707,1.462686567164179,6.0,inventory_skew,10.0
0.005,0.10000000000582077,0.5,1.0,0.04000000000814907,0.01990049751243781,6.0,avellaneda_stoikov,10.0
0.08,1.000000000014552,0.5,4.0,0.5299999999988358,1.900497512437811,6.0,microstructure_adaptive,10.0
0.09,0.6299999999901047,0.5,2.0,0.33500000000640284,0.7910447761194029,7.0,naive_symmetric,10.0
0.095,0.5499999999883585,0.5,2.0,0.28499999998894054,0.845771144278607,7.0,inventory_skew,10.0
0.02,0.2599999999947613,0.5,1.0,0.1300000000046566,0.31343283582089554,7.0,avellaneda_stoikov,10.0
0.065,0.15999999998894054,0.5,5.0,0.7300000000104774,2.0348258706467663,7.0,microstructure_adaptive,10.0
0.1,-2.0,0.5,6.0,2.779999999998836,2.63681592039801,8.0,naive_symmetric,10.0
0.095,-1.4300000000366708,0.5,5.0,2.26500000001397,2.472636815920398,8.0,inventory_skew,10.0
0.01,-0.07999999998719431,0.5,1.0,0.22999999999592546,0.27860696517412936,8.0,avellaneda_stoikov,10.0
0.085,-0.4499999999970896,0.5,3.0,1.0399999999935972,1.3930348258706469,8.0,microstructure_adaptive,10.0
0.085,1.4500000000116415,0.5,3.0,0.4349999999831198,1.0597014925373134,9.0,naive_symmetric,10.0
0.075,1.8399999999965075,0.5,3.0,0.28999999999359716,0.9701492537313433,9.0,inventory_skew,10.0
0.005,-0.08999999999650754,0.5,1.0,0.069999999992433,0.024875621890547265,9.0,avellaneda_stoikov,10.0
0.08,2.210000000006403,0.5,3.0,0.21999999998661224,1.1492537313432836,9.0,microstructure_adaptive,10.0
0.07,0.059999999997671694,0.5,3.0,0.6050000000104774,0.746268656716418,10.0,naive_symmetric,10.0
0.075,-0.2900000000081491,0.5,3.0,0.8250000000116415,1.1592039800995024,10.0,inventory_skew,10.0
0.005,-0.08000000000174623,0.5,1.0,0.22999999999592546,0.1044776119402985,10.0,avellaneda_stoikov,10.0
0.065,-1.2699999999749707,0.5,4.0,1.7549999999901047,2.1144278606965172,10.0,microstructure_adaptive,10.0
0.115,-2.580000000016298,0.5,7.0,2.9649999999965075,3.029850746268657,11.0,naive_symmetric,10.0
0.11,-1.970000000015716,0.5,6.0,2.330000000016298,2.54228855721393,11.0,inventory_skew,10.0
0.01,0.41999999999825377,0.5,1.0,0.11000000000058208,0.19900497512437812,11.0,avellaneda_stoikov,10.0
0.095,-1.1500000000087311,0.5,5.0,1.4900000000052387,2.0696517412935322,11.0,microstructure_adaptive,10.0
0.115,-0.5200000000331784,0.5,6.0,2.3150000000023283,2.388059701492537,12.0,naive_symmetric,10.0
0.1,-0.3700000000244472,0.5,4.0,0.9950000000098953,1.4129353233830846,12.0,inventory_skew,10.0
0.0,0.0,0.5,0.0,0.0,0,12.0,avellaneda_stoikov,10.0
0.085,0.20000000002619345,0.5,4.0,1.4250000000029104,1.9701492537313432,12.0,microstructure_adaptive,10.0
0.065,-0.00999999999476131,0.5,2.0,0.39999999999417923,0.5870646766169154,13.0,naive_symmetric,10.0
0.065,0.9800000000104774,0.5,3.0,0.4850000000005821,1.4328358208955223,13.0,inventory_skew,10.0
0.01,-0.3200000000069849,0.5,1.0,0.4900000000052387,0.40298507462686567,13.0,avellaneda_stoikov,10.0
0.07,0.2899999999644933,0.5,2.0,0.5800000000162981,0.900497512437811,13.0,microstructure_adaptive,10.0
0.075,-0.10999999998603016,0.5,2.0,0.27999999999883585,0.3681592039800995,14.0,naive_symmetric,10.0
0.08,0.07000000000698492,0.5,2.0,0.4850000000005821,0.6268656716417911,14.0,inventory_skew,10.0
0.01,0.04999999998835847,0.5,1.0,0.33999999999650754,0.3681592039800995,14.0,avellaneda_stoikov,10.0
0.06,0.01999999998952262,0.5,1.0,0.2600000000093132,0.4228855721393035,14.0,microstructure_adaptive,10.0
0.07,0.6399999999994179,0.5,4.0,0.8399999999965075,1.9701492537313432,15.0,naive_symmetric,10.0
0.065,0.6699999999982538,0.5,4.0,0.8300000000017462,2.0398009950248754,15.0,inventory_skew,10.0
0.005,-0.010000000009313226,0.5,1.0,0.0650000000023283,0.01990049751243781,15.0,avellaneda_stoikov,10.0
0.045,0.7999999999592546,0.5,3.0,0.6900000000023283,1.4427860696517414,15.0,microstructure_adaptive,10.0
0.1,1.1800000000366708,0.5,4.0,0.5549999999930151,1.0696517412935322,16.0,naive_symmetric,10.0
0.095,1.1700000000273576,0.5,3.0,0.5599999999976717,0.9601990049751243,16.0,inventory_skew,10.0
0.0,0.0,0.5,0.0,0.0,0,16.0,avellaneda_stoikov,10.0
0.065,1.9800000000250293,0.5,5.0,1.6899999999877764,2.3781094527363185,16.0,microstructure_adaptive,10.0
0.08,0.0,0.5,6.0,1.5850000000064028,3.462686567164179,17.0,naive_symmetric,10.0
0.065,0.08999999998195563,0.5,5.0,0.8399999999965075,2.228855721393035,17.0,inventory_skew,10.0
0.02,0.15000000000873115,0.5,2.0,0.11999999999534339,0.16417910447761194,17.0,avellaneda_stoikov,10.0
0.065,-0.069999999992433,0.5,4.0,0.5449999999982538,1.2736318407960199,17.0,microstructure_adaptive,10.0
0.075,-0.03999999999359716,0.5,4.0,0.41999999999825377,1.2139303482587065,18.0,naive_symmetric,10.0
0.075,-0.04000000000814907,0.5,3.0,0.41999999999825377,1.1243781094527363,18.0,inventory_skew,10.0
0.01,-0.20999999999185093,0.5,1.0,0.34000000001105946,0.26865671641791045,18.0,avellaneda_stoikov,10.0
0.05,0.3899999999994179,0.5,3.0,0.41999999999825377,1.044776119402985,18.0,microstructure_adaptive,10.0
0.05,-1.4400000000023283,0.5,4.0,1.5200000000040745,1.5820895522388059,19.0,naive_symmetric,10.0
0.04,-3.4099999999743886,0.5,6.0,3.4249999999883585,3.2238805970149254,19.0,inventory_skew,10.0
0.0,0.0,0.5,0.0,0.0,0,19.0,avellaneda_stoikov,10.0
0.05,-3.360000000000582,0.5,6.0,3.335000000006403,3.199004975124378,19.0,microstructure_adaptive,10.0
0.09,-1.4600000000209548,0.5,9.0,3.5249999999941792,5.830845771144278,20.0,naive_symmetric,10.0
0.08,-0.8300000000162981,0.5,8.0,2.915000000008149,5.1393034825870645,20.0,inventory_skew,10.0
0.0,0.0,0.5,0.0,0.0,0,20.0,avellaneda_stoikov,10.0
0.055,-0.6400000000139698,0.5,5.0,2.0350000000034925,4.039800995024875,20.0,microstructure_adaptive,10.0
0.045,-1.1499999999941792,0.5,6.0,1.5449999999982538,2.7512437810945274,21.0,naive_symmetric,10.0
0.075,-1.0300000000133878,0.5,8.0,1.750000000014552,3.4676616915422884,21.0,inventory_skew,10.0
0.01,-0.3000000000029104,0.5,1.0,0.39999999999417923,0.36318407960199006,21.0,avellaneda_stoikov,10.0
0.05,-2.0100000000093132,0.5,5.0,2.4900000000052387,3.36318407960199,21.0,microstructure_adaptive,10.0
0.065,0.9000000000087311,0.5,3.0,0.34500000000116415,1.0945273631840795,22.0,naive_symmetric,10.0
0.06,1.1200000000098953,0.5,2.0,0.40499999999883585,1.36318407960199,22.0,inventory_skew,10.0
0.0,0.0,0.5,0.0,0.0,0,22.0,avellaneda_stoikov,10.0
0.06,0.6600000000034925,0.5,2.0,0.35499999999592546,1.0298507462686568,22.0,microstructure_adaptive,10.0
0.08,0.8300000000162981,0.5,10.0,2.7749999999941792,5.711442786069652,23.0,naive_symmetric,10.0
0.09,0.6500000000232831,0.5,7.0,2.0249999999941792,4.129353233830845,23.0,inventory_skew,10.0
0.025,0.11000000000058208,0.5,2.0,0.47000000000116415,0.8855721393034826,23.0,avellaneda_stoikov,10.0
0.05,0.45000000001164153,0.5,5.0,2.01500000001397,3.6218905472636815,23.0,microstructure_adaptive,10.0
0.085,0.5100000000093132,0.5,3.0,0.3000000000174623,0.7412935323383084,24.0,naive_symmetric,10.0
0.075,0.5100000000093132,0.5,3.0,0.305000000007567,0.7611940298507462,24.0,inventory_skew,10.0
0.0,0.0,0.5,0.0,0.0,0,24.0,avellaneda_stoikov,10.0
0.07,-0.00999999999476131,0.5,5.0,1.2149999999965075,1.7213930348258706,24.0,microstructure_adaptive,10.0
0.09,-0.00999999999476131,0.5,3.0,1.2349999999860302,1.4378109452736318,25.0,naive_symmetric,10.0
0.09,0.020000000004074536,0.5,3.0,1.2049999999871943,1.4378109452736318,25.0,inventory_skew,10.0
0.005,-0.00999999999476131,0.5,1.0,0.16000000000349246,0.23880597014925373,25.0,avellaneda_stoikov,10.0
0.08,-0.4800000000250293,0.5,3.0,1.0350000000180444,1.208955223880597,25.0,microstructure_adaptive,10.0
0.115,-2.9800000000250293,0.5,7.0,3.694999999992433,4.159203980099503,26.0,naive_symmetric,10.0
0.095,-2.279999999998836,0.5,5.0,2.7749999999941792,3.099502487562189,26.0,inventory_skew,10.0
0.02,0.21999999998661224,0.5,1.0,0.5200000000040745,0.5024875621890548,26.0,avellaneda_stoikov,10.0
0.095,-2.5799999999871943,0.5,5.0,3.14000000001397,2.512437810945274,26.0,microstructure_adaptive,10.0
0.065,1.279999999984284,0.5,1.0,0.2400000000052387,0.6766169154228856,27.0,naive_symmetric,10.0
0.07,1.279999999984284,0.5,1.0,0.08999999999650754,0.4975124378109453,27.0,inventory_skew,10.0
0.0,0.0,0.5,0.0,0.0,0,27.0,avellaneda_stoikov,10.0
0.055,2.2800000000133878,0.5,4.0,1.1199999999953434,1.771144278606965,27.0,microstructure_adaptive,10.0
0.105,0.3200000000069849,0.5,4.0,0.5050000000046566,1.3432835820895523,28.0,naive_symmetric,10.0
0.1,0.07999999998719431,0.5,4.0,0.6950000000215368,1.2139303482587065,28.0,inventory_skew,10.0
0.0,0.0,0.5,0.0,0.0,0,28.0,avellaneda_stoikov,10.0
0.09,0.23999999999068677,0.5,4.0,0.9150000000081491,1.472636815920398,28.0,microstructure_adaptive,10.0
0.13,-0.7100000000064028,0.5,6.0,2.125,2.517412935323383,29.0,naive_symmetric,10.0
0.135,-0.8400000000256114,0.5,5.0,1.5100000000093132,1.4179104477611941,29.0,inventory_skew,10.0
0.02,0.08999999999650754,0.5,1.0,0.029999999998835847,0.03980099502487562,29.0,avellaneda_stoikov,10.0
0.095,-0.27999999999883585,0.5,5.0,1.054999999993015,2.0199004975124377,29.0,microstructure_adaptive,10.0
