accounting_error,adverse_selection_cost,average_quoted_spread_ticks,executable_mark_adjustment,external_cancel_count,external_event_count,external_limit_count,external_market_count,external_successful_cancel_count,external_trade_count,external_unfilled_market_quantity,fees,fill_count,fill_rate,filled_quantity_rate,final_inventory,final_pnl,final_wealth,inventory_mark_to_market,inventory_rms,liquidation_count,liquidation_pnl,max_abs_inventory,max_drawdown,max_drawdown_pct,max_queue_ahead_at_entry,mean_abs_inventory,mean_queue_ahead_at_entry,pnl_per_second,pnl_per_traded_unit,quote_count,quote_to_trade_ratio,seed,spread_capture,strategy,terminal_liquidation_unfilled,time_at_inventory_limit,total_traded_quantity,turnover_notional_ticks
-2.3282931138624008e-11,1.3100000000000007,2.505,-1.4899999999598368,412.0,970.0,510.0,48.0,412.0,115.0,0.0,0.19000000000000006,33.0,0.165,0.0825,0.0,-0.05999999998311978,99999.94000000002,0.09999999999999998,1.5913322432659094,1.0,2.35,5.0,0.09500000000116415,9.49999525011879e-07,14.0,1.0298507462686568,1.8484848484848484,-0.002999999999155989,-0.0018181818176702964,200.0,6.0606060606060606,0.0,-0.8300000000000001,naive_symmetric,0.0,0.0,33.0,329924
-1.397015836346327e-11,1.1800000000000006,2.83,-0.8200000000081489,416.0,974.0,510.0,48.0,416.0,112.0,0.0,0.15000000000000005,29.0,0.145,0.0725,0.0,0.06999999997788109,100000.06999999998,0.11000000000000001,0.903283121734238,1.0,0.47000000000000003,2.0,0.069999999992433,6.999994049248361e-07,13.0,0.6368159203980099,1.9310344827586208,0.0034999999988940544,0.002413793102685555,200.0,6.896551724137931,0.0,0.4600000000000001,inventory_skew,0.0,0.0,29.0,289937
0.0,0.0,35.34170854271357,0.0,441.0,996.0,508.0,47.0,441.0,91.0,0.0,0.0,0.0,0.0,0.0,0.0,0.0,100000.0,0.0,0.0,0.0,0.0,0.0,0.0,0.0,0.0,0.0,0.0,0.0,0.0,200.0,0.0,0.0,0.0,avellaneda_stoikov,0.0,0.0,0.0,0
-5.238809386298726e-12,0.47,5.925,0.6400000000232832,341.0,807.0,418.0,48.0,341.0,99.0,0.0,0.06999999999999999,12.0,0.06,0.03896103896103896,0.0,-0.08999999998195563,99999.91000000002,0.009999999999999995,1.9875232718685096,1.0,-1.0,3.0,0.23499999998603016,2.349999764860325e-06,6.0,1.8407960199004976,0.5,-0.004499999999097781,-0.007499999998496302,200.0,16.666666666666668,0.0,0.32999999999999996,microstructure_adaptive,0.0,0.0,12.0,119974
1.804445481923267e-11,1.4400000000000008,2.275,-1.5800000000419097,410.0,966.0,514.0,42.0,410.0,116.0,10.0,0.20000000000000007,37.0,0.185,0.0925,0.0,-0.010000000023865141,99999.98999999998,0.16,2.3244322047818184,1.0,1.05,5.0,0.180000000007567,1.7999987400765523e-06,14.0,1.9502487562189055,0.4594594594594595,-0.0005000000011932571,-0.0002702702709152741,200.0,5.405405405405405,1.0,0.56,naive_symmetric,0.0,0.0,37.0,370019
6.985079181731635e-12,1.3300000000000007,2.83,-1.2400000000209548,412.0,968.0,514.0,42.0,412.0,114.0,10.0,0.18000000000000008,35.0,0.175,0.0875,0.0,0.10999999998603016,100000.10999999999,0.06999999999999999,1.2257599937137182,1.0,0.35000000000000003,3.0,0.08500000000640284,8.49999065065057e-07,18.0,0.9651741293532339,1.0857142857142856,0.005499999999301508,0.003142857142458005,200.0,5.714285714285714,1.0,1.1099999999999999,inventory_skew,0.0,0.0,35.0,350027
7.56700258008891e-12,0.08,34.91878172588832,-6.984968159429172e-12,438.0,988.0,508.0,42.0,438.0,86.0,10.0,0.02,3.0,0.015,0.007614213197969543,0.0,0.11000000000058208,100000.11,-0.07,0.14106912317171966,1.0,-0.43,1.0,0.07499999999708962,7.499989499723662e-07,11.0,0.01990049751243781,3.6666666666666665,0.005500000000029104,0.03666666666686069,200.0,66.66666666666667,1.0,0.63,avellaneda_stoikov,0.0,0.0,3.0,29987
7.567058091240142e-12,0.7700000000000002,5.57,-1.3700000000116417,348.0,824.0,434.0,42.0,348.0,101.0,10.0,0.11000000000000001,19.0,0.095,0.059375,0.0,-0.020000000004074536,99999.98,-0.07000000000000003,2.8763921569904234,1.0,1.05,4.0,0.24499999998079147,2.449997672310126e-06,10.0,2.671641791044776,0.631578947368421,-0.0010000000002037268,-0.0010526315791618177,200.0,10.526315789473685,1.0,0.4800000000000001,microstructure_adaptive,0.0,0.0,19.0,189995
9.895195773879095e-12,1.0400000000000005,2.39,-0.8000000000325962,410.0,980.0,525.0,45.0,410.0,107.0,0.0,0.13000000000000003,23.0,0.115,0.0575,0.0,-0.04000000002270099,99999.95999999998,0.12,2.1877087675788323,1.0,-0.15,3.0,0.09500000000116415,9.499996200117938e-07,2.0,1.7611940298507462,0.08695652173913043,-0.0020000000011350496,-0.001739130435769608,200.0,8.695652173913043,2.0,0.9200000000000002,naive_symmetric,0.0,0.0,23.0,230061
-2.3284152383951096e-12,0.9400000000000004,2.85,-0.4000000000174622,412.0,982.0,525.0,45.0,412.0,105.0,0.0,0.11000000000000003,21.0,0.105,0.0525,0.0,0.009999999980209395,100000.00999999998,0.060000000000000005,0.8225672710623038,1.0,-0.05,1.0,0.03500000000349246,3.499998950349561e-07,2.0,0.6766169154228856,0.09523809523809523,0.0004999999990104697,0.00047619047524806647,200.0,9.523809523809524,2.0,0.51,inventory_skew,0.0,0.0,21.0,210052
0.0,0.0,35.395,0.0,431.0,1000.0,525.0,44.0,431.0,88.0,0.0,0.0,0.0,0.0,0.0,0.0,0.0,100000.0,0.0,0.0,0.0,0.0,0.0,0.0,0.0,0.0,0.0,0.0,0.0,0.0,200.0,0.0,2.0,0.0,avellaneda_stoikov,0.0,0.0,0.0,0
-2.3283597272438783e-12,0.42999999999999994,5.93,-0.8100000000139698,332.0,812.0,435.0,45.0,332.0,97.0,0.0,0.06999999999999999,11.0,0.055,0.035483870967741936,0.0,-0.08000000001629815,99999.91999999998,0.05999999999999997,2.337239090714551,1.0,-0.15,4.0,0.16500000000814907,1.6499992575818248e-06,12.0,1.9701492537313432,1.2727272727272727,-0.004000000000814907,-0.007272727274208923,200.0,18.181818181818183,2.0,0.89,microstructure_adaptive,0.0,0.0,11.0,110031
1.2223555501122974e-11,0.41000000000000003,2.62,-1.3200000000133878,423.0,989.0,526.0,40.0,423.0,78.0,0.0,0.08,14.0,0.07,0.035,0.0,0.029999999998835847,100000.03,0.06000000000000001,1.570879273382359,2.0,0.9,3.0,0.08499999999185093,8.499994049189258e-07,13.0,1.36318407960199,1.1428571428571428,0.0014999999999417923,0.002142857142773989,200.0,14.285714285714286,3.0,0.47000000000000003,naive_symmetric,0.0,0.0,14.0,140005
-1.1641798636219391e-12,0.39,2.905,-0.7699999999959255,424.0,990.0,526.0,40.0,424.0,75.0,0.0,0.06999999999999999,13.0,0.065,0.0325,0.0,0.05000000000291038,100000.05,0.03,1.0743504343189856,1.0,0.45,3.0,0.08499999999185093,8.499994049189258e-07,3.0,0.9253731343283582,0.23076923076923078,0.002500000000145519,0.003846153846377722,200.0,15.384615384615385,3.0,0.41000000000000003,inventory_skew,0.0,0.0,13.0,130005
-4.074574011525556e-12,0.03,34.43,-0.47000000000523867,436.0,1002.0,526.0,40.0,436.0,65.0,0.0,0.01,1.0,0.005,0.0025,0.0,-0.010000000009313226,99999.98999999999,-0.019999999999999997,0.9849615493669504,1.0,0.45,1.0,0.05000000000291038,4.999999250291151e-07,0.0,0.9701492537313433,0.0,-0.0005000000004656613,-0.010000000009313226,200.0,200.0,3.0,0.04,avellaneda_stoikov,0.0,0.0,1.0,10003
-5.238698363996264e-12,0.13,5.575,-1.5600000000029104,354.0,842.0,448.0,40.0,354.0,67.0,0.0,0.04,5.0,0.025,0.015527950310559006,0.0,-0.04000000000814907,99999.95999999999,0.010000000000000009,2.713518763451248,2.0,1.35,3.0,0.17499999998835847,1.749997899886105e-06,0.0,2.626865671641791,0.0,-0.0020000000004074536,-0.008000000001629815,200.0,40.0,3.0,0.2,microstructure_adaptive,0.0,0.0,5.0,50009
0.0,0.0,2.86,0.0,443.0,1000.0,520.0,37.0,443.0,62.0,0.0,0.0,0.0,0.0,0.0,0.0,0.0,100000.0,0.0,0.0,0.0,0.0,0.0,0.0,0.0,0.0,0.0,0.0,0.0,0.0,200.0,0.0,4.0,0.0,naive_symmetric,0.0,0.0,0.0,0
0.0,0.0,2.86,0.0,443.0,1000.0,520.0,37.0,443.0,62.0,0.0,0.0,0.0,0.0,0.0,0.0,0.0,100000.0,0.0,0.0,0.0,0.0,0.0,0.0,0.0,0.0,0.0,0.0,0.0,0.0,200.0,0.0,4.0,0.0,inventory_skew,0.0,0.0,0.0,0
0.0,0.0,34.265,0.0,443.0,1000.0,520.0,37.0,443.0,62.0,0.0,0.0,0.0,0.0,0.0,0.0,0.0,100000.0,0.0,0.0,0.0,0.0,0.0,0.0,0.0,0.0,0.0,0.0,0.0,0.0,200.0,0.0,4.0,0.0,avellaneda_stoikov,0.0,0.0,0.0,0
9.313216864370588e-12,0.0,5.615,0.23999999998661226,370.0,854.0,446.0,38.0,370.0,64.0,0.0,0.01,1.0,0.005,0.003067484662576687,0.0,-0.020000000004074536,99999.98,0.01,0.9899997487310601,1.0,-0.26,1.0,0.02500000000873115,2.500000000873115e-07,0.0,0.9800995024875622,0.0,-0.0010000000002037268,-0.020000000004074536,200.0,200.0,4.0,0.0,microstructure_adaptive,0.0,0.0,1.0,10000
5.238476319391339e-12,0.21000000000000002,2.8391959798994977,-2.1,426.0,993.0,528.0,39.0,426.0,67.0,7.0,0.06,6.0,0.03,0.01507537688442211,0.0,-0.00999999999476131,99999.99,0.49000000000000016,5.367119352991298,1.0,2.52,6.0,2.334999999991851,2.3349995329919443e-05,5.0,5.144278606965174,1.0,-0.0004999999997380655,-0.0016666666657935518,200.0,33.333333333333336,5.0,-0.86,naive_symmetric,0.0,0.0,6.0,59989
6.402878227618203e-12,0.25,2.9949748743718594,-1.5200000000128058,425.0,992.0,528.0,39.0,425.0,67.0,8.0,0.05,7.0,0.035,0.017587939698492462,0.0,0.03999999999359716,100000.04,0.45999999999999996,2.8573027673800357,1.0,1.26,4.0,1.5200000000040745,1.5199991640045345e-05,3.0,2.791044776119403,0.5714285714285714,0.0019999999996798577,0.005714285713371022,200.0,28.571428571428573,5.0,-0.11000000000000004,inventory_skew,0.0,0.0,7.0,69986
-5.820899318109696e-13,0.05,34.733668341708544,-0.4400000000023283,431.0,998.0,528.0,39.0,431.0,63.0,9.0,0.01,1.0,0.005,0.002512562814070352,0.0,0.19999999999708962,100000.2,0.39,0.8551861104941366,1.0,0.42,1.0,0.1849999999976717,1.8499962074844916e-06,0.0,0.7313432835820896,0.0,0.009999999999854481,0.19999999999708962,200.0,200.0,5.0,-0.16,avellaneda_stoikov,0.0,0.0,1.0,9978
2.9686031410847136e-11,0.19,5.63819095477387,-1.5000000000256113,350.0,841.0,452.0,39.0,350.0,66.0,8.0,0.05,6.0,0.03,0.018633540372670808,0.0,0.020000000004074536,100000.02,0.3599999999999998,3.58687491303935,1.0,1.68,4.0,1.5299999999988358,1.5299993879990806e-05,5.0,3.4228855721393034,0.8333333333333334,0.0010000000002037268,0.0033333333340124227,200.0,33.333333333333336,5.0,-0.47,microstructure_adaptive,0.0,0.0,6.0,59985
1.7462031820514312e-11,0.9300000000000004,2.548223350253807,-1.2300000000052385,417.0,967.0,502.0,48.0,417.0,104.0,8.0,0.14000000000000004,24.0,0.12,0.06091370558375635,0.0,0.06000000001222361,100000.06000000001,0.30000000000000027,2.4576006581674075,1.0,2.88,4.0,1.7749999999796273,1.7749965387363764e-05,3.0,2.1492537313432836,0.25,0.0030000000006111804,0.002500000000509317,200.0,8.333333333333334,6.0,-1.75,naive_symmetric,0.0,0.0,24.0,240040
-1.0477396727992527e-11,0.8600000000000003,2.83248730964467,-0.9399999999796271,418.0,968.0,502.0,48.0,418.0,103.0,8.0,0.12000000000000004,23.0,0.115,0.0583756345177665,0.0,0.1200000000098953,100000.12000000001,0.27,1.6053393497515398,1.0,0.72,3.0,1.7849999999889405,1.7849965192457278e-05,8.0,1.3830845771144278,0.5217391304347826,0.006000000000494765,0.005217391304778057,200.0,8.695652173913043,6.0,0.18999999999999984,inventory_skew,0.0,0.0,23.0,230032
1.7461587731304462e-12,0.13,35.77720207253886,-0.5899999999912688,430.0,972.0,494.0,48.0,430.0,84.0,11.0,0.02,3.0,0.015,0.007772020725388601,0.0,0.4800000000104774,100000.48000000001,0.33000000000000007,0.7790796969048502,1.0,0.72,1.0,0.40999999998894054,4.099978884998147e-06,0.0,0.6069651741293532,0.0,0.02400000000052387,0.16000000000349246,200.0,66.66666666666667,6.0,0.040000000000000036,avellaneda_stoikov,0.0,0.0,3.0,30012
2.0372703524174085e-11,0.36,5.839378238341969,0.6999999999720604,335.0,790.0,408.0,47.0,335.0,89.0,10.0,0.049999999999999996,10.0,0.05,0.03333333333333333,0.0,0.069999999992433,100000.06999999999,-0.15,1.14387836391934,0.0,0.0,2.0,0.39999999999417923,3.999985199996553e-06,3.0,0.9800995024875622,0.3,0.0034999999996216504,0.006999999999243301,200.0,20.0,6.0,-0.43000000000000005,microstructure_adaptive,0.0,0.0,10.0,100004
1.164041085743861e-12,0.7100000000000002,2.65,-0.14999999999708954,425.0,986.0,520.0,41.0,425.0,94.0,0.0,0.1,17.0,0.085,0.0425,0.0,-0.22999999999592546,99999.77,-0.029999999999999995,2.446441216719844,2.0,-0.48,4.0,0.34499999998661224,3.4499987923665453e-06,11.0,2.174129353233831,1.8823529411764706,-0.011499999999796274,-0.013529411764466204,200.0,11.764705882352942,7.0,0.53,naive_symmetric,0.0,0.0,17.0,170001
1.1641243524707079e-12,0.6000000000000001,2.92,-0.16000000001105943,427.0,988.0,520.0,41.0,427.0,95.0,0.0,0.08,15.0,0.075,0.0375,0.0,-0.1200000000098953,99999.87999999999,-0.030000000000000013,1.279381069266702,1.0,-0.16,3.0,0.2599999999947613,2.599999089947932e-06,11.0,1.109452736318408,2.066666666666667,-0.006000000000494765,-0.008000000000659686,200.0,13.333333333333334,7.0,0.31000000000000005,inventory_skew,0.0,0.0,15.0,149994
0.0,0.0,35.28426395939086,0.0,434.0,988.0,514.0,40.0,434.0,78.0,0.0,0.0,0.0,0.0,0.0,0.0,0.0,100000.0,0.0,0.0,0.0,0.0,0.0,0.0,0.0,0.0,0.0,0.0,0.0,0.0,200.0,0.0,7.0,0.0,avellaneda_stoikov,0.0,0.0,0.0,0
-1.9790613592363115e-11,0.15,5.645,-0.6199999999755528,354.0,833.0,438.0,41.0,353.0,86.0,0.0,0.049999999999999996,6.0,0.03,0.018867924528301886,0.0,0.1300000000046566,100000.13,0.26,3.125882959838222,2.0,0.6,4.0,0.15499999999883585,1.5499976749918457e-06,1.0,2.845771144278607,0.16666666666666666,0.006500000000232831,0.02166666666744277,200.0,33.333333333333336,7.0,-0.06000000000000002,microstructure_adaptive,0.0,0.0,6.0,59998
2.6775470729489825e-11,0.4099999999999999,2.73,-0.2900000000133877,440.0,994.0,522.0,32.0,440.0,62.0,0.0,0.049999999999999996,9.0,0.045,0.0225,0.0,0.030000000013387762,100000.03000000001,0.06,1.0485716415973632,1.0,0.11,2.0,0.03999999999359716,3.9999983993603555e-07,20.0,0.9502487562189055,4.444444444444445,0.0015000000006693882,0.0033333333348208624,200.0,22.22222222222222,8.0,0.2,naive_symmetric,0.0,0.0,9.0,90003
-6.402878227618203e-12,0.36999999999999994,2.95,-0.4899999999842839,441.0,995.0,522.0,32.0,441.0,62.0,0.0,0.05,8.0,0.04,0.02,0.0,0.010000000009313226,100000.01000000001,0.04,1.7492002436934753,1.0,0.22,2.0,0.03999999999359716,3.9999991993598756e-07,20.0,1.6169154228855722,5.5,0.0005000000004656613,0.0012500000011641532,200.0,25.0,8.0,0.29000000000000004,inventory_skew,0.0,0.0,8.0,80000
0.0,0.0,34.365,0.0,447.0,1000.0,522.0,31.0,447.0,55.0,0.0,0.0,0.0,0.0,0.0,0.0,0.0,100000.0,0.0,0.0,0.0,0.0,0.0,0.0,0.0,0.0,0.0,0.0,0.0,0.0,200.0,0.0,8.0,0.0,avellaneda_stoikov,0.0,0.0,0.0,0
-1.1641798636219391e-12,0.17,5.395,-0.15000000001338773,377.0,866.0,458.0,31.0,377.0,59.0,0.0,0.030000000000000002,6.0,0.03,0.017857142857142856,0.0,-1.4551915228366852e-11,99999.99999999999,0.03,0.3863337046431279,0.0,0.0,1.0,0.02500000000873115,2.500000000873115e-07,20.0,0.14925373134328357,3.8333333333333335,-7.275957614183426e-13,-2.4253192047278085e-12,200.0,33.333333333333336,8.0,0.15,microstructure_adaptive,0.0,0.0,6.0,59999
1.1641576591614466e-11,0.7800000000000002,2.6528497409326426,-1.429999999960419,400.0,952.0,503.0,49.0,400.0,127.0,11.0,0.13000000000000003,23.0,0.115,0.05958549222797927,0.0,-0.06999999994877726,99999.93000000005,0.19999999999999996,1.7306140169378874,1.0,0.63,5.0,0.709999999977299,7.099998224773431e-06,15.0,1.4129353233830846,1.7391304347826086,-0.003499999997438863,-0.0030434782586424894,200.0,8.695652173913043,9.0,0.6600000000000001,naive_symmetric,0.0,0.0,23.0,230075
2.3864799025830052e-11,0.7200000000000002,2.865284974093264,-0.9600000000029103,397.0,948.0,503.0,48.0,397.0,127.0,12.0,0.12000000000000004,24.0,0.12,0.06217616580310881,0.0,-0.03999999997904524,99999.96000000002,0.009999999999999986,1.1654222218680579,0.0,0.0,3.0,0.21500000001105946,2.1499995701106798e-06,15.0,0.9800995024875622,1.5416666666666667,-0.001999999998952262,-0.0016666666657935518,200.0,8.333333333333334,9.0,1.0300000000000002,inventory_skew,0.0,0.0,24.0,240086
-9.31332788667305e-12,0.04000000000000001,38.17777777777778,-0.1699999999668216,394.0,920.0,477.0,49.0,394.0,109.0,20.0,0.02,3.0,0.015,0.008333333333333333,0.0,0.26000000002386514,100000.26000000002,-0.009999999999999953,0.9515632594924629,1.0,0.21,1.0,0.35000000000582077,3.4999907250827857e-06,0.0,0.9054726368159204,0.0,0.013000000001193257,0.08666666667462171,200.0,66.66666666666667,9.0,0.25,avellaneda_stoikov,0.0,0.0,3.0,30045
1.5716206114291253e-11,0.15000000000000002,6.043010752688172,-0.20000000002095478,307.0,750.0,395.0,48.0,307.0,110.0,20.0,0.030000000000000002,6.0,0.03,0.02158273381294964,0.0,-0.2400000000052387,99999.76,-0.2800000000000001,1.6736173472080236,0.0,0.0,2.0,0.7050000000017462,7.049998942517621e-06,2.0,1.4975124378109452,0.3333333333333333,-0.012000000000261935,-0.040000000000873115,200.0,33.333333333333336,9.0,0.26999999999999996,microstructure_adaptive,0.0,0.0,6.0,60059
-1.1641798636219391e-12,0.33999999999999997,2.555,-0.8,428.0,994.0,522.0,44.0,428.0,84.0,0.0,0.049999999999999996,9.0,0.045,0.0225,0.0,0.029999999998835847,100000.03,0.03,0.911507416944195,1.0,0.53,2.0,0.029999999998835847,2.999998799884064e-07,12.0,0.8109452736318408,2.2222222222222223,0.0014999999999417923,0.003333333333203983,200.0,22.22222222222222,10.0,0.31999999999999995,naive_symmetric,0.0,0.0,9.0,90004
4.074629522676787e-12,0.26,2.875,-0.7200000000000002,430.0,996.0,522.0,44.0,430.0,82.0,0.0,0.04,7.0,0.035,0.0175,0.0,0.020000000004074536,100000.02,0.02,0.8866056912412041,1.0,0.53,1.0,0.014999999999417923,1.499999549941927e-07,12.0,0.7860696517412935,2.7142857142857144,0.0010000000002037268,0.0028571428577249336,200.0,28.571428571428573,10.0,0.2300000000000001,inventory_skew,0.0,0.0,7.0,70002
0.0,0.0,35.93,0.0,435.0,1000.0,522.0,43.0,435.0,75.0,0.0,0.0,0.0,0.0,0.0,0.0,0.0,100000.0,0.0,0.0,0.0,0.0,0.0,0.0,0.0,0.0,0.0,0.0,0.0,0.0,200.0,0.0,10.0,0.0,avellaneda_stoikov,0.0,0.0,0.0,0
-1.3877787807814457e-17,0.16,6.0,-0.0199999999959255,345.0,824.0,436.0,43.0,345.0,79.0,0.0,0.02,4.0,0.02,0.012738853503184714,0.0,0.020000000004074536,100000.02,0.0,0.24433888871261045,0.0,0.0,1.0,0.020000000004074536,1.9999996004075335e-07,0.0,0.05970149253731343,0.0,0.0010000000002037268,0.005000000001018634,200.0,50.0,10.0,0.06000000000000005,microstructure_adaptive,0.0,0.0,4.0,40002
-1.5715873047383866e-11,1.680000000000001,2.5,-1.3399999999813734,405.0,961.0,509.0,47.0,405.0,119.0,16.0,0.2200000000000001,42.0,0.21,0.105,0.0,0.05000000000291038,100000.05,0.0300000000000001,1.8741498902022948,1.0,0.32,4.0,0.2950000000128057,2.9499970501310066e-06,2.0,1.462686567164179,0.047619047619047616,0.002500000000145519,0.0011904761905454854,200.0,4.761904761904762,11.0,1.2599999999999998,naive_symmetric,0.0,0.0,42.0,419839
-4.3073544730987123e-11,1.560000000000001,2.97,-1.159999999977881,408.0,964.0,509.0,47.0,408.0,115.0,16.0,0.2000000000000001,39.0,0.195,0.0975,0.0,0.03999999997904524,100000.03999999998,-0.13999999999999993,1.45410723837567,1.0,0.16,3.0,0.27000000001862645,2.6999983801872367e-06,2.0,1.228855721393035,0.1282051282051282,0.001999999998952262,0.001025641025103724,200.0,5.128205128205129,11.0,1.38,inventory_skew,0.0,0.0,39.0,389848
-6.40296149434505e-12,0.05,36.38693467336683,0.19000000001105946,444.0,998.0,507.0,47.0,444.0,83.0,18.0,0.01,1.0,0.005,0.002512562814070352,0.0,0.1300000000046566,100000.13,-0.20999999999999988,0.9567773437807457,1.0,-0.21,1.0,0.47000000000116415,4.699983785067583e-06,0.0,0.9154228855721394,0.0,0.006500000000232831,0.1300000000046566,200.0,200.0,11.0,0.37,avellaneda_stoikov,0.0,0.0,1.0,9979
-3.20138360265787e-11,0.7800000000000002,5.92,-0.4700000000046569,336.0,800.0,417.0,47.0,336.0,97.0,19.0,0.10000000000000002,19.0,0.095,0.06168831168831169,0.0,0.06999999996332917,100000.06999999996,-0.05000000000000001,1.06738160120318,1.0,-0.21,2.0,0.1849999999976717,1.849998334978216e-06,0.0,0.7611940298507462,0.0,0.0034999999981664585,0.003684210524385746,200.0,10.526315789473685,11.0,0.8999999999999999,microstructure_adaptive,0.0,0.0,19.0,189926
-6.402878227618203e-12,0.33999999999999997,2.65,0.14000000003143215,435.0,996.0,515.0,46.0,435.0,79.0,15.0,0.04,7.0,0.035,0.0175,0.0,-0.019999999974970706,99999.98000000003,0.04000000000000001,1.2458887614751766,1.0,-0.24,2.0,0.10499999999592546,1.049999947459257e-06,5.0,1.164179104477612,1.2857142857142858,-0.0009999999987485354,-0.002857142853567244,200.0,28.571428571428573,12.0,0.08,naive_symmetric,0.0,0.0,7.0,70011
1.3387735364744913e-11,0.29,2.77,-0.14999999999359714,434.0,994.0,515.0,45.0,434.0,77.0,15.0,0.030000000000000002,6.0,0.03,0.015,0.0,-0.009999999980209395,99999.99000000002,0.029999999999999992,0.5230983089210095,0.0,0.0,2.0,0.125,1.249999937500003e-06,5.0,0.23383084577114427,1.5,-0.0004999999990104697,-0.0016666666633682325,200.0,33.333333333333336,12.0,0.14,inventory_skew,0.0,0.0,6.0,60010
2.9104219034792322e-12,0.14,36.15151515151515,0.16999999999534338,435.0,992.0,511.0,46.0,435.0,75.0,15.0,0.02,3.0,0.015,0.007575757575757576,0.0,0.16999999999825377,100000.17,0.04999999999999991,1.3270998567744428,1.0,-0.24,2.0,0.5200000000040745,5.199989600061545e-06,0.0,1.2338308457711442,0.0,0.008499999999912689,0.05666666666608459,200.0,66.66666666666667,12.0,0.21000000000000002,avellaneda_stoikov,0.0,0.0,3.0,30018
5.238698363996264e-12,0.11,5.97,0.21999999999999997,349.0,820.0,425.0,46.0,349.0,76.0,16.0,0.02,3.0,0.015,0.00967741935483871,0.0,-0.00999999999476131,99999.99,-0.009999999999999997,0.9773555548504418,1.0,-0.24,1.0,0.059999999997671694,5.999998499767545e-07,0.0,0.9552238805970149,0.0,-0.0004999999997380655,-0.0033333333315871037,200.0,66.66666666666667,12.0,0.04000000000000001,microstructure_adaptive,0.0,0.0,3.0,30006
2.1536550320888637e-11,1.4600000000000009,2.51,-1.8400000000005816,390.0,957.0,522.0,45.0,390.0,117.0,9.0,0.2600000000000001,46.0,0.23,0.115,0.0,-0.03999999997904524,99999.96000000002,-0.9299999999999999,5.235261235029727,2.0,0.06,8.0,1.555000000007567,1.5549809514909112e-05,8.0,4.6318407960199,0.2608695652173913,-0.001999999998952262,-0.0008695652169357661,200.0,4.3478260869565215,13.0,2.9299999999999997,naive_symmetric,0.0,0.0,46.0,460082
-1.2805617677358327e-11,1.2800000000000007,2.88,-0.1799999999091959,393.0,960.0,522.0,45.0,393.0,114.0,9.0,0.2200000000000001,43.0,0.215,0.1075,0.0,-0.009999999922001734,99999.99000000008,-1.17,2.0971432831947263,1.0,0.01,4.0,1.3799999999755528,1.379983509172618e-05,7.0,1.681592039800995,0.2558139534883721,-0.0004999999961000867,-0.00023255813772097056,200.0,4.651162790697675,13.0,1.5499999999999998,inventory_skew,0.0,0.0,43.0,430067
-8.149481089958499e-12,0.16,35.707692307692305,0.11000000000582072,421.0,978.0,512.0,45.0,421.0,81.0,8.0,0.030000000000000002,5.0,0.025,0.01282051282051282,0.0,0.5599999999976717,100000.56,-0.7899999999999997,1.099524999206747,1.0,0.01,2.0,1.360000000000582,1.3599842241835817e-05,0.0,1.0,0.0,0.027999999999883583,0.11199999999953433,200.0,40.0,13.0,1.2600000000000002,avellaneda_stoikov,0.0,0.0,5.0,49975
6.403377827979284e-12,0.6900000000000002,5.883248730964467,-0.09000000000698481,293.0,740.0,402.0,45.0,293.0,94.0,8.0,0.12000000000000004,23.0,0.115,0.08214285714285714,0.0,0.13999999999941792,100000.14,-0.7900000000000005,3.1179148536844092,1.0,0.01,5.0,1.1999999999970896,1.1999877601219367e-05,0.0,2.6766169154228856,0.0,0.006999999999970896,0.0060869565217138225,200.0,8.695652173913043,13.0,1.13,microstructure_adaptive,0.0,0.0,23.0,230012
1.2805645432933943e-11,0.12000000000000001,2.775,-0.45000000000349244,447.0,999.0,514.0,38.0,447.0,60.0,0.0,0.03,4.0,0.02,0.01,0.0,0.010000000009313226,100000.01000000001,-0.08,1.7435025078917654,1.0,0.38,2.0,0.08500000000640284,8.499992775646425e-07,2.0,1.527363184079602,0.5,0.0005000000004656613,0.0025000000023283064,200.0,50.0,14.0,0.19000000000000003,naive_symmetric,0.0,0.0,4.0,39998
1.2805645432933943e-11,0.12000000000000001,2.825,-0.45000000000349244,447.0,999.0,514.0,38.0,447.0,60.0,0.0,0.03,4.0,0.02,0.01,0.0,0.010000000009313226,100000.01000000001,-0.08,1.7435025078917654,1.0,0.38,2.0,0.08500000000640284,8.499992775646425e-07,2.0,1.527363184079602,0.5,0.0005000000004656613,0.0025000000023283064,200.0,50.0,14.0,0.19000000000000003,inventory_skew,0.0,0.0,4.0,39998
2.328304216092647e-12,0.04,35.105,-0.21000000001047736,450.0,1002.0,514.0,38.0,450.0,58.0,0.0,0.01,1.0,0.005,0.0025,0.0,0.20999999999185093,100000.20999999999,-0.060000000000000005,0.872464343025402,1.0,0.19,1.0,0.069999999992433,6.99998074929624e-07,0.0,0.7611940298507462,0.0,0.010499999999592547,0.20999999999185093,200.0,200.0,14.0,0.3,avellaneda_stoikov,0.0,0.0,1.0,9978
1.8044371552505822e-11,0.07,5.66,0.18999999996740374,372.0,848.0,438.0,38.0,372.0,61.0,1.0,0.02,3.0,0.015,0.009259259259259259,0.0,-1.4551915228366852e-11,99999.99999999999,-0.09000000000000001,1.0074350466081317,1.0,-0.2,2.0,0.21000000000640284,2.099999685064076e-06,11.0,0.9154228855721394,3.6666666666666665,-7.275957614183426e-13,-4.850638409455617e-12,200.0,66.66666666666667,14.0,0.12,microstructure_adaptive,0.0,0.0,3.0,29997
2.852151848031781e-11,1.0200000000000002,2.58,-0.910000000039581,421.0,978.0,515.0,42.0,421.0,93.0,2.0,0.13000000000000003,25.0,0.125,0.0625,0.0,0.15999999998894054,100000.15999999999,0.13999999999999999,2.4586126411866887,1.0,0.21,4.0,0.10499999999592546,1.0499982674621133e-06,15.0,2.144278606965174,2.12,0.007999999999447028,0.0063999999995576215,200.0,8.0,15.0,0.8500000000000001,naive_symmetric,0.0,0.0,25.0,250024
-6.402989249920665e-12,0.7900000000000001,2.81,-0.9199999999959254,424.0,980.0,515.0,41.0,424.0,87.0,2.0,0.10000000000000002,20.0,0.1,0.05,0.0,0.059999999997671694,100000.06,0.04000000000000001,1.6511717533933228,0.0,0.0,3.0,0.08999999999650754,8.999994599653995e-07,15.0,1.3333333333333333,1.75,0.0029999999998835845,0.0029999999998835845,200.0,10.0,15.0,1.04,inventory_skew,0.0,0.0,20.0,200020
1.1641521080463235e-12,0.02,36.48989898989899,0.21000000000058208,441.0,994.0,511.0,42.0,441.0,74.0,2.0,0.01,1.0,0.005,0.0025252525252525255,0.0,0.08000000000174623,100000.08,-0.030000000000000034,0.9773555548504418,1.0,-0.23,1.0,0.34000000001105946,3.399995410116791e-06,0.0,0.9552238805970149,0.0,0.004000000000087311,0.08000000000174623,200.0,200.0,15.0,0.14,avellaneda_stoikov,0.0,0.0,1.0,9990
-1.6298074001497298e-11,0.5599999999999999,5.845,-0.12999999997031403,348.0,821.0,431.0,42.0,348.0,86.0,2.0,0.07999999999999999,14.0,0.07,0.04430379746835443,0.0,0.030000000013387762,100000.03000000001,-0.08,1.9623318446829314,1.0,-0.46,3.0,0.10999999998603016,1.0999989548612943e-06,15.0,1.7412935323383085,1.8571428571428572,0.0015000000006693882,0.0021428571438134114,200.0,14.285714285714286,15.0,0.7799999999999998,microstructure_adaptive,0.0,0.0,14.0,140003
2.0372592501871623e-11,0.16,2.885,-1.1800000000116415,435.0,999.0,529.0,35.0,435.0,71.0,3.0,0.03,4.0,0.02,0.01,0.0,-0.09999999999126885,99999.90000000001,0.1,1.8527913592456984,1.0,1.04,2.0,0.22000000000116415,2.2000000000116417e-06,11.0,1.800995024875622,3.75,-0.004999999999563442,-0.024999999997817213,200.0,50.0,16.0,-0.03,naive_symmetric,0.0,0.0,4.0,40011
2.0372703524174085e-11,0.11,2.99,-0.710000000007567,436.0,1000.0,529.0,35.0,436.0,70.0,3.0,0.02,3.0,0.015,0.0075,0.0,-0.07999999998719431,99999.92000000001,0.1,1.029418035851963,1.0,0.52,2.0,0.22000000000116415,2.2000000000116417e-06,4.0,1.0099502487562189,1.3333333333333333,-0.003999999999359715,-0.026666666662398104,200.0,66.66666666666667,16.0,0.03,inventory_skew,0.0,0.0,3.0,30010
-8.731237954862081e-12,0.06,36.05612244897959,-0.5399999999854481,430.0,986.0,521.0,35.0,430.0,68.0,4.0,0.01,1.0,0.005,0.002551020408163265,0.0,0.10000000000582077,100000.1,0.10000000000000006,0.9798974461519554,1.0,0.52,1.0,0.35000000000582077,3.499995975062836e-06,0.0,0.9601990049751243,0.0,0.005000000000291038,0.10000000000582077,200.0,200.0,16.0,0.03,avellaneda_stoikov,0.0,0.0,1.0,10013
-1.9208579171703377e-11,0.06999999999999999,5.66,0.2400000000279397,364.0,856.0,457.0,35.0,364.0,70.0,4.0,0.02,3.0,0.015,0.009146341463414634,0.0,-0.09999999999126885,99999.90000000001,0.12000000000000001,0.872464343025402,1.0,-0.53,1.0,0.16499999999359716,1.6499999999359716e-06,3.0,0.7611940298507462,1.0,-0.004999999999563442,-0.03333333333042295,200.0,66.66666666666667,16.0,0.09000000000000001,microstructure_adaptive,0.0,0.0,3.0,30013
2.211875127500207e-11,1.1800000000000004,2.585,-3.360000000022119,413.0,973.0,518.0,42.0,413.0,103.0,0.0,0.19000000000000006,30.0,0.15,0.075,0.0,0.0,100000.0,0.18000000000000005,5.191362899684331,1.0,3.12,8.0,0.26500000001396984,2.6499985426404997e-06,7.0,4.412935323383085,1.0333333333333334,0.0,0.0,200.0,6.666666666666667,17.0,0.2500000000000003,naive_symmetric,0.0,0.0,30.0,300007
3.4925395908658174e-12,0.8900000000000001,2.895,-1.699999999977299,420.0,980.0,518.0,42.0,420.0,99.0,0.0,0.12000000000000004,23.0,0.115,0.0575,0.0,-0.04999999997380655,99999.95000000003,-0.09000000000000002,1.706003447005319,1.0,0.39,3.0,0.1449999999749707,1.4499999997497072e-06,6.0,1.3880597014925373,0.9565217391304348,-0.0024999999986903276,-0.0021739130423394154,200.0,8.695652173913043,17.0,1.4700000000000002,inventory_skew,0.0,0.0,23.0,230003
-1.7462697954329087e-12,0.07,36.48743718592965,-0.41000000000000003,440.0,998.0,516.0,42.0,440.0,76.0,1.0,0.01,1.0,0.005,0.002512562814070352,0.0,0.16999999999825377,100000.17,-0.08,0.8781482099321077,1.0,0.39,1.0,0.3600000000005821,3.5999908200292294e-06,0.0,0.7711442786069652,0.0,0.008499999999912689,0.16999999999825377,200.0,200.0,17.0,0.28,avellaneda_stoikov,0.0,0.0,1.0,10018
-6.402878227618203e-12,0.5,5.795,-1.7599999999965075,330.0,789.0,417.0,42.0,330.0,85.0,2.0,0.06999999999999999,12.0,0.06,0.04013377926421405,0.0,-0.05000000000291038,99999.95,0.039999999999999994,2.8072401063901484,1.0,0.78,5.0,0.17500000000291038,1.7500000000291038e-06,7.0,2.2388059701492535,1.25,-0.002500000000145519,-0.004166666666909198,200.0,16.666666666666668,17.0,0.96,microstructure_adaptive,0.0,0.0,12.0,120010
-4.773040296335296e-11,1.3400000000000007,2.49,-0.10999999993713563,405.0,968.0,504.0,59.0,405.0,123.0,18.0,0.18000000000000008,35.0,0.175,0.0875,0.0,0.11000000001513399,100000.11000000002,-0.019999999999999997,2.1089715963070366,1.0,-0.06,5.0,0.13000000001920853,1.299998375194116e-06,12.0,1.671641791044776,1.0,0.0055000000007567,0.0031428571432895428,200.0,5.714285714285714,18.0,0.48000000000000015,naive_symmetric,0.0,0.0,35.0,350056
2.328304216092647e-11,1.1500000000000006,2.905,-0.889999999976717,410.0,973.0,504.0,59.0,410.0,124.0,18.0,0.16000000000000006,30.0,0.15,0.075,0.0,0.05000000004656613,100000.05000000005,-0.09999999999999998,1.6360369541739836,2.0,-0.12,3.0,0.09999999999126885,9.999991999133282e-07,12.0,1.4228855721393034,1.2,0.0025000000023283064,0.0016666666682188709,200.0,6.666666666666667,18.0,1.3200000000000003,inventory_skew,0.0,0.0,30.0,300045
-8.149148023051112e-12,0.03,36.892857142857146,0.04000000001455189,431.0,986.0,496.0,59.0,431.0,95.0,18.0,0.01,1.0,0.005,0.002551020408163265,0.0,0.21000000000640284,100000.21,-0.03999999999999992,0.9489454739013253,1.0,-0.06,1.0,0.3800000000046566,3.799990310071275e-06,0.0,0.900497512437811,0.0,0.010500000000320142,0.21000000000640284,200.0,200.0,18.0,0.28,avellaneda_stoikov,0.0,0.0,1.0,9979
1.1641354547009541e-11,0.5199999999999999,6.385,-0.6900000000093132,257.0,650.0,334.0,59.0,257.0,106.0,18.0,0.08999999999999998,13.0,0.065,0.05652173913043478,0.0,-0.059999999997671694,99999.94,-0.04999999999999996,3.51754663485194,2.0,-0.3,5.0,0.27999999998428393,2.7999959398487267e-06,4.0,2.9402985074626864,0.38461538461538464,-0.0029999999998835845,-0.004615384615205515,200.0,15.384615384615385,18.0,1.07,microstructure_adaptive,0.0,0.0,13.0,130018
-5.820899318109696e-13,0.7400000000000002,2.455,0.15000000000873126,422.0,984.0,529.0,33.0,422.0,74.0,1.0,0.14,19.0,0.095,0.0475,0.0,-0.20999999999185093,99999.79000000001,-0.11000000000000001,6.217452566599157,1.0,0.72,9.0,0.2550000000046566,2.5500000000465658e-06,7.0,5.412935323383085,1.105263157894737,-0.010499999999592547,-0.01105263157851847,200.0,10.526315789473685,19.0,-0.8300000000000001,naive_symmetric,0.0,0.0,19.0,189941
-8.731126932559619e-12,0.73,2.99,-0.5400000000250292,423.0,985.0,529.0,33.0,423.0,75.0,1.0,0.1,18.0,0.09,0.045,0.0,-0.13000000003376044,99999.86999999997,-0.15000000000000002,2.471730716789029,1.0,0.16,4.0,0.22000000000116415,2.2000000000116417e-06,7.0,2.308457711442786,1.3333333333333333,-0.006500000001688022,-0.007222222224097802,200.0,11.11111111111111,19.0,0.49999999999999994,inventory_skew,0.0,0.0,18.0,179947
2.3283597272438783e-12,0.02,35.156565656565654,-0.10000000000407454,436.0,994.0,525.0,33.0,436.0,63.0,1.0,0.01,1.0,0.005,0.0025252525252525255,0.0,0.16999999999825377,100000.17,-0.06000000000000002,0.9593737592566564,1.0,0.08,1.0,0.27000000000407454,2.699993655055656e-06,0.0,0.9203980099502488,0.0,0.008499999999912689,0.16999999999825377,200.0,200.0,19.0,0.26,avellaneda_stoikov,0.0,0.0,1.0,10016
-5.820899318109696e-13,0.54,5.47,-0.2399999999743886,364.0,860.0,463.0,33.0,364.0,70.0,1.0,0.06999999999999999,11.0,0.055,0.03293413173652695,0.0,-0.019999999974970706,99999.98000000003,-0.11000000000000004,2.5916052767440805,1.0,0.24,4.0,0.21500000001105946,2.1499983876118038e-06,4.0,2.328358208955224,0.6363636363636364,-0.0009999999987485354,-0.0018181818159064278,200.0,18.181818181818183,19.0,0.16000000000000003,microstructure_adaptive,0.0,0.0,11.0,109969
5.238920408601189e-12,0.09,2.715,-1.0700000000122238,437.0,1000.0,518.0,45.0,437.0,87.0,0.0,0.03,3.0,0.015,0.0075,0.0,-0.07000000000698492,99999.93,-0.010000000000000002,1.7996682944779723,1.0,1.3800000000000001,3.0,0.055000000007566996,5.500000000756699e-07,19.0,1.208955223880597,12.0,-0.003500000000349246,-0.02333333333566164,200.0,66.66666666666667,20.0,-0.33999999999999997,naive_symmetric,0.0,0.0,3.0,29999
5.238698363996264e-12,0.05,2.9,-0.7800000000081491,438.0,1001.0,518.0,45.0,438.0,87.0,0.0,0.02,2.0,0.01,0.005,0.0,-0.05000000000291038,99999.95,-0.010000000000000002,1.3401566701313368,1.0,0.92,2.0,0.04000000000814907,4.0000000008149075e-07,19.0,0.9203980099502488,10.0,-0.002500000000145519,-0.02500000000145519,200.0,100.0,20.0,-0.16,inventory_skew,0.0,0.0,2.0,19999
0.0,0.0,35.64,0.0,438.0,1000.0,518.0,44.0,438.0,82.0,0.0,0.0,0.0,0.0,0.0,0.0,0.0,100000.0,0.0,0.0,0.0,0.0,0.0,0.0,0.0,0.0,0.0,0.0,0.0,0.0,200.0,0.0,20.0,0.0,avellaneda_stoikov,0.0,0.0,0.0,0
-1.0477396727992527e-11,0.06,5.69,-0.5399999999976717,346.0,819.0,428.0,45.0,346.0,89.0,0.0,0.03,4.0,0.02,0.012903225806451613,0.0,-0.04000000000814907,99999.95999999999,0.019999999999999993,0.9824327607288114,1.0,0.92,2.0,0.03500000000349246,3.500000000349246e-07,18.0,0.5174129353233831,4.5,-0.0020000000004074536,-0.010000000002037268,200.0,50.0,20.0,-0.41000000000000003,microstructure_adaptive,0.0,0.0,4.0,39999
2.910449659054848e-12,0.45000000000000007,2.645,-0.5499999999947613,429.0,992.0,524.0,39.0,429.0,73.0,0.0,0.05999999999999999,11.0,0.055,0.0275,0.0,0.04000000000814907,100000.04000000001,0.05,0.9975093361076329,1.0,0.65,3.0,0.059999999997671694,5.999996999768668e-07,8.0,0.7562189054726368,1.0909090909090908,0.0020000000004074536,0.0036363636371044613,200.0,18.181818181818183,21.0,-0.050000000000000044,naive_symmetric,0.0,0.0,11.0,110004
-5.238726119571879e-12,0.33,2.78,0.04000000001455195,430.0,992.0,524.0,38.0,430.0,69.0,0.0,0.04,8.0,0.04,0.02,0.0,0.010000000009313226,100000.01000000001,0.01,0.5943347801077867,0.0,0.0,1.0,0.024999999994179234,2.499999749417948e-07,8.0,0.35323383084577115,1.5,0.0005000000004656613,0.0012500000011641532,200.0,25.0,21.0,0.0,inventory_skew,0.0,0.0,8.0,80001
0.0,0.0,34.925,0.0,438.0,1000.0,524.0,38.0,438.0,63.0,0.0,0.0,0.0,0.0,0.0,0.0,0.0,100000.0,0.0,0.0,0.0,0.0,0.0,0.0,0.0,0.0,0.0,0.0,0.0,0.0,200.0,0.0,21.0,0.0,avellaneda_stoikov,0.0,0.0,0.0,0
-2.3283597272438783e-12,0.11,5.615,-1.1199999999935972,362.0,851.0,450.0,39.0,362.0,68.0,0.0,0.03,4.0,0.02,0.012269938650306749,0.0,0.020000000004074536,100000.02,0.06000000000000001,1.8474131436641572,1.0,1.3,2.0,0.05499999999301508,5.499998349302003e-07,0.0,1.7611940298507462,0.0,0.0010000000002037268,0.005000000001018634,200.0,50.0,21.0,-0.19,microstructure_adaptive,0.0,0.0,4.0,40005
-8.14909251189988e-12,0.14,2.81,-0.07999999999068674,432.0,998.0,530.0,36.0,432.0,63.0,0.0,0.030000000000000002,5.0,0.025,0.0125,0.0,-0.029999999998835847,99999.97,0.21,1.0366421106976322,1.0,-0.09,2.0,0.23999999999068677,2.3999999999068678e-06,12.0,1.0049751243781095,2.6,-0.0014999999999417923,-0.005999999999767169,200.0,40.0,22.0,-0.04000000000000001,naive_symmetric,0.0,0.0,5.0,50008
-8.149064756324265e-12,0.14,2.975,-0.07999999999592544,432.0,998.0,530.0,36.0,432.0,63.0,0.0,0.030000000000000002,5.0,0.025,0.0125,0.0,-0.020000000004074536,99999.98,0.21,1.0366421106976322,1.0,-0.09,2.0,0.22999999999592546,2.2999999999592548e-06,12.0,1.0049751243781095,2.4,-0.0010000000002037268,-0.004000000000814907,200.0,40.0,22.0,-0.030000000000000027,inventory_skew,0.0,0.0,5.0,50009
8.731126932559619e-12,0.03,34.76262626262626,0.06999999998835846,432.0,994.0,526.0,36.0,432.0,59.0,0.0,0.01,1.0,0.005,0.0025252525252525255,0.0,0.19999999999708962,100000.2,0.15000000000000002,0.9489454739013253,1.0,-0.09,1.0,0.00999999999476131,9.999979494803346e-08,0.0,0.900497512437811,0.0,0.009999999999854481,0.19999999999708962,200.0,200.0,22.0,0.08,avellaneda_stoikov,0.0,0.0,1.0,10019
-4.656663943336525e-12,0.17,5.525,-0.1099999999965075,360.0,854.0,458.0,36.0,360.0,63.0,0.0,0.030000000000000002,5.0,0.025,0.01524390243902439,0.0,0.029999999998835847,100000.03,0.12,1.2257599937137182,1.0,-0.09,3.0,0.0650000000023283,6.499997725233626e-07,0.0,1.1144278606965174,0.0,0.0014999999999417923,0.005999999999767169,200.0,40.0,22.0,0.13999999999999999,microstructure_adaptive,0.0,0.0,5.0,50000
4.5984105412344434e-11,0.7000000000000002,2.56,0.3399999999580907,429.0,987.0,520.0,38.0,429.0,63.0,0.0,0.1,16.0,0.08,0.04,0.0,0.020000000004074536,100000.02,0.19,2.793026141101372,1.0,-1.6400000000000001,4.0,0.10000000000582077,9.999996000583675e-07,7.0,2.318407960199005,0.5,0.0010000000002037268,0.0012500000002546585,200.0,12.5,23.0,1.23,naive_symmetric,0.0,0.0,16.0,160058
-3.4925395908658174e-12,0.6900000000000002,2.9,-0.2499999999883582,429.0,987.0,520.0,38.0,429.0,64.0,0.0,0.09,16.0,0.08,0.04,0.0,0.04000000000814907,100000.04000000001,0.09000000000000001,1.5597550515691632,1.0,-0.8200000000000001,2.0,0.08999999999650754,8.999995499653003e-07,7.0,1.407960199004975,0.5,0.0020000000004074536,0.002500000000509317,200.0,12.5,23.0,1.1099999999999999,inventory_skew,0.0,0.0,16.0,160059
4.074574011525556e-12,0.04,34.77,0.3899999999854481,444.0,1002.0,520.0,38.0,444.0,52.0,0.0,0.01,1.0,0.005,0.0025,0.0,0.01999999998952262,100000.01999999999,0.020000000000000004,0.9824327607288114,1.0,-0.41000000000000003,1.0,0.08999999999650754,8.999997749651317e-07,0.0,0.9651741293532339,0.0,0.000999999999476131,0.01999999998952262,200.0,200.0,23.0,0.03,avellaneda_stoikov,0.0,0.0,1.0,10006
2.153671685434233e-11,0.47,5.57,0.3399999999598369,359.0,843.0,446.0,38.0,359.0,57.0,0.0,0.06999999999999999,12.0,0.06,0.03680981595092025,0.0,-0.02000000001862645,99999.97999999998,0.07,1.6238275525430679,1.0,-0.8200000000000001,3.0,0.09500000000116415,9.500000000116415e-07,0.0,1.3532338308457712,0.0,-0.0010000000009313225,-0.0016666666682188709,200.0,16.666666666666668,23.0,0.45999999999999996,microstructure_adaptive,0.0,0.0,12.0,120035
-2.968625345545206e-11,1.1500000000000006,2.575,-1.3499999999708958,411.0,971.0,525.0,35.0,411.0,89.0,4.0,0.17000000000000007,32.0,0.16,0.08,0.0,-0.11000000000058208,99999.89,0.39000000000000007,1.45410723837567,1.0,0.4,3.0,0.22000000000116415,2.1999997800116634e-06,3.0,1.1293532338308458,0.09375,-0.005500000000029104,-0.00343750000001819,200.0,6.25,24.0,0.62,naive_symmetric,0.0,0.0,32.0,320090
2.27009522291155e-11,1.0800000000000005,2.775,-1.130000000029686,412.0,972.0,525.0,35.0,412.0,90.0,4.0,0.16000000000000006,31.0,0.155,0.0775,0.0,-0.07000000000698492,99999.93,0.29000000000000004,0.860984048829192,1.0,0.2,2.0,0.14500000000407454,1.4499998550407597e-06,3.0,0.6019900497512438,0.0967741935483871,-0.003500000000349246,-0.0022580645163543522,200.0,6.451612903225806,24.0,0.73,inventory_skew,0.0,0.0,31.0,310089
-4.0745185003743245e-12,0.07,33.41206030150754,-0.3499999999930151,438.0,996.0,523.0,35.0,438.0,65.0,4.0,0.02,3.0,0.015,0.007537688442211055,0.0,0.05000000000291038,100000.05,-0.02000000000000001,1.3893697343423268,1.0,0.2,2.0,0.5,4.999996250002812e-06,8.0,1.2935323383084578,2.6666666666666665,0.002500000000145519,0.016666666667636793,200.0,66.66666666666667,24.0,0.24,avellaneda_stoikov,0.0,0.0,3.0,30011
1.979039154775819e-11,0.8300000000000003,5.425,-0.5200000000098951,347.0,834.0,453.0,34.0,347.0,82.0,4.0,0.12000000000000004,24.0,0.12,0.07317073170731707,0.0,0.3700000000098953,100000.37000000001,0.24000000000000005,1.6825117447269955,0.0,0.0,5.0,0.21999999997206032,2.199991859750722e-06,8.0,1.2189054726368158,0.3333333333333333,0.018500000000494767,0.015416666667078971,200.0,8.333333333333334,24.0,0.7699999999999999,microstructure_adaptive,0.0,0.0,24.0,240073
3.667022241415907e-11,1.2700000000000007,2.565,-1.5900000000343422,410.0,972.0,519.0,43.0,410.0,112.0,8.0,0.17000000000000004,31.0,0.155,0.0775,0.0,-0.059999999997671694,99999.94,0.1799999999999999,1.9483377275250593,1.0,-0.15,4.0,0.16999999999825377,1.699999744982576e-06,9.0,1.6766169154228856,0.8064516129032258,-0.0029999999998835845,-0.0019354838708926353,200.0,6.451612903225806,25.0,1.6700000000000004,naive_symmetric,0.0,0.0,31.0,309952
3.376054991122146e-11,1.0800000000000005,2.865,-1.1200000000192085,414.0,976.0,519.0,43.0,414.0,106.0,8.0,0.14000000000000004,27.0,0.135,0.0675,0.0,1.4551915228366852e-11,100000.00000000001,0.12999999999999998,0.9277373105642218,1.0,-0.05,2.0,0.16999999999825377,1.6999996599826056e-06,9.0,0.8009950248756219,0.6296296296296297,7.275957614183426e-13,5.389598232728463e-13,200.0,7.407407407407407,25.0,1.1800000000000002,inventory_skew,0.0,0.0,27.0,269965
1.4551915228366852e-11,0.19,36.2964824120603,-0.2900000000168802,435.0,995.0,517.0,43.0,435.0,84.0,7.0,0.03,4.0,0.02,0.010050251256281407,0.0,0.3099999999976717,100000.31,0.25000000000000006,2.0455022859899348,1.0,0.08,3.0,1.0649999999877764,1.0649965919986822e-05,7.0,2.014925373134328,1.75,0.015499999999883584,0.07749999999941792,200.0,50.0,25.0,0.30000000000000004,avellaneda_stoikov,0.0,0.0,4.0,40020
3.49220652395843e-12,0.5499999999999999,5.92,-0.8199999999976716,341.0,816.0,433.0,42.0,341.0,95.0,7.0,0.06999999999999999,14.0,0.07,0.044585987261146494,0.0,0.10000000000582077,100000.1,0.16000000000000006,2.079274653473445,0.0,0.0,4.0,0.4250000000029104,4.249995750033354e-06,2.0,1.756218905472637,0.14285714285714285,0.005000000000291038,0.007142857143272912,200.0,14.285714285714286,25.0,0.8300000000000001,microstructure_adaptive,0.0,0.0,14.0,139993
-4.0745185003743245e-12,0.34,2.82,-0.8799999999802093,431.0,995.0,516.0,48.0,431.0,97.0,15.0,0.05,8.0,0.04,0.02,0.0,-0.02999999998428393,99999.97000000002,-0.02,0.9748070353761843,1.0,-1.1400000000000001,2.0,0.03999999999359716,3.9999993993598054e-07,8.0,0.9303482587064676,2.0,-0.0014999999992141965,-0.0037499999980354914,200.0,25.0,26.0,2.06,naive_symmetric,0.0,0.0,8.0,80004
-4.074407478071862e-12,0.28,2.93,-0.7999999999761348,432.0,996.0,516.0,48.0,432.0,96.0,15.0,0.04,7.0,0.035,0.0175,0.0,-0.009999999980209395,99999.99000000002,-0.02,0.9593737592566564,1.0,-0.5700000000000001,1.0,0.03999999999359716,3.9999993993598054e-07,8.0,0.9203980099502488,1.4285714285714286,-0.0004999999990104697,-0.0014285714257441992,200.0,28.571428571428573,26.0,1.42,inventory_skew,0.0,0.0,7.0,70003
5.238698363996264e-12,0.0,36.79187817258883,-0.5600000000052388,432.0,990.0,510.0,48.0,432.0,88.0,17.0,0.01,1.0,0.005,0.0025380710659898475,0.0,0.25,100000.25,-0.009999999999999981,0.9748070353761843,1.0,0.54,1.0,0.2400000000052387,2.399993640069241e-06,0.0,0.9502487562189055,0.0,0.0125,0.25,200.0,200.0,26.0,0.29,avellaneda_stoikov,0.0,0.0,1.0,9973
6.4028227164669715e-12,0.06999999999999999,5.895,-0.13000000000640285,337.0,804.0,420.0,47.0,337.0,90.0,16.0,0.02,4.0,0.02,0.013157894736842105,0.0,0.0,100000.0,-0.039999999999999994,0.2992528008322899,0.0,0.0,1.0,0.0650000000023283,6.499998700233092e-07,0.0,0.08955223880597014,0.0,0.0,0.0,200.0,50.0,26.0,0.19,microstructure_adaptive,0.0,0.0,4.0,40000
-2.502931195635938e-11,0.45,2.665,2.090000000008149,422.0,987.0,523.0,42.0,421.0,88.0,8.0,0.1,16.0,0.08,0.04,0.0,0.05999999998311978,100000.05999999998,0.019999999999999997,3.8049457210712623,1.0,-2.56,5.0,0.19500000000698492,1.9499974650731447e-06,5.0,3.6616915422885574,1.125,0.002999999999155989,0.003749999998944986,200.0,12.5,27.0,0.6100000000000001,naive_symmetric,0.0,0.0,16.0,159982
-2.793992814886792e-11,0.41000000000000003,2.935,0.24000000002270105,421.0,986.0,523.0,42.0,420.0,90.0,8.0,0.09000000000000001,17.0,0.085,0.0425,0.0,0.00999999999476131,100000.01,-0.02999999999999997,1.6571869709590459,1.0,-0.64,5.0,0.4450000000069849,4.449994215077369e-06,7.0,1.3034825870646767,1.588235294117647,0.0004999999997380655,0.0005882352938094889,200.0,11.764705882352942,27.0,0.5300000000000001,inventory_skew,0.0,0.0,17.0,169987
7.56700258008891e-12,0.07,34.25757575757576,-1.7462281620694853e-12,430.0,990.0,519.0,41.0,430.0,73.0,8.0,0.01,2.0,0.01,0.005050505050505051,0.0,0.10000000000582077,100000.1,-0.07,0.2639161633805939,0.0,0.0,1.0,0.08000000000174623,7.999992000182623e-07,9.0,0.06965174129353234,4.5,0.005000000000291038,0.05000000000291038,200.0,100.0,27.0,0.18,avellaneda_stoikov,0.0,0.0,2.0,20007
1.1641465569312004e-11,0.2,5.83,0.5799999999965075,345.0,824.0,437.0,42.0,345.0,79.0,8.0,0.04,7.0,0.035,0.022292993630573247,0.0,0.04000000000814907,100000.04000000001,-0.049999999999999975,1.2478837807857983,1.0,-0.64,2.0,0.16500000000814907,1.6499982675833095e-06,0.0,1.1592039800995024,0.0,0.0020000000004074536,0.005714285715449867,200.0,28.571428571428573,27.0,0.19000000000000003,microstructure_adaptive,0.0,0.0,7.0,70001
2.9685975899695904e-11,1.4500000000000006,2.45,-0.42999999999650745,401.0,966.0,519.0,46.0,401.0,122.0,9.0,0.19000000000000009,37.0,0.185,0.0925,0.0,0.020000000033178367,100000.02000000003,0.10999999999999999,2.460635358633864,1.0,0.48,6.0,0.4899999999906868,4.899992649917893e-06,13.0,1.8855721393034826,0.918918918918919,0.0010000000016589182,0.0005405405414372532,200.0,5.405405405405405,28.0,0.04999999999999999,naive_symmetric,0.0,0.0,37.0,370060
-1.7463808177353712e-12,1.2600000000000007,2.86,-1.419999999985448,406.0,971.0,519.0,46.0,406.0,116.0,9.0,0.17000000000000007,32.0,0.16,0.08,0.0,-0.07999999998719431,99999.92000000001,-0.07999999999999999,1.5144412627462505,1.0,0.96,3.0,0.33999999999650754,3.3999957499703874e-06,6.0,1.1194029850746268,0.71875,-0.003999999999359715,-0.0024999999995998223,200.0,6.25,28.0,0.6300000000000001,inventory_skew,0.0,0.0,32.0,320049
-1.9208523660552146e-11,0.2,36.29145728643216,0.47000000000349246,431.0,993.0,517.0,45.0,431.0,89.0,9.0,0.02,4.0,0.02,0.010050251256281407,0.0,0.5299999999842839,100000.52999999998,-0.12999999999999998,0.9593737592566564,0.0,0.0,1.0,0.3200000000069849,3.1999816001756484e-06,0.0,0.9203980099502488,0.0,0.026499999999214197,0.13249999999607098,200.0,50.0,28.0,0.21000000000000002,avellaneda_stoikov,0.0,0.0,4.0,39985
8.730960399105925e-12,0.7500000000000002,6.01,-0.059999999991850794,333.0,810.0,431.0,46.0,333.0,104.0,9.0,0.09000000000000001,17.0,0.085,0.05448717948717949,0.0,0.19000000001688022,100000.19000000002,-0.0999999999999999,1.3713486117415123,1.0,0.48,3.0,0.3000000000029104,2.999991750051791e-06,5.0,0.9850746268656716,0.5882352941176471,0.00950000000084401,0.011176470589228249,200.0,11.764705882352942,28.0,-0.040000000000000036,microstructure_adaptive,0.0,0.0,17.0,170021
9.31320298658278e-12,0.13,2.91,0.049999999986612254,438.0,1000.0,522.0,40.0,438.0,72.0,0.0,0.02,3.0,0.015,0.0075,0.0,-0.020000000004074536,99999.98,0.01,0.9619631668251951,1.0,-0.08,1.0,0.02500000000873115,2.500000000873115e-07,8.0,0.9253731343283582,2.6666666666666665,-0.0010000000002037268,-0.006666666668024845,200.0,66.66666666666667,29.0,0.020000000000000004,naive_symmetric,0.0,0.0,3.0,29997
-1.3877787807814457e-17,0.13,2.96,0.05999999999592548,438.0,1000.0,522.0,40.0,438.0,72.0,0.0,0.02,3.0,0.015,0.0075,0.0,-0.020000000004074536,99999.98,0.0,0.9619631668251951,1.0,-0.08,1.0,0.02500000000873115,2.500000000873115e-07,8.0,0.9253731343283582,2.6666666666666665,-0.0010000000002037268,-0.006666666668024845,200.0,66.66666666666667,29.0,0.020000000000000004,inventory_skew,0.0,0.0,3.0,29997
0.0,0.0,35.36,0.0,439.0,1000.0,522.0,39.0,439.0,67.0,0.0,0.0,0.0,0.0,0.0,0.0,0.0,100000.0,0.0,0.0,0.0,0.0,0.0,0.0,0.0,0.0,0.0,0.0,0.0,0.0,200.0,0.0,29.0,0.0,avellaneda_stoikov,0.0,0.0,0.0,0
0.0,0.03,5.735,0.16999999999592547,362.0,846.0,444.0,40.0,362.0,69.0,0.0,0.01,1.0,0.005,0.003105590062111801,0.0,-0.020000000004074536,99999.98,0.0,0.9489454739013253,1.0,-0.08,1.0,0.014999999999417923,1.4999999999417924e-07,0.0,0.900497512437811,0.0,-0.0010000000002037268,-0.020000000004074536,200.0,200.0,29.0,-0.1,microstructure_adaptive,0.0,0.0,1.0,9998
1.7462198353968006e-11,0.22,2.64,-0.25000000000989525,430.0,994.0,517.0,47.0,430.0,89.0,22.0,0.049999999999999996,9.0,0.045,0.0225,0.0,-0.069999999992433,99999.93000000001,0.049999999999999996,1.06738160120318,1.0,-0.06,3.0,0.21000000000640284,2.0999996850640757e-06,5.0,0.9402985074626866,1.4444444444444444,-0.0034999999996216504,-0.0077777777769370005,200.0,22.22222222222222,30.0,0.24000000000000002,naive_symmetric,0.0,0.0,9.0,89975
-1.1641521080463235e-12,0.19,2.825,-0.26999999999650753,429.0,992.0,517.0,46.0,429.0,88.0,23.0,0.04,8.0,0.04,0.02,0.0,-0.059999999997671694,99999.94,0.029999999999999992,0.7662014595502382,0.0,0.0,2.0,0.14500000000407454,1.449999782540778e-06,5.0,0.5572139303482587,1.0,-0.0029999999998835845,-0.007499999999708962,200.0,25.0,30.0,0.22,inventory_skew,0.0,0.0,8.0,79976
-1.7462142842816775e-11,0.12,34.90954773869347,0.4400000000122236,433.0,995.0,515.0,47.0,433.0,86.0,21.0,0.03,4.0,0.02,0.010050251256281407,0.0,0.7599999999947613,100000.76,-0.30000000000000016,1.1823747080552578,1.0,-0.12,3.0,1.139999999999418,1.139991222067008e-05,0.0,0.7114427860696517,0.0,0.03799999999973806,0.18999999999869033,200.0,50.0,30.0,0.77,avellaneda_stoikov,0.0,0.0,4.0,39911
-2.444722202454841e-11,0.16,5.865,0.0800000000197906,343.0,815.0,425.0,47.0,343.0,86.0,21.0,0.03,4.0,0.02,0.012987012987012988,0.0,0.11999999999534339,100000.12,0.13,1.347560906975989,1.0,-0.12,2.0,0.08500000000640284,8.499988950654649e-07,0.0,1.1691542288557213,0.0,0.005999999999767169,0.029999999998835847,200.0,50.0,30.0,0.060000000000000005,microstructure_adaptive,0.0,0.0,4.0,39983
-1.7462475909724162e-11,1.1500000000000006,2.475,-0.9599999999569264,410.0,974.0,519.0,45.0,410.0,107.0,0.0,0.16000000000000003,29.0,0.145,0.0725,0.0,0.09000000002561137,100000.09000000003,0.19999999999999996,2.1136843878740006,1.0,0.45,4.0,0.08500000000640284,8.499988950654646e-07,7.0,1.7114427860696517,0.5172413793103449,0.004500000001280568,0.0031034482767452196,200.0,6.896551724137931,31.0,0.5600000000000003,naive_symmetric,0.0,0.0,29.0,289944
1.7461587731304462e-12,1.0400000000000005,2.89,-1.0099999999947613,414.0,978.0,519.0,45.0,414.0,102.0,0.0,0.13000000000000003,25.0,0.125,0.0625,0.0,0.07000000000698492,100000.07,0.08,1.2094157958139042,1.0,0.15,2.0,0.059999999997671694,5.999995499770543e-07,7.0,1.054726368159204,0.56,0.003500000000349246,0.0028000000002793967,200.0,8.0,31.0,0.98,inventory_skew,0.0,0.0,25.0,249951
0.0,0.0,36.32,0.0,437.0,1000.0,519.0,44.0,437.0,85.0,0.0,0.0,0.0,0.0,0.0,0.0,0.0,100000.0,0.0,0.0,0.0,0.0,0.0,0.0,0.0,0.0,0.0,0.0,0.0,0.0,200.0,0.0,31.0,0.0,avellaneda_stoikov,0.0,0.0,0.0,0
-7.567030335664526e-12,0.47000000000000003,5.915,0.20000000002910387,339.0,815.0,431.0,45.0,339.0,96.0,0.0,0.06999999999999999,12.0,0.06,0.038461538461538464,0.0,0.07000000002153683,100000.07000000002,0.06999999999999998,1.3233456770982128,1.0,-0.32,2.0,0.059999999997671694,5.999992799775808e-07,0.0,1.1144278606965174,0.0,0.003500000001076842,0.00583333333512807,200.0,16.666666666666668,31.0,0.19,microstructure_adaptive,0.0,0.0,12.0,119986
-1.0477368972416912e-11,0.37,2.645,-0.1499999999947613,431.0,990.0,518.0,41.0,431.0,83.0,0.0,0.049999999999999996,10.0,0.05,0.025,0.0,0.00999999999476131,100000.01,0.020000000000000004,0.7193142118180226,0.0,0.0,2.0,0.08000000000174623,7.999999200174704e-07,4.0,0.3283582089552239,0.4,0.0004999999997380655,0.000999999999476131,200.0,20.0,32.0,0.18999999999999997,naive_symmetric,0.0,0.0,10.0,100016
5.238642852845032e-12,0.39,2.9,0.2999999999749708,432.0,992.0,518.0,42.0,432.0,86.0,0.0,0.05999999999999999,11.0,0.055,0.0275,0.0,0.009999999980209395,100000.00999999998,-0.009999999999999998,0.9925092578236596,1.0,-0.27,2.0,0.07000000000698492,6.999997900699122e-07,4.0,0.9253731343283582,0.7272727272727273,0.0004999999990104697,0.0009090909072917632,200.0,18.181818181818183,32.0,0.04999999999999999,inventory_skew,0.0,0.0,11.0,110019
0.0,0.0,35.39,0.0,441.0,1000.0,518.0,41.0,441.0,71.0,0.0,0.0,0.0,0.0,0.0,0.0,0.0,100000.0,0.0,0.0,0.0,0.0,0.0,0.0,0.0,0.0,0.0,0.0,0.0,0.0,200.0,0.0,32.0,0.0,avellaneda_stoikov,0.0,0.0,0.0,0
1.1641347608115638e-12,0.16,5.665,-0.02000000001047736,357.0,834.0,436.0,41.0,357.0,76.0,0.0,0.02,4.0,0.02,0.012578616352201259,0.0,-0.010000000009313226,99999.98999999999,-0.03,0.23393667553251238,0.0,0.0,1.0,0.055000000007566996,5.500000000756699e-07,0.0,0.05472636815920398,0.0,-0.0005000000004656613,-0.0025000000023283064,200.0,50.0,32.0,0.06,microstructure_adaptive,0.0,0.0,4.0,40005
5.238587341693801e-12,0.43000000000000005,2.565,-0.49999999998195555,421.0,991.0,519.0,51.0,421.0,95.0,8.0,0.07999999999999999,12.0,0.06,0.03,0.0,-0.09999999997671694,99999.90000000002,-0.010000000000000009,3.341284050253377,1.0,1.0,4.0,0.1300000000046566,1.3000000000465661e-06,9.0,3.054726368159204,1.0833333333333333,-0.004999999998835847,-0.008333333331393078,200.0,16.666666666666668,33.0,-0.51,naive_symmetric,0.0,0.0,12.0,119992
1.1641243524707079e-12,0.38,2.94,-0.2999999999854481,424.0,994.0,519.0,51.0,424.0,95.0,8.0,0.049999999999999996,9.0,0.045,0.0225,0.0,-0.02999999998428393,99999.97000000002,-0.029999999999999992,0.9899997487310601,1.0,0.25,2.0,0.11999999999534339,1.1999999999534337e-06,0.0,0.9502487562189055,0.0,-0.0014999999992141965,-0.0033333333315871037,200.0,22.22222222222222,33.0,0.1,inventory_skew,0.0,0.0,9.0,89983
9.89541781848402e-12,0.06,35.71065989847716,0.580000000000582,424.0,988.0,513.0,51.0,424.0,89.0,9.0,0.02,3.0,0.015,0.007614213197969543,0.0,0.23000000001047738,100000.23000000001,0.11999999999999995,1.4264732281563388,1.0,-0.26,2.0,0.5599999999976717,5.59998628001033e-06,9.0,1.3383084577114428,3.0,0.011500000000523869,0.07666666667015913,200.0,66.66666666666667,33.0,-0.19000000000000003,avellaneda_stoikov,0.0,0.0,3.0,29979
3.492428568563355e-12,0.21,6.02,0.5599999999970897,327.0,797.0,419.0,51.0,327.0,93.0,8.0,0.04,6.0,0.03,0.02,0.0,0.11000000000058208,100000.11,0.16,2.8160874025332503,1.0,-0.52,3.0,0.16999999999825377,1.699997534986112e-06,0.0,2.756218905472637,0.0,0.005500000000029104,0.018333333333430346,200.0,33.333333333333336,33.0,-0.05000000000000002,microstructure_adaptive,0.0,0.0,6.0,59991
-2.3283153183228933e-11,0.47,2.555,-0.159999999976717,430.0,991.0,517.0,44.0,430.0,83.0,0.0,0.07999999999999999,12.0,0.06,0.03,0.0,0.0,100000.0,0.1,2.8607830400067127,1.0,0.8,4.0,0.16000000000349246,1.5999996800349884e-06,15.0,2.2139303482587063,1.4166666666666667,0.0,0.0,200.0,16.666666666666668,34.0,-0.6599999999999999,naive_symmetric,0.0,0.0,12.0,120014
-5.238753875147495e-12,0.35999999999999993,2.8,-0.38000000000407447,433.0,994.0,517.0,44.0,433.0,80.0,0.0,0.049999999999999996,9.0,0.045,0.0225,0.0,-0.010000000009313226,99999.98999999999,0.010000000000000007,1.0603669692388273,1.0,0.2,3.0,0.11500000000523869,1.1499998850523982e-06,2.0,0.7960199004975125,0.3333333333333333,-0.0005000000004656613,-0.001111111112145914,200.0,22.22222222222222,34.0,0.20999999999999996,inventory_skew,0.0,0.0,9.0,90011
0.0,0.0,35.475,0.0,440.0,1000.0,517.0,43.0,440.0,73.0,0.0,0.0,0.0,0.0,0.0,0.0,0.0,100000.0,0.0,0.0,0.0,0.0,0.0,0.0,0.0,0.0,0.0,0.0,0.0,0.0,200.0,0.0,34.0,0.0,avellaneda_stoikov,0.0,0.0,0.0,0
1.629818502379976e-11,0.13,5.88,0.3299999999732245,350.0,823.0,429.0,44.0,350.0,78.0,0.0,0.03,4.0,0.02,0.01282051282051282,0.0,0.01999999998952262,100000.01999999999,0.08,1.5062060670498942,1.0,0.4,2.0,0.04499999999825377,4.499998649825783e-07,2.0,1.3432835820895523,0.5,0.000999999999476131,0.004999999997380655,200.0,50.0,34.0,-0.76,microstructure_adaptive,0.0,0.0,4.0,40007
-4.6567194544877566e-12,0.7700000000000002,2.683673469387755,-2.139999999991269,411.0,965.0,511.0,43.0,411.0,108.0,18.0,0.13000000000000003,22.0,0.11,0.05612244897959184,0.0,0.020000000004074536,100000.02,0.6200000000000001,2.4907790145860966,1.0,1.8800000000000001,4.0,0.7600000000093132,7.599995060096343e-06,11.0,1.9154228855721394,1.1818181818181819,0.0010000000002037268,0.0009090909092761153,200.0,9.090909090909092,35.0,-0.21000000000000008,naive_symmetric,0.0,0.0,22.0,219961
1.9790613592363115e-11,0.7500000000000002,2.88265306122449,-1.5100000000343425,409.0,963.0,511.0,43.0,409.0,111.0,18.0,0.13000000000000003,24.0,0.12,0.061224489795918366,0.0,-1.4551915228366852e-11,99999.99999999999,0.4900000000000001,1.625358743409011,1.0,0.9400000000000001,3.0,0.7600000000093132,7.599995060096343e-06,12.0,1.308457711442786,1.75,-7.275957614183426e-13,-6.063298011819521e-13,200.0,8.333333333333334,35.0,0.20999999999999988,inventory_skew,0.0,0.0,24.0,239959
-1.1641576591614466e-11,0.27,34.48936170212766,-1.7200000000104774,408.0,946.0,495.0,43.0,408.0,95.0,27.0,0.06,9.0,0.045,0.023936170212765957,0.0,1.569999999977881,100001.56999999998,0.55,2.2637089277229827,1.0,1.41,3.0,0.7200000000011642,7.199885881820416e-06,0.0,2.0796019900497513,0.0,0.07849999999889405,0.17444444444198678,200.0,22.22222222222222,35.0,1.39,avellaneda_stoikov,0.0,0.0,9.0,89818
8.731015910257156e-12,0.5,5.7846153846153845,-0.5200000000110594,336.0,806.0,427.0,43.0,336.0,100.0,24.0,0.06999999999999999,13.0,0.065,0.04220779220779221,0.0,0.059999999997671694,100000.06,0.15000000000000005,1.0269987186745677,1.0,0.47000000000000003,3.0,0.3699999999953434,3.6999968549561075e-06,4.0,0.7761194029850746,0.5384615384615384,0.0029999999998835845,0.004615384615205515,200.0,15.384615384615385,35.0,0.029999999999999943,microstructure_adaptive,0.0,0.0,13.0,129998
1.1657341758564144e-12,0.6900000000000002,2.535,0.40999999999243264,421.0,984.0,515.0,48.0,421.0,110.0,4.0,0.13,19.0,0.095,0.0475,0.0,0.03999999999359716,100000.04,0.22000000000000003,5.484940939921583,2.0,1.51,8.0,0.2450000000098953,2.449997427601654e-06,12.0,4.711442786069652,2.6315789473684212,0.0019999999996798577,0.002105263157557745,200.0,10.526315789473685,36.0,-1.970000000000001,naive_symmetric,0.0,0.0,19.0,190030
-9.895195773879095e-12,0.5699999999999998,2.915,-0.6600000000151341,425.0,988.0,515.0,48.0,425.0,105.0,4.0,0.08,15.0,0.075,0.0375,0.0,0.019999999974970706,100000.01999999997,0.12999999999999998,1.7176288179402748,1.0,0.22,4.0,0.19000000001688022,1.8999991451691872e-06,10.0,1.3980099502487562,2.2666666666666666,0.0009999999987485354,0.0013333333316647136,200.0,13.333333333333334,36.0,0.41000000000000003,inventory_skew,0.0,0.0,15.0,150028
-7.56694706893768e-12,0.06,35.85353535353536,-0.4799999999889405,434.0,993.0,511.0,48.0,434.0,96.0,4.0,0.02,2.0,0.01,0.005050505050505051,0.0,0.41000000000349246,100000.41,0.57,1.6571869709590459,1.0,0.44,2.0,0.6649999999935972,6.649972070053277e-06,0.0,1.5522388059701493,0.0,0.02050000000017462,0.20500000000174623,200.0,100.0,36.0,-0.1,avellaneda_stoikov,0.0,0.0,2.0,20043
-4.656608432185294e-12,0.25,5.945,-0.5800000000017461,339.0,808.0,421.0,48.0,339.0,99.0,4.0,0.04,7.0,0.035,0.02287581699346405,0.0,0.03999999999359716,100000.04,0.11999999999999991,1.6616840944808813,1.0,0.22,3.0,0.1900000000023283,1.8999987650240857e-06,2.0,1.4477611940298507,0.2857142857142857,0.0019999999996798577,0.005714285713371022,200.0,28.571428571428573,36.0,0.3199999999999999,microstructure_adaptive,0.0,0.0,7.0,70012
-2.0954682433682592e-11,0.6400000000000001,2.4416243654822334,0.5300000000052387,416.0,974.0,518.0,40.0,416.0,89.0,22.0,0.11,17.0,0.085,0.04314720812182741,0.0,-0.22000000001571607,99999.77999999998,0.2899999999999999,3.8710560092648714,2.0,-0.5,6.0,0.5299999999988358,5.299999469988411e-06,11.0,3.4129353233830844,1.8235294117647058,-0.011000000000785803,-0.01294117647151271,200.0,11.764705882352942,37.0,-0.43000000000000005,naive_symmetric,0.0,0.0,17.0,169949
1.746222610954362e-11,0.5800000000000001,2.979695431472081,-0.3200000000075669,418.0,976.0,518.0,40.0,418.0,84.0,22.0,0.08,15.0,0.075,0.03807106598984772,0.0,-0.1299999999901047,99999.87000000001,0.30000000000000004,1.5062060670498942,1.0,-0.1,3.0,0.5299999999988358,5.299999469988411e-06,6.0,1.3532338308457712,1.0,-0.006499999999505235,-0.00866666666600698,200.0,13.333333333333334,37.0,0.06999999999999998,inventory_skew,0.0,0.0,15.0,149951
-1.047750775029499e-11,0.25,37.50259067357513,-0.810000000008149,418.0,968.0,510.0,40.0,418.0,79.0,22.0,0.04,7.0,0.035,0.018134715025906734,0.0,0.9799999999813735,100000.97999999998,0.26999999999999996,1.7406466460108028,1.0,-0.1,4.0,0.7400000000052387,7.399919340931571e-06,0.0,1.4975124378109452,0.0,0.04899999999906868,0.1399999999973391,200.0,28.571428571428573,37.0,1.6600000000000001,avellaneda_stoikov,0.0,0.0,7.0,69866
2.7357671683603257e-11,0.35,5.720812182741117,-1.3200000000104775,348.0,830.0,442.0,40.0,348.0,79.0,24.0,0.06,9.0,0.045,0.02830188679245283,0.0,-0.05999999998311978,99999.94000000002,0.17,2.1877087675788323,1.0,0.21,3.0,0.28499999998894054,2.8499994298895195e-06,3.0,1.8407960199004976,0.5555555555555556,-0.002999999999155989,-0.006666666664791087,200.0,22.22222222222222,37.0,0.9400000000000001,microstructure_adaptive,0.0,0.0,9.0,89975
3.958122718472623e-11,0.53,2.625,-0.8499999999999999,431.0,990.0,525.0,34.0,431.0,73.0,0.0,0.07999999999999999,13.0,0.065,0.0325,0.0,-0.01999999996041879,99999.98000000004,-0.02000000000000001,3.0107601393859693,1.0,0.48,5.0,0.1899999999877764,1.8999987648785665e-06,7.0,2.845771144278607,0.9230769230769231,-0.0009999999980209394,-0.00153846153541683,200.0,15.384615384615385,38.0,0.4499999999999999,naive_symmetric,0.0,0.0,13.0,129985
2.7357671683603257e-11,0.51,2.955,-0.17999999999708963,431.0,990.0,525.0,34.0,431.0,73.0,0.0,0.06999999999999999,13.0,0.065,0.0325,0.0,-0.029999999969732016,99999.97000000003,-0.08000000000000002,1.5661214251800402,1.0,-0.17,3.0,0.22999999999592546,2.299998504960226e-06,0.0,1.3681592039800996,0.0,-0.0014999999984866008,-0.002307692305364001,200.0,15.384615384615385,38.0,0.47,inventory_skew,0.0,0.0,13.0,129984
7.567030335664526e-12,0.04,36.015075376884425,-0.18000000000407454,441.0,998.0,523.0,34.0,441.0,64.0,0.0,0.01,1.0,0.005,0.002512562814070352,0.0,0.16000000000349246,100000.16,-0.07000000000000008,0.9645456229263951,1.0,0.16,1.0,0.29999999998835847,2.9999929499001523e-06,0.0,0.9303482587064676,0.0,0.008000000000174623,0.16000000000349246,200.0,200.0,38.0,0.26,avellaneda_stoikov,0.0,0.0,1.0,9980
1.8044413185869246e-11,0.3,5.5,-0.1200000000221189,368.0,860.0,459.0,33.0,368.0,69.0,0.0,0.04,8.0,0.04,0.023952095808383235,0.0,-0.020000000004074536,99999.98,-0.09,0.8042177374033906,0.0,0.0,2.0,0.16500000000814907,1.6499992575818248e-06,7.0,0.4975124378109453,0.875,-0.0010000000002037268,-0.002500000000509317,200.0,25.0,38.0,0.22999999999999995,microstructure_adaptive,0.0,0.0,8.0,79990
6.984968159429172e-12,1.1400000000000006,2.6,-0.8299999999912688,419.0,973.0,516.0,38.0,419.0,90.0,0.0,0.17000000000000007,30.0,0.15,0.075,0.0,-0.02999999998428393,99999.97000000002,0.06999999999999998,2.1452249415274016,3.0,1.36,5.0,0.10500000001047738,1.0499991601054455e-06,5.0,1.5970149253731343,0.4666666666666667,-0.0014999999992141965,-0.000999999999476131,200.0,6.666666666666667,39.0,-0.4600000000000001,naive_symmetric,0.0,0.0,30.0,300014
-1.4551915228366852e-11,0.9800000000000004,2.865,-0.869999999985448,423.0,977.0,516.0,38.0,423.0,86.0,0.0,0.14000000000000004,26.0,0.13,0.065,0.0,0.0,100000.0,-3.469446951953614e-18,1.4660333322756627,1.0,0.68,3.0,0.07500000001164153,7.499994751167827e-07,10.0,1.144278606965174,0.8076923076923077,0.0,0.0,200.0,7.6923076923076925,39.0,0.32999999999999985,inventory_skew,0.0,0.0,26.0,260012
0.0,0.0,35.58585858585859,0.0,443.0,992.0,512.0,37.0,443.0,63.0,0.0,0.0,0.0,0.0,0.0,0.0,0.0,100000.0,0.0,0.0,0.0,0.0,0.0,0.0,0.0,0.0,0.0,0.0,0.0,0.0,200.0,0.0,39.0,0.0,avellaneda_stoikov,0.0,0.0,0.0,0
0.0,0.3799999999999999,5.655,-0.14000000001455193,365.0,845.0,442.0,38.0,365.0,74.0,0.0,0.06,10.0,0.05,0.03067484662576687,0.0,-1.4551915228366852e-11,99999.99999999999,6.938893903907228e-18,1.0881542179259562,1.0,0.68,2.0,0.05000000000291038,4.999997500292289e-07,15.0,0.835820895522388,1.6,-7.275957614183426e-13,-1.4551915228366853e-12,200.0,20.0,39.0,-0.48,microstructure_adaptive,0.0,0.0,10.0,100008
-7.567058091240142e-12,0.9400000000000002,2.578125,-0.4799999999633291,400.0,944.0,504.0,40.0,400.0,110.0,16.0,0.16000000000000003,27.0,0.135,0.0703125,0.0,-0.24999999997089617,99999.75000000003,0.07000000000000017,2.2427328744789596,2.0,-0.98,5.0,0.9200000000128057,9.199992180134702e-06,12.0,1.8855721393034826,1.2222222222222223,-0.012499999998544809,-0.00925925925818134,200.0,7.407407407407407,40.0,1.3,naive_symmetric,0.0,0.0,27.0,269945
-1.8044343796930207e-11,1.0300000000000005,2.90625,-0.569999999938882,398.0,942.0,504.0,40.0,398.0,109.0,15.0,0.16000000000000006,29.0,0.145,0.07552083333333333,0.0,-0.10999999995692633,99999.89000000004,0.09000000000000007,1.6099813045482934,2.0,-0.5900000000000001,3.0,1.2850000000034925,1.2849989077544207e-05,10.0,1.3681592039800996,1.0,-0.005499999997846316,-0.0037931034467905632,200.0,6.896551724137931,40.0,1.12,inventory_skew,0.0,0.0,29.0,289946
6.402656183013278e-12,0.11,34.536458333333336,0.030000000007567,422.0,965.0,504.0,39.0,422.0,87.0,16.0,0.02,4.0,0.02,0.010416666666666666,0.0,0.6400000000139698,100000.64000000001,0.21000000000000016,0.9087742551184915,0.0,0.0,1.0,0.2400000000052387,2.3999846401506898e-06,10.0,0.8258706467661692,2.5,0.03200000000069849,0.16000000000349246,200.0,50.0,40.0,0.42000000000000004,avellaneda_stoikov,0.0,0.0,4.0,40008
4.074240944618168e-12,0.51,5.578125,-0.18000000000523858,340.0,812.0,432.0,40.0,340.0,97.0,15.0,0.08,15.0,0.075,0.04807692307692308,0.0,0.029999999998835847,100000.03,0.27000000000000024,1.2378765319924727,1.0,-0.2,3.0,1.1999999999970896,1.1999989799979568e-05,5.0,0.8159203980099502,0.4,0.0014999999999417923,0.00199999999992239,200.0,13.333333333333334,40.0,0.21999999999999995,microstructure_adaptive,0.0,0.0,15.0,149975
4.190958691197011e-11,0.57,2.63,-1.5599999999970895,417.0,987.0,524.0,46.0,417.0,98.0,11.0,0.1,16.0,0.08,0.04,0.0,-0.0299999999551801,99999.97000000004,0.17,4.4959904746628085,1.0,1.2,5.0,0.20500000000174623,2.0499997950174824e-06,13.0,4.343283582089552,3.5,-0.001499999997759005,-0.0018749999971987563,200.0,12.5,41.0,0.25999999999999995,naive_symmetric,0.0,0.0,16.0,159955
5.820677273504771e-12,0.48999999999999994,2.925,-0.9499999999743887,415.0,984.0,524.0,45.0,415.0,98.0,11.0,0.08,16.0,0.08,0.04,0.0,-0.05999999996856786,99999.94000000003,0.09999999999999999,1.953438096794969,0.0,0.0,3.0,0.19999999999708962,1.9999999999708963e-06,13.0,1.6965174129353233,2.5,-0.002999999998428393,-0.0037499999980354914,200.0,12.5,41.0,0.8700000000000001,inventory_skew,0.0,0.0,16.0,159958
1.7462142842816775e-12,0.01,35.87373737373738,-0.31999999999825374,428.0,994.0,520.0,46.0,428.0,83.0,11.0,0.01,1.0,0.005,0.0025252525252525255,0.0,0.16000000000349246,100000.16,0.08000000000000002,0.9798974461519554,1.0,0.3,1.0,0.11999999999534339,1.199997899957109e-06,0.0,0.9601990049751243,0.0,0.008000000000174623,0.16000000000349246,200.0,200.0,41.0,0.11,avellaneda_stoikov,0.0,0.0,1.0,9980
5.820899318109696e-13,0.27999999999999997,5.695,-0.9800000000128057,329.0,805.0,430.0,46.0,329.0,92.0,11.0,0.06,10.0,0.05,0.032679738562091505,0.0,-0.06000000001222361,99999.93999999999,0.10999999999999999,2.7517520425144752,1.0,0.6,3.0,0.16499999999359716,1.6499997524360088e-06,6.0,2.646766169154229,0.6,-0.0030000000006111804,-0.006000000001222361,200.0,20.0,41.0,0.2700000000000001,microstructure_adaptive,0.0,0.0,10.0,99988
2.5029422978661842e-11,0.3499999999999999,2.525,-0.6700000000232831,428.0,990.0,526.0,36.0,428.0,74.0,13.0,0.06999999999999999,13.0,0.065,0.0325,0.0,0.08000000000174623,100000.08,-0.019999999999999983,1.141701619103992,1.0,-0.39,2.0,0.09500000000116415,9.49999145012411e-07,13.0,1.054726368159204,1.6153846153846154,0.004000000000087311,0.0061538461539804796,200.0,15.384615384615385,42.0,1.23,naive_symmetric,0.0,0.0,13.0,129991
1.9790502570060653e-11,0.3499999999999999,2.96,-0.6800000000378348,428.0,990.0,526.0,36.0,428.0,74.0,13.0,0.06999999999999999,13.0,0.065,0.0325,0.0,0.08999999998195563,100000.08999999998,-0.009999999999999983,1.141701619103992,1.0,-0.39,2.0,0.09500000000116415,9.499990500125917e-07,13.0,1.054726368159204,1.8461538461538463,0.004499999999097781,0.006923076921688894,200.0,15.384615384615385,42.0,1.24,inventory_skew,0.0,0.0,13.0,129994
1.1059375637501034e-11,0.09,34.97989949748744,0.7399999999848661,437.0,997.0,524.0,36.0,437.0,65.0,13.0,0.02,2.0,0.01,0.005025125628140704,0.0,0.22999999999592546,100000.23,-0.16,1.9252188607250715,2.0,-0.78,2.0,0.28999999999359716,2.899989559973556e-06,0.0,1.8656716417910448,0.0,0.011499999999796274,0.11499999999796273,200.0,100.0,42.0,0.45,avellaneda_stoikov,0.0,0.0,2.0,19967
8.731099176984003e-12,0.31999999999999995,5.485,-0.14000000000291035,360.0,852.0,456.0,36.0,360.0,73.0,13.0,0.05999999999999999,11.0,0.055,0.03333333333333333,0.0,0.10000000000582077,100000.1,-0.10000000000000002,1.0904378599297437,1.0,0.38,2.0,0.10000000000582077,9.999988500595301e-07,2.0,0.9203980099502488,0.36363636363636365,0.005000000000291038,0.009090909091438252,200.0,18.181818181818183,42.0,0.020000000000000018,microstructure_adaptive,0.0,0.0,11.0,109979
-6.402878227618203e-12,1.1800000000000004,2.475,-2.4500000000180444,404.0,973.0,523.0,46.0,404.0,99.0,10.0,0.18000000000000005,30.0,0.15,0.075,0.0,-0.12000000002444722,99999.87999999998,0.04000000000000002,4.56517206903535,1.0,1.98,7.0,0.3100000000267755,3.0999990702680345e-06,8.0,4.08457711442786,0.7,-0.006000000001222361,-0.004000000000814907,200.0,6.666666666666667,43.0,0.49000000000000005,naive_symmetric,0.0,0.0,30.0,299928
-1.4552137272971777e-11,1.0600000000000003,2.875,-0.989999999986612,407.0,976.0,523.0,46.0,407.0,96.0,10.0,0.14000000000000004,27.0,0.135,0.0675,0.0,0.029999999998835847,100000.03,-1.0408340855860843e-17,1.6299436855027991,1.0,0.33,3.0,0.125,1.2499993750003126e-06,8.0,1.3333333333333333,0.7037037037037037,0.0014999999999417923,0.0011111111110679943,200.0,7.407407407407407,43.0,0.8300000000000001,inventory_skew,0.0,0.0,27.0,269932
3.4925395908658174e-12,0.07,36.378787878787875,-0.6299999999965076,427.0,992.0,519.0,46.0,427.0,81.0,10.0,0.02,3.0,0.015,0.007575757575757576,0.0,0.3200000000069849,100000.32,-0.09000000000000005,1.5127978099965467,1.0,0.33,2.0,0.5400000000081491,5.399980020155416e-06,7.0,1.4129353233830846,2.3333333333333335,0.016000000000349245,0.10666666666899498,200.0,66.66666666666667,43.0,0.73,avellaneda_stoikov,0.0,0.0,3.0,29959
-3.434252882072997e-11,0.4599999999999999,5.93,-1.3599999999831198,323.0,795.0,426.0,46.0,323.0,85.0,11.0,0.07999999999999999,14.0,0.07,0.0462046204620462,0.0,-0.0500000000174623,99999.94999999998,0.009999999999999992,2.7372499545041253,1.0,0.66,5.0,0.22000000001571607,2.1999989001577107e-06,5.0,2.3482587064676617,0.8571428571428571,-0.002500000000873115,-0.0035714285726758783,200.0,14.285714285714286,43.0,0.7199999999999999,microstructure_adaptive,0.0,0.0,14.0,139957
1.9208412638249683e-11,1.2100000000000006,2.405,-0.739999999995343,403.0,973.0,522.0,48.0,403.0,110.0,0.0,0.16000000000000006,30.0,0.15,0.075,0.0,0.010000000023865141,100000.01000000002,0.13,0.9463204468147677,1.0,-0.34,2.0,0.19999999999708962,1.999998599971876e-06,18.0,0.7960199004975125,1.4666666666666666,0.0005000000011932571,0.00033333333412883804,200.0,6.666666666666667,44.0,1.1199999999999999,naive_symmetric,0.0,0.0,30.0,299983
1.1059486659803497e-11,1.1800000000000006,2.79,-0.5999999999831196,404.0,974.0,522.0,48.0,404.0,109.0,0.0,0.15000000000000005,29.0,0.145,0.0725,0.0,0.030000000027939677,100000.03000000003,0.09000000000000001,0.872464343025402,1.0,-0.17,2.0,0.19999999999708962,1.9999983999721754e-06,18.0,0.7512437810945274,1.2758620689655173,0.001500000001396984,0.0010344827595841267,200.0,6.896551724137931,44.0,0.8599999999999999,inventory_skew,0.0,0.0,29.0,289987
5.820899318109696e-13,0.04,34.43,-0.14999999999825375,432.0,1002.0,522.0,48.0,432.0,82.0,4.0,0.01,1.0,0.005,0.0025,0.0,0.1900000000023283,100000.19,0.10999999999999999,0.7053456158585982,1.0,0.13,1.0,0.010000000009313226,9.999979509355232e-08,0.0,0.4975124378109453,0.0,0.009500000000116415,0.1900000000023283,200.0,200.0,44.0,0.11,avellaneda_stoikov,0.0,0.0,1.0,10019
1.862621168413625e-11,0.4600000000000001,5.995,-0.37000000002793954,326.0,802.0,428.0,48.0,326.0,96.0,2.0,0.06999999999999999,13.0,0.065,0.042483660130718956,0.0,-0.010000000009313226,99999.98999999999,0.02000000000000001,0.8977584024968696,1.0,-0.17,2.0,0.22999999999592546,2.2999993099594617e-06,0.0,0.6567164179104478,0.0,-0.0005000000004656613,-0.0007692307699471712,200.0,15.384615384615385,44.0,0.5800000000000001,microstructure_adaptive,0.0,0.0,13.0,129977
1.163069640597314e-12,1.1900000000000006,2.37,-0.08999999994819485,401.0,965.0,528.0,36.0,401.0,102.0,16.0,0.21000000000000008,38.0,0.19,0.095,0.0,0.010000000052968971,100000.01000000005,-0.7799999999999995,2.4807718266139256,1.0,1.32,5.0,0.8399999999965075,8.399973960045798e-06,9.0,2.074626865671642,0.42105263157894735,0.0005000000026484485,0.0002631578961307624,200.0,5.2631578947368425,45.0,-0.22999999999999982,naive_symmetric,0.0,0.0,38.0,379966
-2.328609527424419e-12,1.1000000000000005,2.84,-0.12999999996216505,402.0,966.0,528.0,36.0,402.0,100.0,16.0,0.19000000000000009,37.0,0.185,0.0925,0.0,-0.03999999996449333,99999.96000000004,-0.9399999999999997,1.7955168049937391,1.0,0.33,4.0,0.8399999999965075,8.399972280056549e-06,2.0,1.492537313432836,0.10810810810810811,-0.0019999999982246663,-0.0010810810801214412,200.0,5.405405405405405,45.0,0.8900000000000001,inventory_skew,0.0,0.0,37.0,369963
-1.2223555501122974e-11,0.25,35.33505154639175,0.12000000001396993,418.0,970.0,516.0,36.0,418.0,77.0,20.0,0.049999999999999996,9.0,0.045,0.023195876288659795,0.0,0.8300000000017462,100000.83,-0.56,1.394730666415848,1.0,-0.36,4.0,1.9199999999982538,1.919982336160761e-05,4.0,1.1691542288557213,0.4444444444444444,0.041500000000087314,0.09222222222241624,200.0,22.22222222222222,45.0,1.68,avellaneda_stoikov,0.0,0.0,9.0,89873
4.074407478071862e-12,0.7500000000000002,5.635,-0.7400000000349246,340.0,828.0,452.0,36.0,340.0,89.0,20.0,0.12000000000000004,23.0,0.115,0.07098765432098765,0.0,0.16999999996914994,100000.16999999997,-0.23000000000000007,2.2471651572105453,1.0,0.33,4.0,0.6600000000034925,6.599987130060022e-06,9.0,1.7960199004975124,0.391304347826087,0.008499999998457497,0.00739130434648478,200.0,8.695652173913043,45.0,0.9300000000000002,microstructure_adaptive,0.0,0.0,23.0,229965
-8.731237954862081e-12,0.6200000000000001,2.66839378238342,-2.53999999995518,404.0,954.0,507.0,43.0,403.0,86.0,27.0,0.13000000000000003,21.0,0.105,0.054404145077720206,0.0,0.07000000003608875,100000.07000000004,0.6,4.244985335370717,1.0,1.85,6.0,1.6449999999749707,1.6449984372264546e-05,16.0,3.990049751243781,1.2857142857142858,0.0035000000018044373,0.003333333335051845,200.0,9.523809523809524,46.0,0.2899999999999999,naive_symmetric,0.0,0.0,21.0,209959
4.714784118675652e-11,0.47,2.937823834196891,-1.150000000038999,405.0,954.0,507.0,42.0,403.0,83.0,28.0,0.09000000000000001,18.0,0.09,0.046632124352331605,0.0,0.04000000000814907,100000.04000000001,0.41000000000000003,1.5388824529443759,0.0,0.0,4.0,1.0299999999988358,1.0299995879990006e-05,16.0,1.1044776119402986,1.6666666666666667,0.0020000000004074536,0.0022222222226749486,200.0,11.11111111111111,46.0,0.8700000000000001,inventory_skew,0.0,0.0,18.0,179951
6.98485713712671e-12,0.21000000000000002,34.670212765957444,-0.7800000000372529,407.0,947.0,497.0,43.0,406.0,74.0,29.0,0.05,8.0,0.04,0.02127659574468085,0.0,1.279999999969732,100001.27999999997,0.06999999999999998,1.8675015901076835,1.0,0.74,3.0,0.9600000000064028,9.599876161661544e-06,0.0,1.7661691542288558,0.0,0.0639999999984866,0.1599999999962165,200.0,25.0,46.0,1.3,avellaneda_stoikov,0.0,0.0,8.0,79877
-3.434275086533489e-11,0.31999999999999995,5.740932642487047,-1.0599999999662395,323.0,786.0,420.0,43.0,322.0,80.0,28.0,0.08,15.0,0.075,0.05016722408026756,0.0,0.13999999999941792,100000.14,0.010000000000000123,2.4198597878874772,1.0,0.37,5.0,1.3250000000116415,1.324997813765249e-05,3.0,2.1343283582089554,0.2,0.006999999999970896,0.009333333333294528,200.0,13.333333333333334,46.0,0.9000000000000001,microstructure_adaptive,0.0,0.0,15.0,149981
6.402656183013278e-12,0.5,2.53,-1.110000000007567,423.0,990.0,527.0,40.0,423.0,81.0,4.0,0.07999999999999999,13.0,0.065,0.0325,0.0,0.029999999998835847,100000.03,0.20999999999999996,2.440332739729772,1.0,0.72,4.0,0.25,2.499998875000506e-06,15.0,2.1144278606965172,1.8461538461538463,0.0014999999999417923,0.0023076923076027576,200.0,15.384615384615385,47.0,0.29000000000000004,naive_symmetric,0.0,0.0,13.0,129976
-1.7463808177353712e-12,0.47,2.865,-1.0499999999982537,424.0,991.0,527.0,40.0,424.0,80.0,4.0,0.06999999999999999,12.0,0.06,0.03,0.0,0.0,100000.0,0.16999999999999998,1.9406620401885681,1.0,0.48,4.0,0.22999999999592546,2.299999769959278e-06,15.0,1.6766169154228856,2.0,0.0,0.0,200.0,16.666666666666668,47.0,0.47000000000000003,inventory_skew,0.0,0.0,12.0,119973
-1.3387846387047375e-11,0.05,35.416666666666664,-0.519999999977299,418.0,969.0,511.0,40.0,418.0,72.0,4.0,0.02,2.0,0.01,0.005208333333333333,0.0,0.5100000000093132,100000.51000000001,0.22000000000000003,1.619225292312247,1.0,0.48,2.0,0.3000000000029104,2.999984400110223e-06,0.0,1.3781094527363185,0.0,0.02550000000046566,0.2550000000046566,200.0,100.0,47.0,0.35,avellaneda_stoikov,0.0,0.0,2.0,19945
2.910366392328001e-12,0.12000000000000001,5.72,-0.18000000000814909,350.0,836.0,447.0,39.0,350.0,74.0,5.0,0.02,4.0,0.02,0.0125,0.0,0.00999999999476131,100000.01,0.05,0.2543159784901902,0.0,0.0,1.0,0.03500000000349246,3.499999650349281e-07,9.0,0.06467661691542288,2.25,0.0004999999997380655,0.0024999999986903276,200.0,50.0,47.0,0.16000000000000003,microstructure_adaptive,0.0,0.0,4.0,39985
-3.469446951953614e-18,0.04,2.835,0.010000000010477388,442.0,1002.0,509.0,51.0,442.0,89.0,0.0,0.01,1.0,0.005,0.0025,0.0,-0.01999999998952262,99999.98000000001,0.0,0.9798974461519554,1.0,0.03,1.0,0.014999999999417923,1.4999999999417924e-07,0.0,0.9601990049751243,0.0,-0.000999999999476131,-0.01999999998952262,200.0,200.0,48.0,-0.05,naive_symmetric,0.0,0.0,1.0,10001
-3.469446951953614e-18,0.04,2.965,0.010000000010477388,442.0,1002.0,509.0,51.0,442.0,89.0,0.0,0.01,1.0,0.005,0.0025,0.0,-0.01999999998952262,99999.98000000001,0.0,0.9798974461519554,1.0,0.03,1.0,0.014999999999417923,1.4999999999417924e-07,0.0,0.9601990049751243,0.0,-0.000999999999476131,-0.01999999998952262,200.0,200.0,48.0,-0.05,inventory_skew,0.0,0.0,1.0,10001
0.0,0.0,36.37,0.0,441.0,1000.0,509.0,50.0,441.0,85.0,0.0,0.0,0.0,0.0,0.0,0.0,0.0,100000.0,0.0,0.0,0.0,0.0,0.0,0.0,0.0,0.0,0.0,0.0,0.0,0.0,200.0,0.0,48.0,0.0,avellaneda_stoikov,0.0,0.0,0.0,0
-2.7755575615628914e-17,0.03,6.215,0.09000000000640285,339.0,797.0,407.0,51.0,339.0,91.0,0.0,0.02,2.0,0.01,0.006711409395973154,0.0,-0.03999999999359716,99999.96,0.0,1.8939547715341345,1.0,0.06,2.0,0.02999999998428393,2.999999998428393e-07,0.0,1.835820895522388,0.0,-0.0019999999996798577,-0.01999999999679858,200.0,100.0,48.0,-0.16999999999999998,microstructure_adaptive,0.0,0.0,2.0,20002
-2.220446049250313e-16,0.7700000000000002,2.635,-0.7800000000093129,418.0,983.0,518.0,47.0,418.0,105.0,0.0,0.11000000000000001,20.0,0.1,0.05,0.0,-0.010000000009313226,99999.98999999999,-1.734723475976807e-18,2.2058267479090565,1.0,-0.02,4.0,0.09999999999126885,9.999995999128486e-07,17.0,1.900497512437811,2.8,-0.0005000000004656613,-0.0005000000004656613,200.0,10.0,49.0,0.8999999999999999,naive_symmetric,0.0,0.0,20.0,200030
-1.9790724614665578e-11,0.6000000000000001,2.875,-0.7999999999761347,421.0,986.0,518.0,47.0,421.0,104.0,0.0,0.09000000000000001,17.0,0.085,0.0425,0.0,0.020000000004074536,100000.02,0.009999999999999998,1.1085376499664028,1.0,-0.01,2.0,0.05499999999301508,5.499997799302389e-07,17.0,0.900497512437811,3.0,0.0010000000002037268,0.0011764705884749727,200.0,11.764705882352942,49.0,0.9099999999999999,inventory_skew,0.0,0.0,17.0,170026
0.0,0.0,36.115,0.0,436.0,1000.0,518.0,46.0,436.0,89.0,0.0,0.0,0.0,0.0,0.0,0.0,0.0,100000.0,0.0,0.0,0.0,0.0,0.0,0.0,0.0,0.0,0.0,0.0,0.0,0.0,200.0,0.0,49.0,0.0,avellaneda_stoikov,0.0,0.0,0.0,0
1.3387790875896144e-11,0.15999999999999998,5.865,0.35999999999708976,339.0,810.0,424.0,47.0,339.0,92.0,0.0,0.030000000000000002,5.0,0.025,0.016339869281045753,0.0,-0.01999999998952262,99999.98000000001,0.029999999999999985,0.995012437733208,1.0,-0.01,2.0,0.04499999999825377,4.499998874825658e-07,10.0,0.8706467661691543,2.0,-0.000999999999476131,-0.003999999997904524,200.0,40.0,49.0,-0.3700000000000001,microstructure_adaptive,0.0,0.0,5.0,50004
-1.1641521080463235e-11,0.26,2.705,-0.2199999999871943,441.0,992.0,509.0,42.0,441.0,77.0,14.0,0.04,8.0,0.04,0.02,0.0,-0.029999999998835847,99999.97,0.05,0.43480423913315197,0.0,0.0,1.0,0.0650000000023283,6.499999350232895e-07,6.0,0.1890547263681592,0.75,-0.0014999999999417923,-0.003749999999854481,200.0,25.0,50.0,0.18,naive_symmetric,0.0,0.0,8.0,80025
-6.402850472042587e-12,0.26,2.845,-0.2099999999976717,441.0,992.0,509.0,42.0,441.0,77.0,14.0,0.04,8.0,0.04,0.02,0.0,-0.020000000004074536,99999.98,0.04,0.43480423913315197,0.0,0.0,1.0,0.0650000000023283,6.499999350232895e-07,6.0,0.1890547263681592,0.75,-0.0010000000002037268,-0.002500000000509317,200.0,25.0,50.0,0.19,inventory_skew,0.0,0.0,8.0,80026
-2.9103386367523854e-12,0.14,35.15228426395939,-0.9200000000017463,441.0,987.0,503.0,43.0,441.0,73.0,14.0,0.03,4.0,0.02,0.01015228426395939,0.0,0.6199999999953434,100000.62,0.19999999999999996,2.0780779485377843,1.0,0.6,3.0,0.4599999999918509,4.599971020101083e-06,9.0,1.9900497512437811,2.25,0.03099999999976717,0.15499999999883585,200.0,50.0,50.0,0.77,avellaneda_stoikov,0.0,0.0,4.0,40069
-1.571609509198879e-11,0.08,5.775,0.20000000001688023,368.0,840.0,429.0,43.0,368.0,74.0,16.0,0.02,3.0,0.015,0.009375,0.0,-0.029999999998835847,99999.97,0.03,0.995012437733208,1.0,-0.31,2.0,0.14499999998952262,1.4499993473955199e-06,0.0,0.9601990049751243,0.0,-0.0014999999999417923,-0.00999999999961195,200.0,66.66666666666667,50.0,0.07,microstructure_adaptive,0.0,0.0,3.0,30009
1.1641382302585157e-12,0.06,2.925,-0.12,437.0,1001.0,522.0,42.0,437.0,69.0,1.0,0.02,2.0,0.01,0.005,0.0,-0.029999999998835847,99999.97,-0.030000000000000002,1.953438096794969,1.0,0.0,2.0,0.059999999997671694,5.999997599768128e-07,3.0,1.9154228855721394,1.5,-0.0014999999999417923,-0.014999999999417923,200.0,100.0,51.0,0.14,naive_symmetric,0.0,0.0,2.0,19997
1.1641382302585157e-12,0.06,2.97,-0.12,437.0,1001.0,522.0,42.0,437.0,69.0,1.0,0.02,2.0,0.01,0.005,0.0,-0.029999999998835847,99999.97,-0.03,1.953438096794969,1.0,0.0,2.0,0.059999999997671694,5.999997599768128e-07,3.0,1.9154228855721394,1.5,-0.0014999999999417923,-0.014999999999417923,200.0,100.0,51.0,0.14,inventory_skew,0.0,0.0,2.0,19997
1.1641521080463235e-12,0.02,35.88,-0.019999999996507537,438.0,1002.0,522.0,42.0,438.0,69.0,2.0,0.01,1.0,0.005,0.0025,0.0,0.1300000000046566,100000.13,-0.03,0.9748070353761843,1.0,0.0,1.0,0.029999999998835847,2.999995049891753e-07,0.0,0.9502487562189055,0.0,0.006500000000232831,0.1300000000046566,200.0,200.0,51.0,0.19,avellaneda_stoikov,0.0,0.0,1.0,9984
1.1641382302585157e-12,0.06,5.71,-0.12,357.0,841.0,442.0,42.0,357.0,69.0,1.0,0.02,2.0,0.01,0.00625,0.0,-0.029999999998835847,99999.97,-0.03,1.953438096794969,1.0,0.0,2.0,0.059999999997671694,5.999997599768128e-07,3.0,1.9154228855721394,1.5,-0.0014999999999417923,-0.014999999999417923,200.0,100.0,51.0,0.14,microstructure_adaptive,0.0,0.0,2.0,19997
-1.746242039857293e-11,0.77,2.3422818791946307,-0.7299999999726423,332.0,781.0,421.0,28.0,332.0,71.0,15.0,0.11000000000000001,18.0,0.09,0.06040268456375839,0.0,-0.3799999999901047,99999.62000000001,0.2,1.789966507927589,1.0,0.4,4.0,0.3699999999953434,3.6999996299534707e-06,2.0,1.5323383084577114,0.1111111111111111,-0.018999999999505236,-0.02111111111056137,200.0,11.11111111111111,52.0,-0.13999999999999999,naive_symmetric,0.0,0.0,18.0,179951
-1.6298074001497298e-11,0.76,2.972027972027972,-0.7199999999604187,320.0,757.0,409.0,28.0,319.0,71.0,15.0,0.11000000000000001,18.0,0.09,0.06293706293706294,0.0,-0.34999999997671694,99999.65000000002,0.16999999999999996,1.7477775511086084,1.0,0.4,4.0,0.3399999999819556,3.39999965981959e-06,2.0,1.5024875621890548,0.1111111111111111,-0.017499999998835846,-0.01944444444315094,200.0,11.11111111111111,52.0,-0.09000000000000008,inventory_skew,0.0,0.0,18.0,179956
-2.3283597272438783e-12,0.21,24.516129032258064,0.1699999999947613,171.0,446.0,247.0,28.0,171.0,60.0,15.0,0.030000000000000002,5.0,0.025,0.04032258064516129,0.0,0.319999999992433,100000.31999999999,-0.18999999999999995,0.9593737592566564,1.0,0.1,1.0,0.2600000000093132,2.5999876501517938e-06,0.0,0.9203980099502488,0.0,0.01599999999962165,0.0639999999984866,200.0,40.0,52.0,0.27,avellaneda_stoikov,0.0,0.0,5.0,49960
-1.1642353747731704e-12,0.51,5.212121212121212,-0.41999999996798576,208.0,527.0,291.0,28.0,208.0,65.0,17.0,0.06999999999999999,12.0,0.06,0.07142857142857142,0.0,-0.16999999996914994,99999.83000000003,0.03,0.46252605143786923,1.0,0.2,2.0,0.2549999999901047,2.549997577403348e-06,2.0,0.19402985074626866,0.16666666666666666,-0.008499999998457497,-0.014166666664095828,200.0,16.666666666666668,52.0,0.09000000000000002,microstructure_adaptive,0.0,0.0,12.0,119946
2.2118973319606994e-11,0.43999999999999995,2.88,0.5200000000360887,438.0,988.0,512.0,38.0,438.0,73.0,25.0,0.09,15.0,0.075,0.0375,0.0,-0.24999999994179234,99999.75000000006,-0.5700000000000001,2.7787394686846536,1.0,-0.72,3.0,0.36999999998079147,3.6999999998079147e-06,5.0,2.646766169154229,0.5333333333333333,-0.012499999997089617,-0.016666666662786156,200.0,13.333333333333334,53.0,0.61,naive_symmetric,0.0,0.0,15.0,149998
-1.629812951264853e-11,0.36000000000000004,2.98,0.3800000000745058,439.0,989.0,512.0,38.0,439.0,73.0,25.0,0.07999999999999999,14.0,0.07,0.035,0.0,-0.24999999994179234,99999.75000000006,-0.5800000000000001,1.887376235604965,1.0,-0.48,2.0,0.3899999999703141,3.899999999703141e-06,5.0,1.8308457711442787,0.5714285714285714,-0.012499999997089617,-0.017857142852985168,200.0,14.285714285714286,53.0,0.51,inventory_skew,0.0,0.0,14.0,139997
-7.567058091240142e-12,0.17,35.49214659685864,0.049999999998835844,429.0,960.0,494.0,37.0,429.0,61.0,27.0,0.02,4.0,0.02,0.010471204188481676,0.0,0.5999999999912689,100000.59999999999,0.07,0.30745302597970897,0.0,0.0,1.0,0.27000000000407454,2.699983800137945e-06,0.0,0.0945273631840796,0.0,0.029999999999563442,0.1499999999978172,200.0,50.0,53.0,0.5,avellaneda_stoikov,0.0,0.0,4.0,39992
3.317834895710803e-11,0.16,5.75,0.5500000000023283,360.0,826.0,428.0,38.0,359.0,67.0,29.0,0.06,9.0,0.045,0.028481012658227847,0.0,-0.2899999999644933,99999.71000000004,-0.48,2.8028059856213425,1.0,-0.72,3.0,0.3149999999877764,3.1499987398782674e-06,0.0,2.701492537313433,0.0,-0.014499999998224666,-0.03222222221827704,200.0,22.22222222222222,53.0,0.42,microstructure_adaptive,0.0,0.0,9.0,90015
2.386513209273744e-11,1.1200000000000006,2.39,-1.0200000000296858,410.0,970.0,519.0,41.0,410.0,112.0,0.0,0.15000000000000005,30.0,0.15,0.075,0.0,0.14999999999417923,100000.15,0.26,2.23606797749979,0.0,0.0,6.0,0.19999999999708962,1.9999969999753963e-06,10.0,1.5472636815920398,1.2,0.007499999999708962,0.004999999999805975,200.0,6.666666666666667,54.0,1.06,naive_symmetric,0.0,0.0,30.0,299930
-3.4927616354707425e-12,0.9900000000000004,2.835,-1.0899999999883583,415.0,976.0,519.0,42.0,415.0,110.0,0.0,0.14000000000000004,27.0,0.135,0.0675,0.0,0.04000000000814907,100000.04000000001,0.09,1.5803519980722476,1.0,0.17,4.0,0.1300000000046566,1.2999989600473981e-06,12.0,1.2238805970149254,1.8888888888888888,0.0020000000004074536,0.001481481481783299,200.0,7.407407407407407,54.0,1.01,inventory_skew,0.0,0.0,27.0,269935
-1.74632530658414e-12,0.02,35.5,-0.1899999999947613,437.0,994.0,515.0,42.0,437.0,93.0,1.0,0.01,1.0,0.005,0.0025252525252525255,0.0,0.16000000000349246,100000.16,0.17000000000000007,0.5773502691896257,1.0,0.17,1.0,0.024999999994179234,2.499995374426481e-07,0.0,0.3333333333333333,0.0,0.008000000000174623,0.16000000000349246,200.0,200.0,54.0,0.02,avellaneda_stoikov,0.0,0.0,1.0,10018
3.8416825276499367e-11,0.79,5.72,-0.6500000000279396,336.0,810.0,433.0,41.0,336.0,108.0,0.0,0.10000000000000002,20.0,0.1,0.06369426751592357,0.0,-0.01999999998952262,99999.98000000001,0.00999999999999999,1.4106912317171965,0.0,0.0,4.0,0.17500000000291038,1.7499995625292133e-06,7.0,1.0248756218905473,0.75,-0.000999999999476131,-0.000999999999476131,200.0,10.0,54.0,0.7200000000000001,microstructure_adaptive,0.0,0.0,20.0,199952
1.105915359289611e-11,0.7400000000000002,2.405,-2.9000000000285215,418.0,983.0,522.0,43.0,418.0,91.0,0.0,0.13,20.0,0.1,0.05,0.0,-0.3000000000174623,99999.69999999998,-0.15999999999999998,4.969058491158784,1.0,3.48,6.0,0.3500000000349246,3.4999993003493854e-06,16.0,4.472636815920398,2.1,-0.015000000000873115,-0.015000000000873115,200.0,10.0,55.0,-0.5900000000000001,naive_symmetric,0.0,0.0,20.0,200087
1.804445481923267e-11,0.5700000000000001,2.89,-1.0400000000186265,421.0,986.0,522.0,43.0,421.0,87.0,0.0,0.09000000000000001,17.0,0.085,0.0425,0.0,-0.11000000000058208,99999.89,-0.09,1.5533625859351332,1.0,0.58,3.0,0.1850000000122236,1.8499996301223097e-06,8.0,1.2885572139303483,1.1176470588235294,-0.005500000000029104,-0.006470588235328358,200.0,11.764705882352942,55.0,0.53,inventory_skew,0.0,0.0,17.0,170075
0.0,0.0,36.34,0.0,436.0,1000.0,522.0,42.0,436.0,71.0,0.0,0.0,0.0,0.0,0.0,0.0,0.0,100000.0,0.0,0.0,0.0,0.0,0.0,0.0,0.0,0.0,0.0,0.0,0.0,0.0,200.0,0.0,55.0,0.0,avellaneda_stoikov,0.0,0.0,0.0,0
-1.105915359289611e-11,0.14,5.83,-2.3200000000180445,261.0,656.0,352.0,43.0,261.0,76.0,0.0,0.060000000000000005,7.0,0.035,0.030434782608695653,0.0,-0.25000000002910383,99999.74999999997,-0.09000000000000001,3.9612551405529555,1.0,2.9,5.0,0.27500000002328306,2.7500000002328307e-06,0.0,3.6318407960199006,0.0,-0.01250000000145519,-0.03571428571844341,200.0,28.571428571428573,55.0,-0.68,microstructure_adaptive,0.0,0.0,7.0,70028
-2.1536772365493562e-11,0.6500000000000001,2.335,-1.0899999999714785,423.0,986.0,515.0,48.0,423.0,89.0,0.0,0.09000000000000001,17.0,0.085,0.0425,0.0,0.07000000000698492,100000.07,0.18000000000000002,1.5469437048162569,1.0,0.35000000000000003,3.0,0.10500000001047738,1.0499992126053643e-06,11.0,1.3880597014925373,0.8823529411764706,0.003500000000349246,0.004117647059234407,200.0,11.764705882352942,56.0,0.7200000000000001,naive_symmetric,0.0,0.0,17.0,170040
-3.49265061316828e-12,0.6800000000000002,2.965,-0.6999999999738062,423.0,986.0,515.0,48.0,423.0,87.0,0.0,0.09000000000000001,17.0,0.085,0.0425,0.0,0.04000000002270099,100000.04000000002,0.09000000000000001,1.3438638879193574,1.0,-0.36,3.0,0.10500000001047738,1.049999422605091e-06,13.0,1.199004975124378,1.0,0.0020000000011350496,0.0023529411778059404,200.0,11.764705882352942,56.0,1.0999999999999999,inventory_skew,0.0,0.0,17.0,170040
0.0,0.0,35.83,0.0,438.0,1000.0,515.0,47.0,438.0,74.0,0.0,0.0,0.0,0.0,0.0,0.0,0.0,100000.0,0.0,0.0,0.0,0.0,0.0,0.0,0.0,0.0,0.0,0.0,0.0,0.0,200.0,0.0,56.0,0.0,avellaneda_stoikov,0.0,0.0,0.0,0
-2.3283597272438783e-12,0.24000000000000002,5.885,-0.7499999999790452,339.0,808.0,421.0,48.0,339.0,81.0,0.0,0.04,7.0,0.035,0.02287581699346405,0.0,0.02000000001862645,100000.02000000002,0.05999999999999999,1.1970112033291596,1.0,0.35000000000000003,2.0,0.08000000000174623,7.999998000175122e-07,0.0,1.064676616915423,0.0,0.0010000000009313225,0.002857142859803779,200.0,28.571428571428573,56.0,0.4,microstructure_adaptive,0.0,0.0,7.0,70016
1.338762434244245e-11,0.3499999999999999,2.585,-0.6300000000040745,433.0,993.0,517.0,43.0,432.0,82.0,0.0,0.06,10.0,0.05,0.025,0.0,0.010000000009313226,100000.01000000001,0.030000000000000002,1.543724255530899,1.0,-0.24,2.0,0.08000000000174623,7.999998400174941e-07,9.0,1.2686567164179106,1.7,0.0005000000004656613,0.0010000000009313225,200.0,20.0,57.0,0.91,naive_symmetric,0.0,0.0,10.0,100015
1.338762434244245e-11,0.3499999999999999,2.805,-0.6300000000040745,433.0,993.0,517.0,43.0,432.0,82.0,0.0,0.06,10.0,0.05,0.025,0.0,0.010000000009313226,100000.01000000001,0.030000000000000002,1.543724255530899,1.0,-0.24,2.0,0.08000000000174623,7.999998400174941e-07,9.0,1.2686567164179106,1.7,0.0005000000004656613,0.0010000000009313225,200.0,20.0,57.0,0.91,inventory_skew,0.0,0.0,10.0,100015
-1.1641243524707079e-12,0.04,35.336683417085425,-0.12999999999650752,440.0,998.0,515.0,43.0,440.0,77.0,2.0,0.01,1.0,0.005,0.002512562814070352,0.0,0.1900000000023283,100000.19,0.029999999999999978,0.8781482099321077,1.0,0.11,1.0,0.3200000000069849,3.199993440083297e-06,0.0,0.7711442786069652,0.0,0.009500000000116415,0.1900000000023283,200.0,200.0,57.0,0.19,avellaneda_stoikov,0.0,0.0,1.0,10023
-1.1641521080463235e-12,0.14,5.94,0.15000000000465663,350.0,822.0,429.0,43.0,349.0,76.0,2.0,0.04,5.0,0.025,0.016025641025641024,0.0,-0.08999999999650754,99999.91,0.03,2.6812412659751748,2.0,-0.37,3.0,0.21499999999650754,2.1499987099658497e-06,0.0,2.5522388059701493,0.0,-0.004499999999825377,-0.01799999999930151,200.0,40.0,57.0,0.13999999999999999,microstructure_adaptive,0.0,0.0,5.0,50010
1.2223555501122974e-11,0.11,2.68,-0.1999999999796273,433.0,994.0,517.0,44.0,433.0,90.0,12.0,0.049999999999999996,9.0,0.045,0.0225,0.0,-0.08999999996740371,99999.91000000003,-0.19,1.1062913707585924,1.0,0.2,2.0,0.11999999999534339,1.1999999399534366e-06,8.0,1.064676616915423,1.3333333333333333,-0.004499999998370185,-0.00999999999637819,200.0,22.22222222222222,58.0,0.15000000000000002,naive_symmetric,0.0,0.0,9.0,90023
-2.3283597272438783e-12,0.14,2.72,0.15000000002328306,430.0,990.0,517.0,43.0,430.0,90.0,12.0,0.049999999999999996,10.0,0.05,0.025,0.0,-0.03999999997904524,99999.96000000002,-0.18999999999999997,0.6579025922547519,0.0,0.0,2.0,0.11999999999534339,1.1999999399534366e-06,8.0,0.2736318407960199,1.2,-0.001999999998952262,-0.003999999997904524,200.0,20.0,58.0,0.05,inventory_skew,0.0,0.0,10.0,100025
-2.9103386367523854e-12,0.06,36.33163265306123,6.402836594254779e-12,430.0,982.0,509.0,43.0,430.0,83.0,9.0,0.01,2.0,0.01,0.00510204081632653,0.0,0.16000000000349246,100000.16,-0.05,0.12216944435630522,0.0,0.0,1.0,0.08000000000174623,7.999987200195102e-07,0.0,0.014925373134328358,0.0,0.008000000000174623,0.08000000000174623,200.0,100.0,58.0,0.22,avellaneda_stoikov,0.0,0.0,2.0,19993
1.6298074001497298e-11,0.05,5.89,0.35000000000058207,343.0,814.0,427.0,44.0,343.0,91.0,10.0,0.049999999999999996,9.0,0.045,0.02903225806451613,0.0,-0.05999999998311978,99999.94000000002,-0.16999999999999998,0.9410484255889717,1.0,-0.21,2.0,0.1849999999976717,1.8499995374768323e-06,8.0,0.845771144278607,0.8888888888888888,-0.002999999999155989,-0.006666666664791087,200.0,22.22222222222222,58.0,0.020000000000000018,microstructure_adaptive,0.0,0.0,9.0,90027
2.4447111002245947e-11,1.3200000000000005,2.435,-3.1799999999999997,402.0,968.0,514.0,52.0,402.0,111.0,0.0,0.20000000000000007,35.0,0.175,0.0875,0.0,0.12000000002444722,100000.12000000002,0.37,3.857537688075824,1.0,2.6,6.0,0.16999999999825377,1.6999975349861117e-06,7.0,3.626865671641791,0.34285714285714286,0.006000000001222361,0.0034285714292699204,200.0,5.714285714285714,59.0,0.5299999999999998,naive_symmetric,0.0,0.0,35.0,349980
5.529687818750517e-11,1.2100000000000004,2.975,-1.780000000066356,404.0,970.0,514.0,52.0,404.0,107.0,0.0,0.17000000000000007,33.0,0.165,0.0825,0.0,0.15999999998894054,100000.15999999999,0.19999999999999998,1.7843989469818822,1.0,0.52,3.0,0.08999999999650754,8.999985149675258e-07,7.0,1.6517412935323383,0.36363636363636365,0.007999999999447028,0.004848484848149714,200.0,6.0606060606060606,59.0,1.39,inventory_skew,0.0,0.0,33.0,329979
0.0,0.0,36.2,0.0,435.0,1000.0,514.0,51.0,435.0,87.0,0.0,0.0,0.0,0.0,0.0,0.0,0.0,100000.0,0.0,0.0,0.0,0.0,0.0,0.0,0.0,0.0,0.0,0.0,0.0,0.0,200.0,0.0,59.0,0.0,avellaneda_stoikov,0.0,0.0,0.0,0
-1.804445481923267e-11,0.54,5.85,-0.6199999999866121,317.0,778.0,410.0,51.0,317.0,96.0,0.0,0.08,16.0,0.08,0.05405405405405406,0.0,0.11999999999534339,100000.12,0.08999999999999998,0.7193142118180226,0.0,0.0,2.0,0.07499999999708962,7.499990249721638e-07,0.0,0.47761194029850745,0.0,0.005999999999767169,0.007499999999708962,200.0,12.5,59.0,0.73,microstructure_adaptive,0.0,0.0,16.0,159998
-3.469446951953614e-18,0.25,2.54,0.009999999985448104,427.0,996.0,522.0,47.0,427.0,92.0,0.0,0.04,7.0,0.035,0.0175,0.0,-1.4551915228366852e-11,99999.99999999999,0.0,1.009901231562987,1.0,0.03,2.0,0.03999999999359716,3.999999599359756e-07,14.0,0.9303482587064676,5.0,-7.275957614183426e-13,-2.078845032623836e-12,200.0,28.571428571428573,60.0,-1.3877787807814457e-17,naive_symmetric,0.0,0.0,7.0,70007
5.238681016761504e-12,0.21000000000000002,2.84,-0.010000000015716062,427.0,995.0,522.0,46.0,427.0,90.0,0.0,0.030000000000000002,6.0,0.03,0.015,0.0,0.01999999998952262,100000.01999999999,-0.01,0.9142324078276749,0.0,0.0,1.0,0.024999999994179234,2.499999499418024e-07,10.0,0.835820895522388,3.5,0.000999999999476131,0.0033333333315871037,200.0,33.333333333333336,60.0,0.07,inventory_skew,0.0,0.0,6.0,60005
0.0,0.0,34.285,0.0,432.0,1000.0,522.0,46.0,432.0,84.0,0.0,0.0,0.0,0.0,0.0,0.0,0.0,100000.0,0.0,0.0,0.0,0.0,0.0,0.0,0.0,0.0,0.0,0.0,0.0,0.0,200.0,0.0,60.0,0.0,avellaneda_stoikov,0.0,0.0,0.0,0
-5.2387087723371195e-12,0.17,5.73,-0.029999999994761287,338.0,816.0,432.0,46.0,338.0,87.0,0.0,0.02,4.0,0.02,0.012903225806451613,0.0,0.0,100000.0,0.01,0.9436881178024825,0.0,0.0,1.0,0.01999999998952262,1.9999998989522674e-07,0.0,0.8905472636815921,0.0,0.0,0.0,200.0,50.0,60.0,0.039999999999999994,microstructure_adaptive,0.0,0.0,4.0,40002
1.1059375637501034e-11,1.0900000000000003,2.415,-1.209999999994179,417.0,974.0,517.0,40.0,417.0,100.0,0.0,0.15000000000000005,29.0,0.145,0.0725,0.0,-0.05999999998311978,99999.94000000002,0.09000000000000001,2.1054300797926113,1.0,-0.21,4.0,0.17999999999301508,1.7999998199301686e-06,8.0,1.7661691542288558,0.6551724137931034,-0.002999999999155989,-0.002068965516659303,200.0,6.896551724137931,61.0,1.42,naive_symmetric,0.0,0.0,29.0,290073
1.9790613592363115e-11,1.1,2.935,-1.140000000032014,416.0,972.0,517.0,39.0,416.0,96.0,0.0,0.14000000000000004,28.0,0.14,0.07,0.0,-0.06000000001222361,99999.93999999999,-0.009999999999999993,1.9187475185133127,0.0,0.0,3.0,0.17500000000291038,1.749999825029121e-06,12.0,1.7114427860696517,0.75,-0.0030000000006111804,-0.0021428571432937004,200.0,7.142857142857143,61.0,1.23,inventory_skew,0.0,0.0,28.0,280070
0.0,0.0,36.32820512820513,0.0,434.0,980.0,507.0,39.0,434.0,68.0,0.0,0.0,0.0,0.0,0.0,0.0,0.0,100000.0,0.0,0.0,0.0,0.0,0.0,0.0,0.0,0.0,0.0,0.0,0.0,0.0,200.0,0.0,61.0,0.0,avellaneda_stoikov,0.0,0.0,0.0,0
1.4551693183761927e-11,0.30999999999999994,5.710659898477157,-0.7000000000227009,348.0,820.0,433.0,39.0,348.0,79.0,1.0,0.05999999999999999,12.0,0.06,0.0379746835443038,0.0,-0.04000000000814907,99999.95999999999,1.0408340855860843e-17,1.467729149305618,0.0,0.0,3.0,0.14500000001862645,1.4500000001862645e-06,5.0,1.109452736318408,0.5833333333333334,-0.0020000000004074536,-0.0033333333340124227,200.0,16.666666666666668,61.0,0.7200000000000001,microstructure_adaptive,0.0,0.0,12.0,120042
2.7357449638998332e-11,0.9400000000000004,2.555,-1.780000000037253,433.0,983.0,513.0,37.0,433.0,76.0,4.0,0.12000000000000002,20.0,0.1,0.05,0.0,0.1299999999901047,100000.12999999999,0.42000000000000004,4.384504601094053,2.0,1.2,7.0,0.28000000001338776,2.7999946801439855e-06,3.0,4.169154228855722,0.15,0.006499999999505235,0.006499999999505235,200.0,10.0,62.0,0.41000000000000003,naive_symmetric,0.0,0.0,20.0,200059
4.6567194544877566e-12,0.7400000000000002,2.97,-1.3600000000034926,438.0,988.0,513.0,37.0,438.0,71.0,4.0,0.08,15.0,0.075,0.0375,0.0,-0.029999999998835847,99999.97,0.13,1.9547111097008836,1.0,-0.31,3.0,0.1849999999976717,1.8499999999767168e-06,3.0,1.7313432835820894,0.2,-0.0014999999999417923,-0.00199999999992239,200.0,13.333333333333334,62.0,1.5900000000000003,inventory_skew,0.0,0.0,15.0,150047
2.9103941479036166e-12,0.01,35.36,-0.3199999999988358,452.0,1002.0,513.0,37.0,452.0,63.0,4.0,0.01,1.0,0.005,0.0025,0.0,0.020000000004074536,100000.02,0.05000000000000001,0.9849615493669504,1.0,0.3,1.0,0.05499999999301508,5.499998074302182e-07,0.0,0.9701492537313433,0.0,0.0010000000002037268,0.020000000004074536,200.0,200.0,62.0,0.0,avellaneda_stoikov,0.0,0.0,1.0,10004
2.6193491819981318e-11,0.51,5.815,-1.4700000000174622,360.0,830.0,433.0,37.0,360.0,72.0,4.0,0.06999999999999999,13.0,0.065,0.040625,0.0,0.15000000000873115,100000.15000000001,0.20000000000000004,2.292101948710742,1.0,0.3,5.0,0.1349999999947613,1.3499977724512885e-06,9.0,1.9203980099502487,0.6923076923076923,0.007500000000436558,0.011538461539133165,200.0,15.384615384615385,62.0,1.19,microstructure_adaptive,0.0,0.0,13.0,130047
2.9096725029376103e-12,1.3200000000000007,2.45,-2.2000000000646103,405.0,967.0,518.0,44.0,405.0,109.0,2.0,0.21000000000000008,36.0,0.18,0.09,0.0,0.08999999993829988,100000.08999999994,0.3000000000000001,3.3951970758822827,2.0,0.16,6.0,0.15999999998894054,1.5999977598925425e-06,9.0,2.791044776119403,0.8611111111111112,0.004499999996914994,0.0024999999982861076,200.0,5.555555555555555,63.0,2.04,naive_symmetric,0.0,0.0,36.0,359958
-9.89541781848402e-12,1.1500000000000001,2.845,-1.4600000000372526,410.0,972.0,518.0,44.0,410.0,102.0,2.0,0.16000000000000006,31.0,0.155,0.0775,0.0,0.0899999999528518,100000.08999999995,0.12999999999999998,0.8837955235025713,1.0,0.03,2.0,0.15999999998894054,1.5999984798908502e-06,9.0,0.7512437810945274,0.4838709677419355,0.004499999997642589,0.002903225804930703,200.0,6.451612903225806,63.0,1.55,inventory_skew,0.0,0.0,31.0,309968
-3.4924008129877393e-12,0.05,36.38693467336683,0.019999999998835845,438.0,998.0,516.0,44.0,438.0,77.0,3.0,0.01,1.0,0.005,0.002512562814070352,0.0,0.11999999999534339,100000.12,0.08999999999999998,0.9849615493669504,1.0,-0.04,1.0,0.19999999999708962,1.9999974999740212e-06,0.0,0.9701492537313433,0.0,0.005999999999767169,0.11999999999534339,200.0,200.0,63.0,0.06,avellaneda_stoikov,0.0,0.0,1.0,10013
6.985079181731635e-12,0.3500000000000001,5.895,-0.6099999999965076,341.0,814.0,430.0,43.0,341.0,83.0,3.0,0.049999999999999996,10.0,0.05,0.03205128205128205,0.0,-0.01999999998952262,99999.98000000001,0.06999999999999998,1.141701619103992,0.0,0.0,2.0,0.125,1.25e-06,8.0,0.7860696517412935,1.3,-0.000999999999476131,-0.001999999998952262,200.0,20.0,63.0,0.57,microstructure_adaptive,0.0,0.0,10.0,100001
-1.2223555501122974e-11,1.4000000000000006,2.395,-1.2499999999679858,401.0,963.0,517.0,45.0,401.0,123.0,7.0,0.2100000000000001,40.0,0.2,0.1,0.0,-0.009999999980209395,99999.99000000002,0.4400000000000001,1.279381069266702,1.0,0.04,3.0,0.17499999997380655,1.7499985997391852e-06,4.0,0.9104477611940298,0.125,-0.0004999999990104697,-0.00024999999950523486,200.0,5.0,64.0,0.97,naive_symmetric,0.0,0.0,40.0,400038
-7.566614002030292e-12,1.3600000000000005,2.81,-1.2099999999749709,399.0,960.0,517.0,44.0,399.0,125.0,7.0,0.2000000000000001,40.0,0.2,0.1,0.0,0.0500000000174623,100000.05000000002,0.31999999999999995,1.5613490786091468,0.0,0.0,3.0,0.13500000000931323,1.3499993250934694e-06,4.0,1.154228855721393,0.125,0.002500000000873115,0.0012500000004365575,200.0,5.0,64.0,1.14,inventory_skew,0.0,0.0,40.0,400047
-1.1641521080463235e-11,0.13,34.88265306122449,-0.119999999992433,428.0,982.0,509.0,45.0,428.0,96.0,9.0,0.030000000000000002,5.0,0.025,0.012755102040816327,0.0,0.47999999999592546,100000.48,0.04999999999999996,0.9824327607288114,1.0,0.02,2.0,0.6600000000034925,6.5999656802133874e-06,2.0,0.8756218905472637,0.4,0.023999999999796275,0.0959999999991851,200.0,40.0,64.0,0.56,avellaneda_stoikov,0.0,0.0,5.0,50046
2.2701035495842348e-11,0.7100000000000001,5.77,0.22999999995750842,331.0,803.0,427.0,45.0,331.0,110.0,9.0,0.11000000000000001,20.0,0.1,0.06451612903225806,0.0,0.009999999980209395,100000.00999999998,0.039999999999999966,2.1066112468307083,1.0,-0.26,4.0,0.180000000007567,1.799998560076822e-06,0.0,1.592039800995025,0.0,0.0004999999990104697,0.0004999999990104697,200.0,10.0,64.0,0.11000000000000001,microstructure_adaptive,0.0,0.0,20.0,200042
-5.529732227671502e-11,1.3100000000000007,2.56,-0.9599999999284048,404.0,966.0,523.0,39.0,404.0,109.0,5.0,0.19000000000000009,37.0,0.185,0.0925,0.0,0.08000000001629815,100000.08000000002,0.30000000000000004,1.1886695602155735,1.0,0.17,2.0,0.1899999999877764,1.8999980998796638e-06,4.0,0.9651741293532339,0.2702702702702703,0.004000000000814907,0.0021621621626026527,200.0,5.405405405405405,65.0,0.7600000000000002,naive_symmetric,0.0,0.0,37.0,369894
-8.149037000748649e-12,1.2400000000000007,2.94,-0.9299999999772992,406.0,968.0,523.0,39.0,406.0,105.0,5.0,0.18000000000000008,35.0,0.175,0.0875,0.0,1.4551915228366852e-11,100000.00000000001,0.20999999999999996,1.2114708793620623,1.0,0.17,2.0,0.17999999999301508,1.7999996399302228e-06,4.0,0.9502487562189055,0.22857142857142856,7.275957614183426e-13,4.157690065247672e-13,200.0,5.714285714285714,65.0,0.7300000000000002,inventory_skew,0.0,0.0,35.0,349905
3.259625902529706e-11,0.16,35.85427135678392,-0.300000000022701,434.0,994.0,521.0,39.0,434.0,82.0,9.0,0.030000000000000002,5.0,0.025,0.01256281407035176,0.0,0.6200000000098953,100000.62000000001,0.16,1.4558169476533191,1.0,0.15,3.0,0.8399999999965075,8.399944980325453e-06,0.0,1.3333333333333333,0.0,0.031000000000494764,0.12400000000197905,200.0,40.0,65.0,0.64,avellaneda_stoikov,0.0,0.0,5.0,50036
4.656608432185294e-11,0.9400000000000004,5.595,-0.5499999999889404,345.0,833.0,449.0,39.0,345.0,95.0,10.0,0.12000000000000002,22.0,0.11,0.06748466257668712,0.0,0.14000000005762558,100000.14000000006,0.04999999999999996,1.9812554439870589,1.0,0.3,4.0,0.1899999999877764,1.8999953448891678e-06,0.0,1.7860696517412935,0.0,0.0070000000028812796,0.006363636366255709,200.0,9.090909090909092,65.0,0.46,microstructure_adaptive,0.0,0.0,22.0,219924
2.793898445929699e-11,1.3500000000000005,2.625,-1.430000000056461,410.0,972.0,516.0,46.0,410.0,103.0,5.0,0.16000000000000006,31.0,0.155,0.0775,0.0,0.10999999997147825,100000.10999999997,0.28,1.704544700738564,1.0,-0.17,5.0,0.1200000000098953,1.199998560100681e-06,17.0,1.2736318407960199,1.6129032258064515,0.005499999998573912,0.0035483870958541368,200.0,6.451612903225806,66.0,1.5900000000000003,naive_symmetric,0.0,0.0,31.0,310041
-2.1536550320888637e-11,1.0700000000000003,2.815,-1.409999999991269,416.0,978.0,516.0,46.0,416.0,98.0,5.0,0.13000000000000003,25.0,0.125,0.0625,0.0,0.07999999998719431,100000.07999999999,0.18,1.0881542179259562,1.0,-0.17,2.0,0.08999999999650754,8.999991899658044e-07,17.0,0.9154228855721394,1.8,0.003999999999359715,0.0031999999994877727,200.0,8.0,66.0,1.6099999999999999,inventory_skew,0.0,0.0,25.0,250035
2.9103386367523854e-12,0.04,35.66836734693877,-0.1800000000052387,432.0,986.0,508.0,46.0,432.0,78.0,6.0,0.01,1.0,0.005,0.002551020408163265,0.0,0.059999999997671694,100000.06,0.050000000000000024,0.9619631668251951,1.0,0.16,1.0,0.2600000000093132,2.599998310094231e-06,0.0,0.9253731343283582,0.0,0.0029999999998835845,0.059999999997671694,200.0,200.0,66.0,0.04,avellaneda_stoikov,0.0,0.0,1.0,10008
-1.1059375637501034e-11,0.4099999999999999,5.934673366834171,-0.5899999999912688,337.0,807.0,424.0,46.0,337.0,86.0,5.0,0.06999999999999999,12.0,0.06,0.03896103896103896,0.0,0.059999999997671694,100000.06,0.1599999999999999,2.6635553989328025,1.0,0.32,4.0,0.7850000000034925,7.849993720039949e-06,9.0,2.3681592039800994,1.25,0.0029999999998835845,0.004999999999805975,200.0,16.666666666666668,66.0,0.24,microstructure_adaptive,0.0,0.0,12.0,120011
0.0,0.0,2.745,0.0,442.0,1000.0,516.0,42.0,442.0,69.0,0.0,0.0,0.0,0.0,0.0,0.0,0.0,100000.0,0.0,0.0,0.0,0.0,0.0,0.0,0.0,0.0,0.0,0.0,0.0,0.0,200.0,0.0,67.0,0.0,naive_symmetric,0.0,0.0,0.0,0
0.0,0.0,2.745,0.0,442.0,1000.0,516.0,42.0,442.0,69.0,0.0,0.0,0.0,0.0,0.0,0.0,0.0,100000.0,0.0,0.0,0.0,0.0,0.0,0.0,0.0,0.0,0.0,0.0,0.0,0.0,200.0,0.0,67.0,0.0,inventory_skew,0.0,0.0,0.0,0
0.0,0.0,34.535,0.0,442.0,1000.0,516.0,42.0,442.0,69.0,0.0,0.0,0.0,0.0,0.0,0.0,0.0,100000.0,0.0,0.0,0.0,0.0,0.0,0.0,0.0,0.0,0.0,0.0,0.0,0.0,200.0,0.0,67.0,0.0,avellaneda_stoikov,0.0,0.0,0.0,0
9.313223803264492e-12,0.0,5.77,0.04999999998661223,357.0,830.0,430.0,43.0,357.0,70.0,0.0,0.01,1.0,0.005,0.0031847133757961785,0.0,-0.020000000004074536,99999.98,0.01,0.9874838622020375,1.0,-0.06,1.0,0.02500000000873115,2.500000000873115e-07,0.0,0.9751243781094527,0.0,-0.0010000000002037268,-0.020000000004074536,200.0,200.0,67.0,-0.01,microstructure_adaptive,0.0,0.0,1.0,10000
-6.402989249920665e-12,0.6500000000000001,2.605,-0.6099999999813736,423.0,984.0,522.0,39.0,423.0,82.0,0.0,0.08,16.0,0.08,0.04,0.0,0.06000000001222361,100000.06000000001,0.04,0.6108472217815262,0.0,0.0,2.0,0.03999999999359716,3.9999975993611557e-07,9.0,0.36318407960199006,0.8125,0.0030000000006111804,0.0037500000007639755,200.0,12.5,68.0,0.7100000000000001,naive_symmetric,0.0,0.0,16.0,159992
-1.1641576591614466e-11,0.6200000000000001,2.88,-0.529999999961583,426.0,988.0,522.0,40.0,426.0,82.0,0.0,0.08,15.0,0.075,0.0375,0.0,0.060000000026775524,100000.06000000003,0.05,0.849348594409781,1.0,-0.44,1.0,0.024999999994179234,2.499998374418979e-07,9.0,0.7213930348258707,0.6666666666666666,0.0030000000013387764,0.004000000001785035,200.0,13.333333333333334,68.0,1.06,inventory_skew,0.0,0.0,15.0,149994
0.0,0.0,35.005,0.0,439.0,1000.0,522.0,39.0,439.0,69.0,0.0,0.0,0.0,0.0,0.0,0.0,0.0,100000.0,0.0,0.0,0.0,0.0,0.0,0.0,0.0,0.0,0.0,0.0,0.0,0.0,200.0,0.0,68.0,0.0,avellaneda_stoikov,0.0,0.0,0.0,0
5.238684486208456e-12,0.16,5.55,-0.12000000000116416,357.0,840.0,444.0,39.0,357.0,71.0,0.0,0.02,4.0,0.02,0.012422360248447204,0.0,0.020000000004074536,100000.02,-0.010000000000000004,0.338271873936509,0.0,0.0,1.0,0.05499999999301508,5.499998899301728e-07,0.0,0.11442786069651742,0.0,0.0010000000002037268,0.005000000001018634,200.0,50.0,68.0,0.17,microstructure_adaptive,0.0,0.0,4.0,39998
1.8044343796930207e-11,1.530000000000001,2.62,0.7299999999871946,394.0,964.0,512.0,58.0,394.0,134.0,7.0,0.2000000000000001,39.0,0.195,0.0975,0.0,-0.00999999999476131,99999.99,0.16,2.9941900623295834,1.0,0.74,6.0,0.4150000000081491,4.149998547581998e-06,16.0,2.5771144278606966,0.9743589743589743,-0.0004999999997380655,-0.000256410256275931,200.0,5.128205128205129,69.0,-1.44,naive_symmetric,0.0,0.0,39.0,390116
-1.0477840817202377e-11,1.3500000000000008,2.905,-1.3399999999738061,398.0,968.0,512.0,58.0,398.0,134.0,7.0,0.19000000000000009,35.0,0.175,0.0875,0.0,-0.02999999998428393,99999.97000000002,0.01999999999999999,1.5404980780118516,2.0,2.21,3.0,0.13500000000931323,1.3499986500944816e-06,16.0,1.318407960199005,0.8285714285714286,-0.0014999999992141965,-0.0008571428566938266,200.0,5.714285714285714,69.0,-0.7299999999999999,inventory_skew,0.0,0.0,35.0,350110
8.149037000748649e-12,0.09000000000000001,37.256281407035175,-0.8100000000087311,428.0,996.0,510.0,58.0,428.0,102.0,8.0,0.02,3.0,0.015,0.007537688442211055,0.0,0.3899999999994179,100000.39,0.04000000000000004,1.1949312517954382,1.0,0.73,2.0,0.5999999999912689,5.9999745000210636e-06,0.0,1.1293532338308458,0.0,0.019499999999970895,0.12999999999980597,200.0,66.66666666666667,69.0,0.45,avellaneda_stoikov,0.0,0.0,3.0,29961
6.402878227618203e-12,0.53,6.295,-2.499999999999418,273.0,696.0,365.0,58.0,273.0,112.0,9.0,0.09,13.0,0.065,0.05138339920948617,0.0,-0.17999999999301508,99999.82,-0.04000000000000001,2.7841055621320336,2.0,3.65,5.0,0.33500000000640284,3.3499946400726036e-06,2.0,2.1492537313432836,0.15384615384615385,-0.008999999999650754,-0.013846153845616545,200.0,15.384615384615385,69.0,-1.2,microstructure_adaptive,0.0,0.0,13.0,130043
9.895084751576633e-12,1.1300000000000003,2.65,-0.8200000000372528,422.0,974.0,512.0,40.0,422.0,100.0,0.0,0.15000000000000005,29.0,0.145,0.0725,0.0,0.0799999999726424,100000.07999999997,0.12000000000000001,0.7158476171262105,1.0,-0.23,2.0,0.05499999999301508,5.499993949308165e-07,6.0,0.4228855721393035,0.4827586206896552,0.00399999999863212,0.002758620688711807,200.0,6.896551724137931,70.0,1.1600000000000001,naive_symmetric,0.0,0.0,29.0,289962
-2.328914838756191e-12,1.1000000000000005,2.805,-0.910000000025029,421.0,972.0,512.0,39.0,421.0,96.0,0.0,0.14000000000000004,28.0,0.14,0.07,0.0,0.0799999999726424,100000.07999999997,0.060000000000000026,0.9330845439557738,0.0,0.0,2.0,0.0650000000023283,6.499994800236992e-07,6.0,0.6517412935323383,0.5,0.00399999999863212,0.0028571428561658,200.0,7.142857142857143,70.0,1.0700000000000003,inventory_skew,0.0,0.0,28.0,279960
0.0,0.0,33.245,0.0,449.0,1000.0,512.0,39.0,449.0,73.0,0.0,0.0,0.0,0.0,0.0,0.0,0.0,100000.0,0.0,0.0,0.0,0.0,0.0,0.0,0.0,0.0,0.0,0.0,0.0,0.0,200.0,0.0,70.0,0.0,avellaneda_stoikov,0.0,0.0,0.0,0
1.7461587731304462e-12,0.6200000000000001,5.405,-0.519999999992433,354.0,826.0,432.0,40.0,354.0,91.0,0.0,0.1,17.0,0.085,0.053125,0.0,0.010000000009313226,100000.01000000001,0.08,1.1928476734853044,1.0,0.5700000000000001,3.0,0.10000000000582077,9.999996000583675e-07,3.0,0.8756218905472637,0.17647058823529413,0.0005000000004656613,0.0005882352946654838,200.0,11.764705882352942,70.0,-0.019999999999999976,microstructure_adaptive,0.0,0.0,17.0,169996
-9.895528840786483e-12,0.8600000000000003,2.34,-0.4799999999790451,424.0,980.0,518.0,38.0,424.0,92.0,22.0,0.13000000000000003,23.0,0.115,0.0575,0.0,0.09000000001105946,100000.09000000001,0.13,1.92263293764965,1.0,-0.81,3.0,0.14999999999417923,1.499998424943446e-06,12.0,1.63681592039801,1.3478260869565217,0.004500000000552973,0.003913043478741715,200.0,8.695652173913043,71.0,1.3800000000000001,naive_symmetric,0.0,0.0,23.0,230001
2.9097835252400728e-12,0.5800000000000002,2.75,-0.6899999999854477,430.0,986.0,518.0,38.0,430.0,88.0,22.0,0.09000000000000001,17.0,0.085,0.0425,0.0,0.0500000000174623,100000.05000000002,0.05000000000000001,0.9975093361076329,1.0,-0.27,2.0,0.08499999999185093,8.499994899188152e-07,6.0,0.7960199004975125,0.5294117647058824,0.002500000000873115,0.002941176471615429,200.0,11.764705882352942,71.0,1.0500000000000003,inventory_skew,0.0,0.0,17.0,170005
-1.7462198353968006e-11,0.13999999999999999,36.030150753768844,-0.23999999997904525,442.0,996.0,516.0,38.0,442.0,77.0,22.0,0.02,3.0,0.015,0.007537688442211055,0.0,0.41000000000349246,100000.41,-0.050000000000000044,1.014815621809527,1.0,0.26,2.0,0.16000000000349246,1.5999921600733402e-06,0.0,0.9701492537313433,0.0,0.02050000000017462,0.1366666666678308,200.0,66.66666666666667,71.0,0.46,avellaneda_stoikov,0.0,0.0,3.0,30041
6.4028227164669715e-12,0.36,5.655,-0.36999999999126887,363.0,844.0,444.0,37.0,363.0,82.0,22.0,0.04,8.0,0.04,0.024539877300613498,0.0,0.11000000001513399,100000.11000000002,-0.04,0.7854396366911796,0.0,0.0,2.0,0.10499999999592546,1.049998844960525e-06,6.0,0.5373134328358209,0.875,0.0055000000007567,0.013750000001891749,200.0,25.0,71.0,0.56,microstructure_adaptive,0.0,0.0,8.0,80005
3.49247297748434e-11,1.0400000000000005,2.64,-1.529999999984284,409.0,976.0,523.0,44.0,409.0,92.0,0.0,0.15000000000000002,27.0,0.135,0.0675,0.0,0.07000000005064066,100000.07000000005,0.09999999999999998,2.215953014211725,1.0,1.26,4.0,0.07999999998719431,7.999992798725908e-07,19.0,1.7960199004975124,1.4444444444444444,0.0035000000025320332,0.002592592594468173,200.0,7.407407407407407,72.0,0.3899999999999999,naive_symmetric,0.0,0.0,27.0,270000
1.3387735364744913e-11,0.7600000000000002,2.75,-0.8299999999679856,412.0,978.0,523.0,43.0,412.0,90.0,0.0,0.11000000000000003,22.0,0.11,0.055,0.0,0.08000000004540198,100000.08000000005,0.03,1.0,0.0,0.0,3.0,0.07499999999708962,7.499993999713759e-07,19.0,0.681592039800995,1.5909090909090908,0.004000000002270099,0.0036363636384273627,200.0,9.090909090909092,72.0,0.9899999999999999,inventory_skew,0.0,0.0,22.0,220005
-1.1641521080463235e-11,0.03,35.665,0.40000000001047736,435.0,1002.0,523.0,44.0,435.0,73.0,0.0,0.01,1.0,0.005,0.0025,0.0,0.029999999998835847,100000.03,0.05,0.9874838622020375,1.0,-0.43,1.0,0.014999999999417923,1.4999994749419763e-07,0.0,0.9751243781094527,0.0,0.0014999999999417923,0.029999999998835847,200.0,200.0,72.0,0.02,avellaneda_stoikov,0.0,0.0,1.0,10003
-6.402878227618203e-12,0.2,5.795,-1.2199999999755526,344.0,825.0,437.0,44.0,344.0,79.0,0.0,0.05,6.0,0.03,0.01910828025477707,0.0,-0.08999999998195563,99999.91000000002,0.04,2.4515199874274365,1.0,1.68,4.0,0.15999999998894054,1.5999998398894213e-06,6.0,1.890547263681592,1.0,-0.004499999999097781,-0.014999999996992605,200.0,33.333333333333336,72.0,-0.54,microstructure_adaptive,0.0,0.0,6.0,59998
1.8626378217589945e-11,0.37,2.755,-0.29999999999068677,428.0,992.0,525.0,39.0,428.0,73.0,0.0,0.04,8.0,0.04,0.02,0.0,0.030000000027939677,100000.03000000003,0.02,0.44048819592160315,0.0,0.0,1.0,0.014999999999417923,1.499999549941927e-07,5.0,0.19402985074626866,1.25,0.001500000001396984,0.0037500000034924597,200.0,25.0,73.0,0.35000000000000003,naive_symmetric,0.0,0.0,8.0,79999
9.313161353219357e-12,0.37,2.86,-0.28999999998137355,428.0,992.0,525.0,39.0,428.0,73.0,0.0,0.04,8.0,0.04,0.02,0.0,0.030000000027939677,100000.03000000003,0.01,0.44048819592160315,0.0,0.0,1.0,0.014999999999417923,1.499999549941927e-07,5.0,0.19402985074626866,1.25,0.001500000001396984,0.0037500000034924597,200.0,25.0,73.0,0.35000000000000003,inventory_skew,0.0,0.0,8.0,79999
0.0,0.0,36.305,0.0,436.0,1000.0,525.0,39.0,436.0,68.0,0.0,0.0,0.0,0.0,0.0,0.0,0.0,100000.0,0.0,0.0,0.0,0.0,0.0,0.0,0.0,0.0,0.0,0.0,0.0,0.0,200.0,0.0,73.0,0.0,avellaneda_stoikov,0.0,0.0,0.0,0
0.0,0.16,5.67,0.030000000014551914,359.0,848.0,449.0,40.0,359.0,69.0,0.0,0.02,3.0,0.015,0.009259259259259259,0.0,1.4551915228366852e-11,100000.00000000001,0.0,0.9541738631895289,1.0,-0.19,1.0,0.020000000004074536,1.9999995004075784e-07,10.0,0.9104477611940298,4.333333333333333,7.275957614183426e-13,4.850638409455617e-12,200.0,66.66666666666667,73.0,0.18,microstructure_adaptive,0.0,0.0,3.0,29998
3.376054991122146e-11,1.1800000000000004,2.36,-1.9100000000203727,409.0,974.0,519.0,46.0,409.0,101.0,0.0,0.19000000000000003,29.0,0.145,0.0725,0.0,0.030000000013387762,100000.03000000001,0.38,4.75049094085069,2.0,2.79,9.0,0.22500000000582077,2.2499960625650976e-06,19.0,3.800995024875622,0.896551724137931,0.0015000000006693882,0.0010344827590823367,200.0,6.896551724137931,74.0,-1.04,naive_symmetric,0.0,0.0,29.0,289974
1.280553441063148e-11,1.0800000000000003,2.935,-1.5599999999970895,410.0,975.0,519.0,46.0,410.0,100.0,0.0,0.15000000000000005,28.0,0.14,0.07,0.0,-0.02999999998428393,99999.97000000002,0.17,2.171731546588519,2.0,0.62,4.0,0.20500000000174623,2.050000000017462e-06,8.0,1.9104477611940298,0.39285714285714285,-0.0014999999992141965,-0.0010714285708672833,200.0,7.142857142857143,74.0,0.8900000000000001,inventory_skew,0.0,0.0,28.0,279968
0.0,0.0,34.54,0.0,436.0,1000.0,519.0,45.0,436.0,73.0,0.0,0.0,0.0,0.0,0.0,0.0,0.0,100000.0,0.0,0.0,0.0,0.0,0.0,0.0,0.0,0.0,0.0,0.0,0.0,0.0,200.0,0.0,74.0,0.0,avellaneda_stoikov,0.0,0.0,0.0,0
2.7357227594393407e-11,0.65,5.925,-2.0000000000343423,276.0,695.0,373.0,46.0,276.0,92.0,0.0,0.09999999999999999,16.0,0.08,0.06299212598425197,0.0,0.17999999999301508,100000.18,0.16999999999999998,3.839439221076212,2.0,1.24,5.0,0.22499999999126885,2.249994599925649e-06,0.0,3.4477611940298507,0.0,0.008999999999650754,0.011249999999563443,200.0,12.5,74.0,0.8700000000000001,microstructure_adaptive,0.0,0.0,16.0,159974
7.56694706893768e-12,0.16,2.9086294416243654,0.27,436.0,987.0,511.0,40.0,436.0,63.0,3.0,0.04,4.0,0.02,0.01015228426395939,0.0,-0.069999999992433,99999.93000000001,0.18000000000000002,3.7701366484861936,2.0,0.28,4.0,0.694999999992433,6.94999999992433e-06,2.0,3.6766169154228856,1.5,-0.0034999999996216504,-0.01749999999810825,200.0,50.0,75.0,-0.76,naive_symmetric,0.0,0.0,4.0,40005
7.566988702301103e-12,0.06,2.989847715736041,-0.15000000000640284,438.0,989.0,511.0,40.0,438.0,60.0,4.0,0.02,2.0,0.01,0.005076142131979695,0.0,-0.029999999998835847,99999.97,0.18,1.9393798054663627,1.0,0.14,2.0,0.4599999999918509,4.5999999999185095e-06,1.0,1.9104477611940298,0.5,-0.0014999999999417923,-0.014999999999417923,200.0,100.0,75.0,-0.18,inventory_skew,0.0,0.0,2.0,20003
-6.984912648277941e-12,0.04,35.71573604060914,-0.08999999999359716,439.0,990.0,511.0,40.0,439.0,59.0,4.0,0.01,1.0,0.005,0.0025380710659898475,0.0,0.13999999999941792,100000.14,0.18000000000000002,0.9619631668251951,1.0,0.07,1.0,0.07500000001164153,7.49998837618217e-07,0.0,0.9253731343283582,0.0,0.006999999999970896,0.13999999999941792,200.0,200.0,75.0,-0.01,avellaneda_stoikov,0.0,0.0,1.0,10017
-2.910380270115809e-12,0.04,5.842639593908629,-0.06999999999185094,363.0,840.0,437.0,40.0,363.0,61.0,4.0,0.02,3.0,0.015,0.009375,0.0,-0.00999999999476131,99999.99,0.2,0.9722518356068021,1.0,0.07,1.0,0.22500000000582077,2.249999887558213e-06,0.0,0.945273631840796,0.0,-0.0004999999997380655,-0.0033333333315871037,200.0,66.66666666666667,75.0,-0.19,microstructure_adaptive,0.0,0.0,3.0,30011
1.0477396727992527e-11,0.08,2.795,-0.49,429.0,998.0,520.0,49.0,429.0,90.0,0.0,0.01,2.0,0.01,0.005,0.0,-0.01999999998952262,99999.98000000001,-0.02,0.47316022340738384,0.0,0.0,1.0,0.034999999988940544,3.4999999988940543e-07,2.0,0.22388059701492538,1.0,-0.000999999999476131,-0.00999999999476131,200.0,100.0,76.0,0.5,naive_symmetric,0.0,0.0,2.0,19997
1.0477396727992527e-11,0.08,2.835,-0.49,429.0,998.0,520.0,49.0,429.0,90.0,0.0,0.01,2.0,0.01,0.005,0.0,-0.01999999998952262,99999.98000000001,-0.02,0.47316022340738384,0.0,0.0,1.0,0.034999999988940544,3.4999999988940543e-07,2.0,0.22388059701492538,1.0,-0.000999999999476131,-0.00999999999476131,200.0,100.0,76.0,0.5,inventory_skew,0.0,0.0,2.0,19997
0.0,0.0,36.62311557788945,0.0,429.0,996.0,518.0,49.0,429.0,85.0,0.0,0.0,0.0,0.0,0.0,0.0,0.0,100000.0,0.0,0.0,0.0,0.0,0.0,0.0,0.0,0.0,0.0,0.0,0.0,0.0,200.0,0.0,76.0,0.0,avellaneda_stoikov,0.0,0.0,0.0,0
4.6567194544877566e-12,-0.009999999999999997,6.16,2.1300000000174624,325.0,791.0,416.0,50.0,324.0,90.0,0.0,0.03,4.0,0.02,0.013513513513513514,0.0,-0.06999999997788109,99999.93000000002,-0.12000000000000006,1.9496140707523686,1.0,-2.2,2.0,0.19999999999708962,1.999999199971216e-06,0.0,1.9104477611940298,0.0,-0.0034999999988940544,-0.017499999994470272,200.0,50.0,76.0,0.15,microstructure_adaptive,0.0,0.0,4.0,39988
-5.937206282169427e-11,1.540000000000001,2.41,-3.3199999999353897,404.0,962.0,513.0,45.0,404.0,110.0,9.0,0.24000000000000007,41.0,0.205,0.1025,0.0,-0.2599999999947613,99999.74,0.27999999999999997,4.445356457006653,2.0,3.1500000000000004,7.0,0.3150000000023283,3.150000000023283e-06,7.0,3.6218905472636815,0.24390243902439024,-0.012999999999738065,-0.006341463414506373,200.0,4.878048780487805,77.0,-0.1299999999999999,naive_symmetric,0.0,0.0,41.0,410176
-2.968536527703236e-11,1.2400000000000007,2.88,-1.2799999999935974,412.0,970.0,513.0,45.0,412.0,103.0,9.0,0.17000000000000007,33.0,0.165,0.0825,0.0,-0.15000000002328306,99999.84999999998,0.13999999999999999,1.854133475581958,1.0,0.45,3.0,0.2649999999994179,2.6499999999941792e-06,7.0,1.4875621890547264,0.30303030303030304,-0.0075000000011641536,-0.004545454546160093,200.0,6.0606060606060606,77.0,0.7099999999999997,inventory_skew,0.0,0.0,33.0,330128
-4.0745185003743245e-12,0.09,36.085427135678394,-0.9399999999947614,441.0,997.0,511.0,45.0,441.0,78.0,8.0,0.02,2.0,0.01,0.005025125628140704,0.0,-0.029999999998835847,99999.97,-0.01999999999999998,1.961063778738113,1.0,0.9,2.0,0.3849999999947613,3.84999845994823e-06,0.0,1.935323383084577,0.0,-0.0014999999999417923,-0.014999999999417923,200.0,100.0,77.0,0.05,avellaneda_stoikov,0.0,0.0,2.0,20015
-3.4925395908658174e-12,0.8400000000000003,5.615,-1.5899999999575083,335.0,805.0,425.0,45.0,335.0,90.0,8.0,0.13000000000000003,22.0,0.11,0.07051282051282051,0.0,-0.12999999996100087,99999.87000000004,0.08999999999999991,2.668220940078731,1.0,1.8,4.0,0.3100000000122236,3.0999993801223597e-06,7.0,2.5024875621890548,0.3181818181818182,-0.006499999998050043,-0.005909090907318221,200.0,9.090909090909092,77.0,-0.30000000000000004,microstructure_adaptive,0.0,0.0,22.0,220078
-3.4925395908658174e-12,1.670000000000001,2.372448979591837,-1.0800000000064027,397.0,945.0,502.0,46.0,397.0,114.0,7.0,0.2000000000000001,40.0,0.2,0.10204081632653061,0.0,0.1299999999901047,100000.12999999999,0.5900000000000001,4.608557905695583,0.0,0.0,8.0,0.6100000000005821,6.09999207001613e-06,14.0,4.0049751243781095,1.05,0.006499999999505235,0.0032499999997526174,200.0,5.0,78.0,0.8200000000000002,naive_symmetric,0.0,0.0,40.0,400069
4.9476422958605326e-11,1.2100000000000006,2.913265306122449,-2.2300000000605364,408.0,957.0,502.0,47.0,408.0,109.0,7.0,0.16000000000000006,30.0,0.15,0.07653061224489796,0.0,-0.09000000001105946,99999.90999999999,0.3500000000000001,1.8460661415574944,1.0,-0.14,3.0,0.5999999999912689,5.999999999912689e-06,14.0,1.63681592039801,1.3666666666666667,-0.004500000000552973,-0.0030000000003686483,200.0,6.666666666666667,78.0,2.0900000000000007,inventory_skew,0.0,0.0,30.0,300063
7.566974824513295e-12,0.08,35.794871794871796,-0.06000000000407454,433.0,979.0,500.0,46.0,433.0,85.0,7.0,0.01,2.0,0.01,0.005128205128205128,0.0,0.16000000000349246,100000.16,0.18000000000000005,0.9410484255889717,0.0,0.0,1.0,0.1349999999947613,1.3499978399510692e-06,1.0,0.8855721393034826,0.5,0.008000000000174623,0.08000000000174623,200.0,100.0,78.0,0.049999999999999996,avellaneda_stoikov,0.0,0.0,2.0,20013
-3.4925395908658174e-12,0.5700000000000001,6.076530612244898,-0.7300000000197904,333.0,792.0,412.0,47.0,333.0,98.0,7.0,0.08,15.0,0.075,0.04966887417218543,0.0,0.09999999997671694,100000.09999999998,0.33999999999999986,1.4879282066883155,1.0,0.01,3.0,0.6100000000005821,6.0999917650169395e-06,0.0,1.318407960199005,0.0,0.004999999998835847,0.0066666666651144625,200.0,13.333333333333334,78.0,0.5599999999999999,microstructure_adaptive,0.0,0.0,15.0,150041
4.0745185003743245e-12,0.03,2.845,-0.22000000000407455,440.0,1002.0,521.0,41.0,440.0,76.0,0.0,0.01,1.0,0.005,0.0025,0.0,0.0,100000.0,0.019999999999999997,0.9798974461519554,1.0,0.28,1.0,0.014999999999417923,1.4999997749418262e-07,1.0,0.9601990049751243,1.0,0.0,0.0,200.0,200.0,79.0,-0.07,naive_symmetric,0.0,0.0,1.0,10001
4.0745185003743245e-12,0.03,2.965,-0.22000000000407455,440.0,1002.0,521.0,41.0,440.0,76.0,0.0,0.01,1.0,0.005,0.0025,0.0,0.0,100000.0,0.019999999999999997,0.9798974461519554,1.0,0.28,1.0,0.014999999999417923,1.4999997749418262e-07,1.0,0.9601990049751243,1.0,0.0,0.0,200.0,200.0,79.0,-0.07,inventory_skew,0.0,0.0,1.0,10001
0.0,0.0,34.58,0.0,439.0,1000.0,521.0,40.0,439.0,75.0,0.0,0.0,0.0,0.0,0.0,0.0,0.0,100000.0,0.0,0.0,0.0,0.0,0.0,0.0,0.0,0.0,0.0,0.0,0.0,0.0,200.0,0.0,79.0,0.0,avellaneda_stoikov,0.0,0.0,0.0,0
0.0,0.01,5.735,-0.040000000004074554,360.0,842.0,441.0,41.0,360.0,78.0,0.0,0.01,1.0,0.005,0.003125,0.0,-0.020000000004074536,99999.98,0.0,0.9060328484045486,1.0,-0.29,1.0,0.02500000000873115,2.500000000873115e-07,0.0,0.8208955223880597,0.0,-0.0010000000002037268,-0.020000000004074536,200.0,200.0,79.0,0.32,microstructure_adaptive,0.0,0.0,1.0,10000
-1.804445481923267e-11,0.42,2.73,-0.5799999999807914,440.0,992.0,518.0,34.0,440.0,59.0,11.0,0.05999999999999999,11.0,0.055,0.0275,0.0,-0.029999999998835847,99999.97,0.09,1.2832638735483162,1.0,0.22,3.0,0.15000000000873115,1.4999997000873715e-06,8.0,1.1791044776119404,0.8181818181818182,-0.0014999999999417923,-0.002727272727166895,200.0,18.181818181818183,80.0,0.3,naive_symmetric,0.0,0.0,11.0,110025
-2.328304216092647e-11,0.52,2.965,-0.23999999998195556,438.0,990.0,518.0,34.0,438.0,61.0,11.0,0.06999999999999999,13.0,0.065,0.0325,0.0,0.00999999999476131,100000.01,0.09999999999999996,1.281323942169239,1.0,-0.23,3.0,0.16999999999825377,1.6999994899826908e-06,8.0,1.1741293532338308,0.6923076923076923,0.0004999999997380655,0.0007692307688277931,200.0,15.384615384615385,80.0,0.45,inventory_skew,0.0,0.0,13.0,130027
7.567113602391373e-12,0.13,34.21989528795812,-0.4800000000029104,431.0,965.0,500.0,34.0,431.0,52.0,12.0,0.02,2.0,0.01,0.005235602094240838,0.0,0.3800000000046566,100000.38,-0.07000000000000012,1.7857924645288878,1.0,0.44,2.0,0.7599999999947613,7.599970360063209e-06,0.0,1.5970149253731343,0.0,0.01900000000023283,0.1900000000023283,200.0,100.0,80.0,0.51,avellaneda_stoikov,0.0,0.0,2.0,20048
-7.567058091240142e-12,0.28,5.575757575757576,-0.5299999999935971,374.0,856.0,448.0,34.0,374.0,57.0,12.0,0.04,7.0,0.035,0.021212121212121213,0.0,0.029999999998835847,100000.03,0.07,1.1241359313000368,1.0,0.22,2.0,0.14500000000407454,1.4499992025411841e-06,2.0,1.054726368159204,0.2857142857142857,0.0014999999999417923,0.004285714285547978,200.0,28.571428571428573,80.0,0.31,microstructure_adaptive,0.0,0.0,7.0,70007
-1.7466028623402963e-12,1.1300000000000006,2.63,-2.419999999995343,411.0,975.0,505.0,59.0,411.0,125.0,3.0,0.17000000000000004,28.0,0.14,0.07,0.0,-0.19999999999708962,99999.8,-0.08,1.9239263336503902,2.0,2.16,6.0,0.21500000001105946,2.1499992476108574e-06,14.0,1.144278606965174,1.75,-0.009999999999854481,-0.007142857142753201,200.0,7.142857142857143,81.0,0.3100000000000001,naive_symmetric,0.0,0.0,28.0,280001
-1.105959768210596e-11,0.9300000000000004,2.915,-1.94999999998312,415.0,979.0,505.0,59.0,415.0,124.0,3.0,0.14000000000000004,24.0,0.12,0.06,0.0,-0.14999999999417923,99999.85,-0.09,1.570879273382359,1.0,1.44,4.0,0.20000000001164153,1.999999400116595e-06,12.0,1.2736318407960199,1.25,-0.007499999999708962,-0.006249999999757468,200.0,8.333333333333334,81.0,0.5900000000000003,inventory_skew,0.0,0.0,24.0,239997
-2.3282487049414158e-12,0.22,36.576530612244895,0.40000000000814906,423.0,978.0,497.0,58.0,423.0,106.0,6.0,0.030000000000000002,6.0,0.03,0.015306122448979591,0.0,0.8500000000058208,100000.85,-0.18999999999999997,0.9567773437807457,0.0,0.0,2.0,0.4850000000005821,4.84995877535623e-06,0.0,0.8557213930348259,0.0,0.04250000000029104,0.1416666666676368,200.0,33.333333333333336,81.0,0.6699999999999999,avellaneda_stoikov,0.0,0.0,6.0,59910
1.1642908859244017e-12,0.7400000000000002,6.355,-0.9499999999965074,302.0,746.0,385.0,59.0,302.0,115.0,5.0,0.11000000000000001,17.0,0.085,0.060714285714285714,0.0,-0.11999999999534339,99999.88,-0.03000000000000001,1.1152493418636762,2.0,1.7999999999999998,5.0,0.16999999999825377,1.6999988099833706e-06,0.0,0.4975124378109453,0.0,-0.005999999999767169,-0.007058823529137846,200.0,11.764705882352942,81.0,-0.8300000000000001,microstructure_adaptive,0.0,0.0,17.0,169992
2.2700730184510576e-11,0.52,2.694300518134715,1.4400000000052389,403.0,956.0,514.0,39.0,403.0,91.0,27.0,0.10000000000000002,19.0,0.095,0.04922279792746114,0.0,0.030000000027939677,100000.03000000003,-0.71,2.6173930290762057,1.0,-0.42,5.0,1.0999999999912689,1.099990980065232e-05,17.0,2.1343283582089554,2.5789473684210527,0.001500000001396984,0.0015789473698915619,200.0,10.526315789473685,82.0,-0.17999999999999988,naive_symmetric,0.0,0.0,19.0,190009
1.4551915228366852e-11,0.49000000000000005,2.8860103626943006,1.0299999999930152,401.0,954.0,514.0,39.0,401.0,93.0,27.0,0.11000000000000003,21.0,0.105,0.054404145077720206,0.0,-0.069999999992433,99999.93000000001,-0.75,1.570879273382359,1.0,0.41000000000000003,5.0,0.6600000000034925,6.599975580125277e-06,17.0,1.2338308457711442,2.238095238095238,-0.0034999999996216504,-0.0033333333329730003,200.0,9.523809523809524,82.0,-0.6499999999999999,inventory_skew,0.0,0.0,21.0,210005
-2.270139631832535e-11,0.16,35.4468085106383,0.990000000030268,405.0,948.0,504.0,39.0,405.0,82.0,29.0,0.04,7.0,0.035,0.018617021276595744,0.0,1.180000000007567,100001.18000000001,-0.2899999999999998,1.7234120963168802,1.0,-0.42,3.0,1.4100000000034925,1.4099756779230482e-05,0.0,1.5870646766169154,0.0,0.05900000000037835,0.16857142857250956,200.0,28.571428571428573,82.0,0.9400000000000002,avellaneda_stoikov,0.0,0.0,7.0,69894
-2.3865354137342365e-11,0.29000000000000004,5.632124352331606,0.7200000000122236,333.0,810.0,439.0,38.0,333.0,85.0,29.0,0.05999999999999999,12.0,0.06,0.03858520900321544,0.0,0.04999999998835847,100000.04999999999,-0.2599999999999999,1.2358653583945145,0.0,0.0,5.0,0.430000000007567,4.299982585146201e-06,17.0,0.7910447761194029,1.8333333333333333,0.0024999999994179236,0.004166666665696539,200.0,16.666666666666668,82.0,-0.35,microstructure_adaptive,0.0,0.0,12.0,119987
9.313660953580438e-12,0.8400000000000003,2.495,0.4400000000232829,413.0,980.0,530.0,37.0,413.0,84.0,4.0,0.13000000000000003,23.0,0.115,0.0575,0.0,-0.08999999996740371,99999.91000000003,0.01000000000000002,1.9406620401885681,1.0,-1.92,3.0,0.21999999997206032,2.1999994497207405e-06,8.0,1.527363184079602,0.4782608695652174,-0.004499999998370185,-0.00391304347684364,200.0,8.695652173913043,83.0,1.5099999999999998,naive_symmetric,0.0,0.0,23.0,230045
2.968586487739344e-11,0.8600000000000003,2.97,0.1799999999871944,413.0,980.0,530.0,37.0,413.0,87.0,4.0,0.12000000000000004,23.0,0.115,0.0575,0.0,-0.05999999998311978,99999.94000000002,-0.13999999999999993,1.4036200531950742,1.0,-0.64,3.0,0.1999999999825377,1.9999994998255017e-06,8.0,1.2537313432835822,0.4782608695652174,-0.002999999999155989,-0.0026086956514399903,200.0,8.695652173913043,83.0,0.6599999999999999,inventory_skew,0.0,0.0,23.0,230043
2.328470749546341e-12,0.07,34.91878172588832,-0.6999999999982538,427.0,988.0,524.0,37.0,427.0,71.0,3.0,0.02,3.0,0.015,0.007614213197969543,0.0,0.27000000000407454,100000.27,-0.06000000000000009,1.3005930526329956,1.0,0.62,2.0,0.8600000000005821,8.59997420008322e-06,0.0,1.2039800995024876,0.0,0.013500000000203728,0.09000000000135817,200.0,66.66666666666667,83.0,0.43,avellaneda_stoikov,0.0,0.0,3.0,29978
-5.820899318109696e-12,0.63,5.565,-0.23999999995226973,341.0,832.0,454.0,37.0,341.0,87.0,5.0,0.10000000000000002,19.0,0.095,0.05864197530864197,0.0,-0.07999999995809048,99999.92000000004,-0.09999999999999992,1.0366421106976322,1.0,0.62,2.0,0.29999999998835847,2.9999984998843344e-06,5.0,0.8557213930348259,0.5263157894736842,-0.003999999997904524,-0.004210526313583709,200.0,10.526315789473685,83.0,-0.2599999999999999,microstructure_adaptive,0.0,0.0,19.0,190039
-1.105959768210596e-11,0.7000000000000001,2.655,1.0300000000227012,427.0,985.0,516.0,42.0,427.0,100.0,7.0,0.11000000000000001,18.0,0.09,0.045,0.0,-0.04999999998835847,99999.95000000001,-0.34000000000000014,3.1795365599908436,1.0,-1.8800000000000001,5.0,0.34500000001571607,3.449995170163922e-06,16.0,2.945273631840796,2.4444444444444446,-0.0024999999994179236,-0.002777777777131026,200.0,11.11111111111111,84.0,1.2500000000000002,naive_symmetric,0.0,0.0,18.0,180008
-1.0477396727992527e-11,0.6300000000000001,2.95,0.7900000000325963,427.0,984.0,516.0,41.0,427.0,96.0,7.0,0.08,16.0,0.08,0.04,0.0,-0.06999999997788109,99999.93000000002,-0.48,1.619225292312247,0.0,0.0,3.0,0.33000000000174623,3.29999538002393e-06,16.0,1.318407960199005,2.3125,-0.0034999999988940544,-0.004374999998617568,200.0,12.5,84.0,-0.30000000000000004,inventory_skew,0.0,0.0,16.0,160003
-4.6567194544877566e-12,0.05,35.95477386934673,0.4500000000069849,442.0,998.0,514.0,42.0,442.0,87.0,7.0,0.01,1.0,0.005,0.002512562814070352,0.0,0.1900000000023283,100000.19,-0.1299999999999999,0.9060328484045486,1.0,-0.47000000000000003,1.0,0.5,4.999983750052812e-06,0.0,0.8208955223880597,0.0,0.009500000000116415,0.1900000000023283,200.0,200.0,84.0,0.35000000000000003,avellaneda_stoikov,0.0,0.0,1.0,10020
9.313050330916894e-12,0.38999999999999996,5.88,0.26999999998020957,352.0,826.0,432.0,42.0,352.0,92.0,7.0,0.049999999999999996,9.0,0.045,0.028481012658227847,0.0,0.01999999998952262,100000.01999999999,-0.24,0.8781482099321077,1.0,-0.47000000000000003,1.0,0.16499999999359716,1.6499984324374607e-06,1.0,0.7711442786069652,0.1111111111111111,0.000999999999476131,0.002222222221058069,200.0,22.22222222222222,84.0,0.51,microstructure_adaptive,0.0,0.0,9.0,89999
-1.1641132502404616e-11,0.29,2.535,-1.819999999990105,431.0,995.0,516.0,48.0,431.0,93.0,0.0,0.06,8.0,0.04,0.02,0.0,-0.08000000000174623,99999.92,0.04999999999999999,2.884165036921259,2.0,3.04,4.0,0.14500000000407454,1.449999927540749e-06,8.0,2.63681592039801,3.125,-0.004000000000087311,-0.010000000000218279,200.0,25.0,85.0,-1.29,naive_symmetric,0.0,0.0,8.0,80018
-1.9790613592363115e-11,0.14,2.975,-1.529999999977881,434.0,998.0,516.0,48.0,434.0,90.0,0.0,0.030000000000000002,5.0,0.025,0.0125,0.0,-0.059999999997671694,99999.94,0.009999999999999988,1.6706420251266885,1.0,0.76,2.0,0.09999999999126885,9.99999949912691e-07,5.0,1.5771144278606966,2.4,-0.0029999999998835845,-0.011999999999534338,200.0,40.0,85.0,0.73,inventory_skew,0.0,0.0,5.0,50008
0.0,0.0,36.01005025125628,0.0,435.0,996.0,514.0,47.0,435.0,84.0,0.0,0.0,0.0,0.0,0.0,0.0,0.0,100000.0,0.0,0.0,0.0,0.0,0.0,0.0,0.0,0.0,0.0,0.0,0.0,0.0,200.0,0.0,85.0,0.0,avellaneda_stoikov,0.0,0.0,0.0,0
8.149037000748649e-12,0.06999999999999999,6.055,0.08000000000116414,342.0,812.0,422.0,48.0,342.0,87.0,0.0,0.02,3.0,0.015,0.00980392156862745,0.0,0.010000000009313226,100000.01000000001,0.04,0.8405163066184631,1.0,-0.77,1.0,0.05499999999301508,5.499998074302182e-07,0.0,0.7064676616915423,0.0,0.0005000000004656613,0.0033333333364377418,200.0,66.66666666666667,85.0,0.68,microstructure_adaptive,0.0,0.0,3.0,30001
2.3283597272438783e-11,1.9900000000000009,2.5477386934673367,-2.500000000026776,396.0,955.0,503.0,56.0,396.0,136.0,0.0,0.2400000000000001,44.0,0.22,0.11055276381909548,0.0,0.08999999999650754,100000.09,0.39999999999999997,2.2460579065115365,1.0,0.76,5.0,0.41999999999825377,4.199990340004756e-06,16.0,1.7810945273631842,0.8181818181818182,0.004499999999825377,0.002045454545375171,200.0,4.545454545454546,86.0,1.6699999999999997,naive_symmetric,0.0,0.0,44.0,440025
2.6774138461860275e-11,1.9400000000000008,2.7939698492462313,-2.550000000041909,397.0,956.0,503.0,56.0,397.0,137.0,0.0,0.2200000000000001,43.0,0.215,0.10804020100502512,0.0,0.139999999984866,100000.13999999998,0.3100000000000001,1.586635728616806,1.0,0.19,3.0,0.41999999999825377,4.199992859994677e-06,8.0,1.263681592039801,0.4186046511627907,0.006999999999243301,0.003255813953136419,200.0,4.651162790697675,86.0,2.410000000000001,inventory_skew,0.0,0.0,43.0,430022
2.328304216092647e-12,0.06,37.01005025125628,0.2199999999877764,439.0,998.0,503.0,56.0,439.0,104.0,1.0,0.01,1.0,0.005,0.002512562814070352,0.0,0.1299999999901047,100000.12999999999,0.19,0.9671211832467413,1.0,-0.24,1.0,0.055000000007566996,5.499991475769912e-07,0.0,0.9353233830845771,0.0,0.006499999999505235,0.1299999999901047,200.0,200.0,86.0,-0.03,avellaneda_stoikov,0.0,0.0,1.0,10017
4.0742964557693995e-12,0.7600000000000002,6.38,-0.8800000000029105,315.0,766.0,395.0,56.0,315.0,118.0,0.0,0.09000000000000001,17.0,0.085,0.05862068965517241,0.0,-0.029999999998835847,99999.97,0.019999999999999983,1.0812743541098722,1.0,0.18,3.0,0.11000000000058208,1.0999997250058894e-06,0.0,0.8308457711442786,0.0,-0.0014999999999417923,-0.0017647058822844615,200.0,11.764705882352942,86.0,0.7400000000000002,microstructure_adaptive,0.0,0.0,17.0,170011
3.492461875254094e-11,0.9600000000000003,2.58,0.049999999964493225,412.0,974.0,521.0,41.0,412.0,88.0,39.0,0.16000000000000003,29.0,0.145,0.0725,0.0,-0.11000000000058208,99999.89,0.10000000000000003,2.7390669145146957,1.0,-0.93,4.0,0.3200000000069849,3.199998080071001e-06,12.0,2.537313432835821,0.7931034482758621,-0.005500000000029104,-0.0037931034482959337,200.0,6.896551724137931,87.0,0.8300000000000001,naive_symmetric,0.0,0.0,29.0,290012
-2.9103386367523854e-12,0.8300000000000002,2.885,-0.39999999997380653,413.0,974.0,521.0,40.0,413.0,83.0,40.0,0.13000000000000003,26.0,0.13,0.065,0.0,-0.09999999997671694,99999.90000000002,-0.049999999999999975,0.872464343025402,0.0,0.0,2.0,0.2400000000052387,2.3999985600532506e-06,12.0,0.5422885572139303,0.8461538461538461,-0.004999999998835847,-0.0038461538452583435,200.0,7.6923076923076925,87.0,0.48,inventory_skew,0.0,0.0,26.0,260007
1.7462253865119237e-11,0.19,34.20725388601036,-0.33000000001804436,422.0,970.0,507.0,41.0,422.0,67.0,40.0,0.030000000000000002,5.0,0.025,0.012953367875647668,0.0,0.6399999999994179,100000.64,0.05,0.911507416944195,1.0,0.3,1.0,0.22999999999592546,2.29998493505793e-06,0.0,0.8308457711442786,0.0,0.0319999999999709,0.1279999999998836,200.0,40.0,87.0,0.65,avellaneda_stoikov,0.0,0.0,5.0,49981
2.386507658158621e-11,0.27999999999999997,5.797979797979798,-0.400000000015716,346.0,822.0,435.0,41.0,346.0,68.0,42.0,0.049999999999999996,9.0,0.045,0.028662420382165606,0.0,0.04000000000814907,100000.04000000001,0.010000000000000021,0.9593737592566564,1.0,0.3,2.0,0.13500000000931323,1.3499991225937023e-06,6.0,0.8507462686567164,0.6666666666666666,0.0020000000004074536,0.004444444445349897,200.0,22.22222222222222,87.0,0.18,microstructure_adaptive,0.0,0.0,9.0,89997
9.896083952298795e-12,1.0700000000000005,2.645,-2.66,417.0,973.0,519.0,37.0,417.0,104.0,0.0,0.18000000000000005,30.0,0.15,0.075,0.0,-0.1299999999901047,99999.87000000001,0.11999999999999994,2.26260977304409,3.0,2.8499999999999996,6.0,0.23999999999068677,2.399997359909772e-06,6.0,1.7064676616915422,0.4,-0.006499999999505235,-0.00433333333300349,200.0,6.666666666666667,88.0,-0.26000000000000006,naive_symmetric,0.0,0.0,30.0,300048
2.561151291047281e-11,0.9600000000000004,2.96,-1.6800000000483124,420.0,976.0,519.0,37.0,420.0,102.0,0.0,0.15000000000000002,27.0,0.135,0.0675,0.0,-0.04000000002270099,99999.95999999998,0.09000000000000002,1.6795521791203927,1.0,1.41,3.0,0.11500000000523869,1.1499989650533186e-06,12.0,1.4179104477611941,0.9259259259259259,-0.0020000000011350496,-0.0014814814823222587,200.0,7.407407407407407,88.0,0.29000000000000004,inventory_skew,0.0,0.0,27.0,270035
0.0,0.0,33.61,0.0,445.0,1000.0,519.0,36.0,445.0,81.0,0.0,0.0,0.0,0.0,0.0,0.0,0.0,100000.0,0.0,0.0,0.0,0.0,0.0,0.0,0.0,0.0,0.0,0.0,0.0,0.0,200.0,0.0,88.0,0.0,avellaneda_stoikov,0.0,0.0,0.0,0
2.3283153183228933e-11,0.8600000000000003,5.435,-0.7700000000261935,349.0,831.0,445.0,37.0,349.0,101.0,0.0,0.13000000000000003,24.0,0.12,0.0736196319018405,0.0,0.19999999999708962,100000.2,0.15,1.029418035851963,1.0,0.9400000000000001,3.0,0.1299999999901047,1.2999955799160752e-06,12.0,0.8109452736318408,0.8333333333333334,0.009999999999854481,0.008333333333212067,200.0,8.333333333333334,88.0,0.010000000000000009,microstructure_adaptive,0.0,0.0,24.0,240047
1.920863468285461e-11,1.3900000000000008,2.272727272727273,-2.7900000000582077,378.0,901.0,483.0,40.0,378.0,107.0,0.0,0.21000000000000008,32.0,0.16,0.08767123287671233,0.0,-0.12000000003899913,99999.87999999996,0.13000000000000006,7.071771365701539,5.0,2.65,10.0,0.27999999999883585,2.7999977599901518e-06,3.0,6.218905472636816,0.09375,-0.006000000001949957,-0.003750000001218723,200.0,6.25,89.0,0.09999999999999998,naive_symmetric,0.0,0.17412935323383086,32.0,319794
8.149037000748649e-12,1.0300000000000005,2.88,-1.4900000000215368,421.0,979.0,518.0,40.0,421.0,97.0,0.0,0.13000000000000003,24.0,0.12,0.06,0.0,-0.030000000013387762,99999.96999999999,0.04000000000000001,2.410590233455666,1.0,0.56,3.0,0.12500000001455192,1.250000000145519e-06,2.0,2.1691542288557213,0.08333333333333333,-0.0015000000006693882,-0.0012500000005578233,200.0,8.333333333333334,89.0,0.9900000000000001,inventory_skew,0.0,0.0,24.0,239836
0.0,0.0,35.235,0.0,443.0,1000.0,518.0,39.0,443.0,78.0,0.0,0.0,0.0,0.0,0.0,0.0,0.0,100000.0,0.0,0.0,0.0,0.0,0.0,0.0,0.0,0.0,0.0,0.0,0.0,0.0,200.0,0.0,89.0,0.0,avellaneda_stoikov,0.0,0.0,0.0,0
1.7461587731304462e-12,0.6000000000000001,5.81,-0.5099999999965075,320.0,765.0,405.0,40.0,320.0,88.0,0.0,0.07999999999999999,12.0,0.06,0.041811846689895474,0.0,-0.00999999999476131,99999.99,0.08000000000000003,3.0639940766085916,3.0,1.07,5.0,0.14500000000407454,1.4499991300412673e-06,3.0,2.5522388059701493,0.25,-0.0004999999997380655,-0.0008333333328967759,200.0,16.666666666666668,89.0,-0.5700000000000001,microstructure_adaptive,0.0,0.0,12.0,119930
-1.3877787807814457e-17,0.09,2.68,-0.06999999999999999,442.0,998.0,517.0,39.0,442.0,69.0,0.0,0.01,2.0,0.01,0.005,0.0,0.0,100000.0,0.0,0.2992528008322899,0.0,0.0,1.0,0.014999999999417923,1.4999999999417924e-07,7.0,0.08955223880597014,3.5,0.0,0.0,200.0,100.0,90.0,0.08,naive_symmetric,0.0,0.0,2.0,19999
-1.3877787807814457e-17,0.09,2.695,-0.06999999999999999,442.0,998.0,517.0,39.0,442.0,69.0,0.0,0.01,2.0,0.01,0.005,0.0,0.0,100000.0,0.0,0.2992528008322899,0.0,0.0,1.0,0.014999999999417923,1.4999999999417924e-07,7.0,0.08955223880597014,3.5,0.0,0.0,200.0,100.0,90.0,0.08,inventory_skew,0.0,0.0,2.0,19999
0.0,0.0,33.79,0.0,444.0,1000.0,517.0,39.0,444.0,68.0,0.0,0.0,0.0,0.0,0.0,0.0,0.0,100000.0,0.0,0.0,0.0,0.0,0.0,0.0,0.0,0.0,0.0,0.0,0.0,0.0,200.0,0.0,90.0,0.0,avellaneda_stoikov,0.0,0.0,0.0,0
-5.238698363996264e-12,0.02,5.695,0.3099999999959255,365.0,842.0,437.0,40.0,365.0,71.0,0.0,0.01,1.0,0.005,0.003125,0.0,-0.010000000009313226,99999.98999999999,0.01,0.9671211832467413,1.0,-0.33,1.0,0.02500000000873115,2.500000000873115e-07,0.0,0.9353233830845771,0.0,-0.0005000000004656613,-0.010000000009313226,200.0,200.0,90.0,0.01,microstructure_adaptive,0.0,0.0,1.0,10000
-2.561145739932158e-11,0.7100000000000002,2.457286432160804,-0.5699999999656573,421.0,982.0,518.0,43.0,421.0,81.0,17.0,0.1,17.0,0.085,0.04271356783919598,0.0,-0.09999999999126885,99999.90000000001,0.15999999999999998,2.611684422434698,1.0,0.48,4.0,0.4299999999930151,4.29999978493016e-06,5.0,2.482587064676617,0.7647058823529411,-0.004999999999563442,-0.0058823529406628735,200.0,11.764705882352942,91.0,-0.07000000000000003,naive_symmetric,0.0,0.0,17.0,169987
-5.820899318109696e-13,0.6300000000000001,2.969849246231156,-0.7000000000034924,423.0,984.0,518.0,43.0,423.0,79.0,17.0,0.08,15.0,0.075,0.03768844221105527,0.0,-0.020000000004074536,99999.98,0.13999999999999993,1.507856704331025,1.0,0.16,3.0,0.4299999999930151,4.299999784930162e-06,6.0,1.318407960199005,0.6666666666666666,-0.0010000000002037268,-0.001333333333604969,200.0,13.333333333333334,91.0,0.45999999999999996,inventory_skew,0.0,0.0,15.0,149987
0.0,0.1,34.78391959798995,0.18999999999825376,434.0,994.0,518.0,42.0,434.0,67.0,19.0,0.01,2.0,0.01,0.005025125628140704,0.0,0.16999999999825377,100000.17,5.204170427930421e-18,0.2992528008322899,0.0,0.0,1.0,0.059999999997671694,5.999989799784509e-07,0.0,0.08955223880597014,0.0,0.008499999999912689,0.08499999999912689,200.0,100.0,91.0,-0.010000000000000002,avellaneda_stoikov,0.0,0.0,2.0,19990
1.9790613592363115e-11,0.4,5.844221105527638,-0.7600000000168801,344.0,821.0,434.0,43.0,344.0,73.0,18.0,0.06,10.0,0.05,0.03184713375796178,0.0,0.05000000000291038,100000.05,0.23999999999999994,1.5388824529443759,1.0,-0.34,2.0,0.180000000007567,1.799998920076318e-06,0.0,1.3034825870646767,0.0,0.002500000000145519,0.005000000000291038,200.0,20.0,91.0,0.97,microstructure_adaptive,0.0,0.0,10.0,99999
-2.6193269775376393e-11,0.7500000000000002,2.445,-3.749999999975553,418.0,985.0,525.0,42.0,418.0,92.0,0.0,0.13,18.0,0.09,0.045,0.0,-0.08000000000174623,99999.92,0.05,5.689739390196902,3.0,2.84,9.0,0.27999999999883585,2.7999998599883654e-06,11.0,4.691542288557214,2.0555555555555554,-0.004000000000087311,-0.004444444444541457,200.0,11.11111111111111,92.0,0.9100000000000001,naive_symmetric,0.0,0.0,18.0,180051
-2.3865354137342365e-11,0.48999999999999994,2.845,-1.14999999995518,423.0,990.0,525.0,42.0,423.0,84.0,0.0,0.06999999999999999,13.0,0.065,0.0325,0.0,-0.03999999997904524,99999.96000000002,-0.010000000000000004,1.7392169565326079,1.0,0.36,3.0,0.1299999999901047,1.2999999349010502e-06,11.0,1.4825870646766168,2.6153846153846154,-0.001999999998952262,-0.0030769230753111723,200.0,15.384615384615385,92.0,0.8300000000000001,inventory_skew,0.0,0.0,13.0,130034
0.0,0.0,36.1,0.0,434.0,1000.0,525.0,41.0,434.0,73.0,0.0,0.0,0.0,0.0,0.0,0.0,0.0,100000.0,0.0,0.0,0.0,0.0,0.0,0.0,0.0,0.0,0.0,0.0,0.0,0.0,200.0,0.0,92.0,0.0,avellaneda_stoikov,0.0,0.0,0.0,0
-3.4925395908658174e-12,0.5399999999999999,5.81,-0.4300000000069849,337.0,820.0,441.0,42.0,337.0,88.0,0.0,0.08,15.0,0.075,0.04746835443037975,0.0,0.01999999998952262,100000.01999999999,0.09,1.5226319188165618,1.0,-0.37,3.0,0.059999999997671694,5.99999759976813e-07,0.0,1.2835820895522387,0.0,0.000999999999476131,0.0013333333326348415,200.0,13.333333333333334,92.0,0.81,microstructure_adaptive,0.0,0.0,15.0,150036
5.820066650841227e-13,0.9300000000000002,2.414141414141414,-0.4899999999621649,420.0,968.0,500.0,48.0,420.0,104.0,25.0,0.15000000000000002,27.0,0.135,0.06818181818181818,0.0,-0.23999999996158294,99999.76000000004,0.11000000000000001,1.0812743541098722,1.0,0.48,3.0,0.23999999997613486,2.3999999997613488e-06,18.0,0.8805970149253731,2.037037037037037,-0.011999999998079148,-0.008888888887466036,200.0,7.407407407407407,93.0,-0.19,naive_symmetric,0.0,0.0,27.0,270037
-3.5506708684351906e-11,0.8100000000000003,2.8535353535353534,-0.37999999993247907,425.0,973.0,500.0,48.0,425.0,102.0,25.0,0.12000000000000002,22.0,0.11,0.05555555555555555,0.0,-0.1999999999679858,99999.80000000003,0.04000000000000001,1.1373356313368792,1.0,0.32,2.0,0.19999999999708962,1.9999999999708963e-06,12.0,0.9651741293532339,1.5,-0.00999999999839929,-0.009090909089453899,200.0,9.090909090909092,93.0,-0.06000000000000001,inventory_skew,0.0,0.0,22.0,220030
-8.149203534202343e-12,0.11,36.26315789473684,-0.4499999999947613,427.0,959.0,484.0,48.0,426.0,85.0,24.0,0.03,4.0,0.02,0.010526315789473684,0.0,0.4499999999970896,100000.45,0.21000000000000008,2.024722817464699,1.0,0.32,3.0,1.0500000000029104,1.0499943300335283e-05,0.0,1.9800995024875623,0.0,0.02249999999985448,0.1124999999992724,200.0,50.0,93.0,0.39999999999999997,avellaneda_stoikov,0.0,0.0,4.0,40062
-1.1641687613916929e-11,0.49,5.848484848484849,-0.3499999999825376,339.0,792.0,406.0,47.0,338.0,95.0,24.0,0.06999999999999999,14.0,0.07,0.046357615894039736,0.0,-0.14999999999417923,99999.85,0.05,1.2094157958139042,0.0,0.0,2.0,0.4399999999877764,4.399999559877808e-06,6.0,1.0746268656716418,0.42857142857142855,-0.007499999999708962,-0.010714285713869945,200.0,14.285714285714286,93.0,0.22000000000000006,microstructure_adaptive,0.0,0.0,14.0,140026
-1.0477396727992527e-11,0.12000000000000001,2.84,-0.1999999999749707,429.0,1000.0,533.0,38.0,429.0,69.0,0.0,0.02,3.0,0.015,0.0075,0.0,1.4551915228366852e-11,100000.00000000001,0.019999999999999997,0.995012437733208,1.0,0.1,2.0,0.02999999998428393,2.9999995484284604e-07,6.0,0.9701492537313433,3.6666666666666665,7.275957614183426e-13,4.850638409455617e-12,200.0,66.66666666666667,94.0,0.1,naive_symmetric,0.0,0.0,3.0,30001
9.313216864370588e-12,0.09,2.865,-0.06,428.0,998.0,533.0,37.0,428.0,68.0,0.0,0.01,2.0,0.01,0.005,0.0,0.010000000009313226,100000.01000000001,0.01,0.30745302597970897,0.0,0.0,1.0,0.014999999999417923,1.4999998499418072e-07,6.0,0.0945273631840796,3.0,0.0005000000004656613,0.005000000004656613,200.0,100.0,94.0,0.07,inventory_skew,0.0,0.0,2.0,20000
0.0,0.0,35.84,0.0,430.0,1000.0,533.0,37.0,430.0,66.0,0.0,0.0,0.0,0.0,0.0,0.0,0.0,100000.0,0.0,0.0,0.0,0.0,0.0,0.0,0.0,0.0,0.0,0.0,0.0,0.0,200.0,0.0,94.0,0.0,avellaneda_stoikov,0.0,0.0,0.0,0
9.313216864370588e-12,0.04,5.675,-0.13000000000407452,359.0,858.0,461.0,38.0,359.0,68.0,0.0,0.01,1.0,0.005,0.003048780487804878,0.0,-0.00999999999476131,99999.99,0.01,0.9798974461519554,1.0,0.1,1.0,0.014999999999417923,1.499999924941796e-07,0.0,0.9601990049751243,0.0,-0.0004999999997380655,-0.00999999999476131,200.0,200.0,94.0,0.02,microstructure_adaptive,0.0,0.0,1.0,10001
2.3865354137342365e-11,0.7100000000000002,2.445,0.6199999999586725,418.0,987.0,520.0,49.0,418.0,112.0,7.0,0.09,16.0,0.08,0.04,0.0,-0.0500000000174623,99999.94999999998,0.009999999999999997,1.396513070550686,1.0,1.3800000000000001,2.0,0.06499999998777639,6.499999673777656e-07,16.0,1.243781094527363,2.8125,-0.002500000000873115,-0.0031250000010913936,200.0,12.5,95.0,-1.9700000000000002,naive_symmetric,0.0,0.0,16.0,159994
-4.074407478071862e-12,0.6300000000000001,2.835,-0.12000000001455202,421.0,990.0,520.0,49.0,421.0,108.0,7.0,0.06999999999999999,13.0,0.065,0.0325,0.0,-0.02000000001862645,99999.97999999998,-0.02,0.7726674092862558,1.0,0.6900000000000001,2.0,0.05499999999301508,5.499999724301523e-07,11.0,0.5771144278606966,2.5384615384615383,-0.0010000000009313225,-0.0015384615398943424,200.0,15.384615384615385,95.0,-0.5000000000000001,inventory_skew,0.0,0.0,13.0,129996
5.238698363996264e-12,0.02,36.135,-0.7100000000093133,433.0,1002.0,520.0,49.0,433.0,96.0,7.0,0.01,1.0,0.005,0.0025,0.0,-0.020000000004074536,99999.98,-0.010000000000000004,0.995012437733208,1.0,0.6900000000000001,1.0,0.03999999999359716,3.999998999359966e-07,10.0,0.9900497512437811,10.0,-0.0010000000002037268,-0.020000000004074536,200.0,200.0,95.0,0.02,avellaneda_stoikov,0.0,0.0,1.0,9998
-5.821121362714621e-12,0.33,5.905,-1.2399999999901046,288.0,720.0,383.0,49.0,288.0,102.0,7.0,0.07,9.0,0.045,0.034220532319391636,0.0,-0.22999999999592546,99999.77,-0.1,2.789461332831696,2.0,3.45,5.0,0.22999999999592546,2.2999996549593065e-06,4.0,2.109452736318408,0.8888888888888888,-0.011499999999796274,-0.02555555555510283,200.0,22.22222222222222,95.0,-2.27,microstructure_adaptive,0.0,0.0,9.0,90003
2.211886229730453e-11,1.4100000000000006,2.405,-0.8900000000005821,417.0,966.0,503.0,46.0,417.0,101.0,1.0,0.17000000000000007,34.0,0.17,0.085,0.0,0.07000000002153683,100000.07000000002,0.18000000000000005,1.1739290663137694,0.0,0.0,3.0,0.08999999998195563,8.999993698199971e-07,8.0,0.7412935323383084,0.5294117647058824,0.003500000001076842,0.002058823530045201,200.0,5.882352941176471,96.0,0.9500000000000001,naive_symmetric,0.0,0.0,34.0,340074
-1.2805756455236406e-11,1.3500000000000005,2.84,-1.0199999999644933,420.0,970.0,503.0,47.0,420.0,101.0,1.0,0.17000000000000007,33.0,0.165,0.0825,0.0,0.04000000002270099,100000.04000000002,0.08000000000000002,0.9489454739013253,1.0,0.28,2.0,0.08999999998195563,8.999994598198801e-07,8.0,0.7711442786069652,0.5454545454545454,0.0020000000011350496,0.0012121212128091208,200.0,6.0606060606060606,96.0,0.87,inventory_skew,0.0,0.0,33.0,330068
-2.328304216092647e-12,0.06,36.485,-0.29999999999126886,452.0,1002.0,503.0,47.0,452.0,71.0,2.0,0.01,1.0,0.005,0.0025,0.0,0.21000000000640284,100000.21,0.06,0.9567773437807457,1.0,0.28,1.0,0.03999999999359716,3.999990599381807e-07,0.0,0.9154228855721394,0.0,0.010500000000320142,0.21000000000640284,200.0,200.0,96.0,0.18,avellaneda_stoikov,0.0,0.0,1.0,9979
2.0373036591081473e-11,0.7200000000000003,5.875,-1.390000000029104,336.0,785.0,402.0,47.0,336.0,87.0,2.0,0.09,16.0,0.08,0.05351170568561873,0.0,0.09999999999126885,100000.09999999999,0.09999999999999985,3.088254107555889,1.0,0.56,5.0,0.16999999999825377,1.6999971099874507e-06,8.0,2.8507462686567164,0.5,0.004999999999563442,0.006249999999454303,200.0,12.5,96.0,0.92,microstructure_adaptive,0.0,0.0,16.0,160025
-1.688027495561073e-11,1.600000000000001,2.395,-1.460000000001164,410.0,964.0,506.0,48.0,410.0,115.0,0.0,0.21000000000000008,39.0,0.195,0.0975,0.0,0.08999999998195563,100000.08999999998,0.31000000000000005,1.78300434032336,1.0,-0.54,4.0,0.14999999999417923,1.4999977499451675e-06,13.0,1.328358208955224,0.6923076923076923,0.004499999999097781,0.0023076923072296316,200.0,5.128205128205129,97.0,1.9899999999999995,naive_symmetric,0.0,0.0,39.0,390193
-4.016276200502489e-11,1.4700000000000009,2.75,-1.109999999954016,412.0,965.0,506.0,47.0,412.0,111.0,0.0,0.18000000000000008,36.0,0.18,0.09,0.0,0.10000000000582077,100000.1,0.16000000000000003,1.1219208829778022,0.0,0.0,3.0,0.11500000000523869,1.1499988500535368e-06,13.0,0.8905472636815921,0.6944444444444444,0.005000000000291038,0.002777777777939466,200.0,5.555555555555555,97.0,1.2299999999999998,inventory_skew,0.0,0.0,36.0,360170
0.0,0.0,36.51,0.0,447.0,1000.0,506.0,47.0,447.0,77.0,0.0,0.0,0.0,0.0,0.0,0.0,0.0,100000.0,0.0,0.0,0.0,0.0,0.0,0.0,0.0,0.0,0.0,0.0,0.0,0.0,200.0,0.0,97.0,0.0,avellaneda_stoikov,0.0,0.0,0.0,0
2.2700841206813038e-11,0.8900000000000003,5.925,-0.5600000000710135,334.0,796.0,414.0,48.0,334.0,99.0,0.0,0.12000000000000004,23.0,0.115,0.07467532467532467,0.0,0.11999999995168764,100000.11999999995,0.039999999999999994,1.0720325234540617,1.0,0.14,2.0,0.0650000000023283,6.499990250247457e-07,6.0,0.8606965174129353,0.2608695652173913,0.005999999997584382,0.005217391302247289,200.0,8.695652173913043,97.0,0.6200000000000002,microstructure_adaptive,0.0,0.0,23.0,230111
4.0742964557693995e-12,0.31000000000000005,2.71,-1.3600000000087311,426.0,991.0,518.0,47.0,425.0,79.0,8.0,0.06999999999999999,12.0,0.06,0.03,0.0,-0.1300000000046566,99999.87,0.02000000000000002,1.7661831686081222,1.0,1.1,2.0,0.13999999999941792,1.3999999999941793e-06,4.0,1.6567164179104477,0.5,-0.006500000000232831,-0.010833333333721384,200.0,16.666666666666668,98.0,0.18000000000000002,naive_symmetric,0.0,0.0,12.0,119998
4.0745185003743245e-12,0.31000000000000005,2.945,-1.3600000000192085,426.0,991.0,518.0,47.0,425.0,79.0,8.0,0.06999999999999999,12.0,0.06,0.03,0.0,-0.11000000001513399,99999.88999999998,0.02000000000000002,1.7661831686081222,1.0,1.1,2.0,0.1200000000098953,1.200000000098953e-06,9.0,1.6567164179104477,1.25,-0.0055000000007567,-0.009166666667927833,200.0,16.666666666666668,98.0,0.2,inventory_skew,0.0,0.0,12.0,120000
-1.8044565841535132e-11,0.11,36.11557788944724,-0.6899999999895227,431.0,994.0,516.0,47.0,431.0,77.0,10.0,0.030000000000000002,5.0,0.025,0.01256281407035176,0.0,0.569999999992433,100000.56999999999,0.09000000000000001,1.2478837807857983,1.0,0.55,3.0,0.2400000000052387,2.39998524014316e-06,0.0,1.1492537313432836,0.0,0.02849999999962165,0.1139999999984866,200.0,40.0,98.0,0.6500000000000001,avellaneda_stoikov,0.0,0.0,5.0,50062
1.3387735364744913e-11,0.29000000000000004,5.985,0.30000000000582083,331.0,798.0,420.0,47.0,331.0,79.0,10.0,0.049999999999999996,9.0,0.045,0.029801324503311258,0.0,0.13000000001920853,100000.13000000002,0.030000000000000006,0.9196581670809035,1.0,-0.56,1.0,0.07499999999708962,7.499989874722631e-07,4.0,0.845771144278607,0.4444444444444444,0.006500000000960427,0.014444444446578726,200.0,22.22222222222222,98.0,0.41,microstructure_adaptive,0.0,0.0,9.0,89993
2.1536550320888637e-11,0.6400000000000001,2.63,-1.4100000000110593,427.0,987.0,512.0,48.0,427.0,91.0,6.0,0.09,16.0,0.08,0.04,0.0,-0.01999999998952262,99999.98000000001,0.07,1.2277877204823169,1.0,0.9400000000000001,3.0,0.10000000002037268,9.999997002038166e-07,10.0,0.9402985074626866,2.0625,-0.000999999999476131,-0.0012499999993451638,200.0,12.5,99.0,0.47,naive_symmetric,0.0,0.0,16.0,160051
1.3387735364744913e-11,0.49,2.92,-1.2200000000029103,430.0,990.0,512.0,48.0,430.0,91.0,6.0,0.06999999999999999,13.0,0.065,0.0325,0.0,-0.01999999998952262,99999.98000000001,0.03,1.0221429055679958,1.0,0.47000000000000003,2.0,0.07500000001164153,7.499999251164227e-07,10.0,0.8756218905472637,2.3846153846153846,-0.000999999999476131,-0.0015384615376555862,200.0,15.384615384615385,99.0,0.7699999999999999,inventory_skew,0.0,0.0,13.0,130039
-2.9103941479036166e-12,0.03,36.345,-0.4899999999982538,442.0,1002.0,512.0,48.0,442.0,83.0,6.0,0.01,1.0,0.005,0.0025,0.0,0.029999999998835847,100000.03,-0.04999999999999999,0.9748070353761843,1.0,0.47000000000000003,1.0,0.07000000000698492,6.999994050703548e-07,0.0,0.9502487562189055,0.0,0.0014999999999417923,0.029999999998835847,200.0,200.0,99.0,0.11,avellaneda_stoikov,0.0,0.0,1.0,10010
-4.0745185003743245e-12,0.33999999999999997,5.94,-0.8500000000052388,342.0,808.0,418.0,48.0,342.0,87.0,6.0,0.04,7.0,0.035,0.02287581699346405,0.0,-0.010000000009313226,99999.98999999999,-0.020000000000000007,1.2948424288008504,1.0,0.47000000000000003,3.0,0.1200000000098953,1.1999994600991961e-06,0.0,1.109452736318408,0.0,-0.0005000000004656613,-0.0014285714299018895,200.0,28.571428571428573,99.0,0.43000000000000005,microstructure_adaptive,0.0,0.0,7.0,70029
