accounting_error,adverse_selection_cost,average_quoted_spread_ticks,executable_mark_adjustment,fees,fill_count,fill_rate,filled_quantity_rate,final_inventory,final_pnl,final_wealth,inventory_mark_to_market,inventory_rms,liquidation_count,liquidation_pnl,max_abs_inventory,max_drawdown,max_drawdown_pct,mean_abs_inventory,pnl_per_second,pnl_per_traded_unit,quote_count,quote_to_trade_ratio,seed,spread_capture,strategy,time_at_inventory_limit,total_traded_quantity,turnover_notional_ticks
1.2223555501122974e-11,-0.12999999999999995,4,1.3969853052131498e-11,0.13000000000000003,26.0,0.13,0.065,0.0,0.7000000000261934,100000.70000000003,0.30999999999999994,3.309116008274552,0.0,0.0,5.0,0.8999999999941792,8.99993385042799e-06,2.7512437810945274,0.03500000000130967,0.026923076924084362,200.0,7.6923076923076925,0.0,0.5200000000000001,naive_symmetric,0.0,26.0,259665
-5.821010340412158e-12,-0.08999999999999997,4.88,2.0372703524174085e-11,0.11000000000000003,21.0,0.105,0.0525,0.0,0.5000000000145519,100000.50000000001,0.15000000000000002,1.5819252707347002,1.0,-0.02,2.0,0.3600000000005821,3.5999773201487036e-06,1.4179104477611941,0.025000000000727596,0.023809523810216757,200.0,9.523809523809524,0.0,0.4800000000000002,inventory_skew,0.0,21.0,209731
0.0,0.0,27.95,-1.1641521080463235e-12,0.01,2.0,0.01,0.005,0.0,0.029999999998835847,100000.03,0.0,0.0,0.0,0.0,0.0,0.0,0.0,0,0.0014999999999417923,0.014999999999417923,200.0,100.0,0.0,0.04,avellaneda_stoikov,0.0,2.0,19960
-2.9105606813573104e-12,-0.06999999999999999,6.235,-1.2805662780168703e-11,0.08,15.0,0.075,0.0375,0.0,0.5299999999842839,100000.52999999998,0.20000000000000012,1.3327112976879405,1.0,-0.02,2.0,0.3600000000005821,3.5999785801332693e-06,1.099502487562189,0.026499999999214197,0.035333333332285596,200.0,13.333333333333334,0.0,0.43000000000000005,microstructure_adaptive,0.0,15.0,149809
2.3281931937901845e-12,-0.06999999999999999,4,-1.1641382302585157e-12,0.12000000000000002,22.0,0.11,0.055,0.0,0.22000000000116415,100000.22,-0.059999999999999956,1.5549631660464482,1.0,-0.04,3.0,0.5299999999842839,5.299984099890541e-06,1.3134328358208955,0.011000000000058208,0.010000000000052916,200.0,9.090909090909092,1.0,0.4400000000000001,naive_symmetric,0.0,22.0,220126
2.328082171487722e-12,-0.06999999999999999,4.84,-3.492435507457259e-12,0.12000000000000002,22.0,0.11,0.055,0.0,0.27999999999883585,100000.28,-0.059999999999999956,1.5549631660464482,1.0,-0.04,3.0,0.5199999999895226,5.199982839951855e-06,1.3134328358208955,0.013999999999941792,0.012727272727219812,200.0,9.090909090909092,1.0,0.5000000000000001,inventory_skew,0.0,22.0,220130
6.402928534599006e-12,-0.02,25.05,-6.402840063701731e-12,0.01,2.0,0.01,0.005,0.0,0.0,100000.0,-0.04000000000000009,0.9874838622020375,0.0,0.0,1.0,0.3100000000122236,3.0999973651244753e-06,0.9751243781094527,0.0,0.0,200.0,100.0,1.0,0.05,avellaneda_stoikov,0.0,2.0,20003
1.746217059839239e-11,-0.12000000000000001,6.295,5.820934012579215e-13,0.09000000000000001,17.0,0.085,0.0425,0.0,0.16000000001804437,100000.16000000002,-0.19999999999999998,2.373149973351853,1.0,-0.02,4.0,0.8099999999976717,8.09997043508463e-06,2.1194029850746268,0.00800000000090222,0.009411764706943786,200.0,11.764705882352942,1.0,0.4700000000000001,microstructure_adaptive,0.0,17.0,170082
-2.502931195635938e-11,-0.039999999999999994,4,1.3969853052131498e-11,0.13000000000000003,26.0,0.13,0.065,0.0,0.9099999999889405,100000.90999999999,0.5199999999999998,1.113016608209084,0.0,0.0,2.0,0.17499999998835847,1.7499840750285021e-06,0.8507462686567164,0.045499999999447024,0.034999999999574635,200.0,7.6923076923076925,2.0,0.5200000000000001,naive_symmetric,0.0,26.0,259488
-2.3285817718488033e-12,0.010000000000000005,4.89,-1.513396699626135e-11,0.12000000000000004,23.0,0.115,0.0575,0.0,0.6999999999825377,100000.69999999998,0.31000000000000016,1.7291760324627972,1.0,-0.02,3.0,0.3150000000023283,3.1499766901957763e-06,1.4975124378109452,0.03499999999912688,0.03043478260793642,200.0,8.695652173913043,2.0,0.5300000000000001,inventory_skew,0.0,23.0,229539
1.746230937627047e-11,-0.02,30.115,-2.2118917808455762e-11,0.03,4.0,0.02,0.01,0.0,0.11999999999534339,100000.12,0.05,0.4783886718903729,1.0,-0.04,3.0,0.034999999988940544,3.4999928239087656e-07,0.08955223880597014,0.005999999999767169,0.029999999998835847,200.0,50.0,2.0,0.13999999999999999,avellaneda_stoikov,0.0,4.0,39921
-1.7462586932026625e-11,0.04000000000000002,6.335,-4.0745219698212765e-12,0.11000000000000003,21.0,0.105,0.0525,0.0,0.9299999999784632,100000.92999999998,0.45000000000000007,1.4299566844499119,1.0,-0.02,3.0,0.16499999999359716,1.6499839950912197e-06,1.2786069651741294,0.04649999999892316,0.04428571428468872,200.0,9.523809523809524,2.0,0.6100000000000002,microstructure_adaptive,0.0,21.0,209597
-3.899913725291526e-11,0.08999999999999997,4,1.9208544477233858e-11,0.14000000000000004,27.0,0.135,0.0675,0.0,0.2599999999802094,100000.25999999998,-0.12000000000000004,1.7718079700089016,1.0,-0.02,4.0,0.33000000001629815,3.299989275197838e-06,1.3582089552238805,0.01299999999901047,0.009629629628896644,200.0,7.407407407407407,3.0,0.5400000000000001,naive_symmetric,0.0,27.0,269928
-1.3969769785404651e-11,0.07999999999999997,4.845,-1.513396699626135e-11,0.12000000000000004,23.0,0.115,0.0575,0.0,0.49999999997089617,100000.49999999997,0.10999999999999976,1.664675427405284,1.0,-0.02,3.0,0.3000000000029104,2.999979450169871e-06,1.3980099502487562,0.024999999998544808,0.021739130433517224,200.0,8.695652173913043,3.0,0.5300000000000001,inventory_skew,0.0,23.0,229930
-4.0745254392682284e-12,-0.01,28.225,1.7462351009633892e-12,0.02,3.0,0.015,0.0075,0.0,0.059999999997671694,100000.06,-0.02,0.3154401489382559,1.0,-0.02,1.0,0.059999999997671694,5.999994299772585e-07,0.09950248756218906,0.0029999999998835845,0.0199999999992239,200.0,66.66666666666667,3.0,0.12,avellaneda_stoikov,0.0,3.0,29992
-1.9208967749761996e-11,0.13,6.325,1.920856529391557e-11,0.1,18.0,0.09,0.045,0.0,0.25,100000.25,-0.12999999999999992,1.6053393497515398,1.0,-0.04,3.0,0.3000000000029104,2.999986650088511e-06,1.3333333333333333,0.0125,0.013888888888888888,200.0,11.11111111111111,3.0,0.5200000000000002,microstructure_adaptive,0.0,18.0,179947
-5.529732227671502e-11,0.07999999999999999,4,5.413315629088089e-11,0.17000000000000004,27.0,0.135,0.0675,0.0,-0.47000000000116415,99999.53,-0.7000000000000001,4.719494871360284,1.0,-0.14,7.0,1.2700000000040745,1.2699893955926213e-05,3.9651741293532337,-0.023500000000058207,-0.017407407407450524,200.0,7.407407407407407,4.0,0.5400000000000001,naive_symmetric,0.0,27.0,270043
-3.783515167832263e-11,0.05999999999999999,4.715,1.746252448198149e-12,0.12000000000000002,22.0,0.11,0.055,0.0,0.17999999996391125,100000.17999999996,-0.14999999999999994,1.347560906975989,1.0,-0.04,2.0,0.17999999999301508,1.7999940599497536e-06,1.0796019900497513,0.008999999998195563,0.008181818180177785,200.0,9.090909090909092,4.0,0.4900000000000001,inventory_skew,0.0,22.0,220036
1.1641555774932755e-12,0.0,26.98,-1.1641521080463235e-12,0.01,1.0,0.005,0.0025,0.0,0.0,100000.0,-0.030000000000000002,0.2639161633805939,1.0,-0.02,1.0,0.07000000000698492,6.999994750702429e-07,0.06965174129353234,0.0,0.0,200.0,200.0,4.0,0.06,avellaneda_stoikov,0.0,1.0,10014
1.571598406968633e-11,0.06999999999999999,6.26,-7.566981763407199e-12,0.07999999999999999,14.0,0.07,0.035,0.0,0.2900000000081491,100000.29000000001,-0.029999999999999964,0.9304147686870865,1.0,-0.04,2.0,0.17999999999301508,1.7999920799649987e-06,0.7164179104477612,0.014500000000407454,0.020714285714867792,200.0,14.285714285714286,4.0,0.44000000000000006,microstructure_adaptive,0.0,14.0,140009
3.2595953713965287e-11,-0.05000000000000003,4,-4.8894416293521203e-11,0.14000000000000004,24.0,0.12,0.06,0.0,0.16999999998370185,100000.16999999998,-0.08999999999999983,3.8232074783989387,1.0,-0.08,7.0,0.5799999999871943,5.799971000016944e-06,3.144278606965174,0.008499999999185093,0.007083333332654244,200.0,8.333333333333334,5.0,0.48000000000000015,naive_symmetric,0.0,24.0,239625
-2.91039969901874e-11,3.469446951953614e-18,4.72,3.08500794354849e-11,0.11000000000000003,21.0,0.105,0.0525,0.0,0.33000000000174623,100000.33,2.42861286636753e-17,2.0576274798347596,1.0,-0.02,4.0,0.28999999999359716,2.8999860800027877e-06,1.4776119402985075,0.016500000000087313,0.015714285714368868,200.0,9.523809523809524,5.0,0.4600000000000002,inventory_skew,0.0,21.0,209675
0.0,0.01,28.275,-2.328307685539599e-12,0.01,2.0,0.01,0.005,0.0,0.059999999997671694,100000.06,0.0,0.07053456158585983,0.0,0.0,1.0,0.0,0.0,0.004975124378109453,0.0029999999998835845,0.029999999998835847,200.0,100.0,5.0,0.07,avellaneda_stoikov,0.0,2.0,19953
-3.492484079714586e-12,-0.01,6.265,-8.731123463112667e-12,0.08,15.0,0.075,0.0375,0.0,0.4399999999877764,100000.43999999999,0.08999999999999991,1.1611454286469296,1.0,-0.02,2.0,0.13999999999941792,1.3999930700284828e-06,0.9303482587064676,0.02199999999938882,0.029333333332518426,200.0,13.333333333333334,5.0,0.4500000000000001,microstructure_adaptive,0.0,15.0,149789
1.9790724614665578e-11,0.019999999999999997,4,-8.731133871453522e-12,0.13000000000000003,25.0,0.125,0.0625,0.0,-0.9099999999889405,99999.09000000001,-1.2600000000000002,2.551947846439122,1.0,-0.02,5.0,1.0950000000011642,1.0950000000011642e-05,2.2039800995024876,-0.045499999999447024,-0.03639999999955762,200.0,8.0,6.0,0.5000000000000001,naive_symmetric,0.0,25.0,250788
6.402989249920665e-12,0.030000000000000006,4.78,1.7462319784611324e-11,0.11000000000000001,20.0,0.1,0.05,0.0,-0.48999999997613486,99999.51000000002,-0.7900000000000003,1.6130685198562533,1.0,-0.04,3.0,0.694999999992433,6.94999999992433e-06,1.2686567164179106,-0.024499999998806744,-0.024499999998806744,200.0,10.0,6.0,0.45000000000000007,inventory_skew,0.0,20.0,200612
6.9848848927023255e-12,0.0,28.355,-3.4924667324798264e-12,0.02,3.0,0.015,0.0075,0.0,0.16000000000349246,100000.16,0.06999999999999999,0.5037175233040658,1.0,-0.02,2.0,0.04000000000814907,3.9999918008317157e-07,0.14427860696517414,0.008000000000174623,0.05333333333449749,200.0,66.66666666666667,6.0,0.13,avellaneda_stoikov,0.0,3.0,30134
3.4927061243195112e-12,0.04000000000000001,6.33,5.820784826360281e-12,0.08,15.0,0.075,0.0375,0.0,-0.4899999999906868,99999.51000000001,-0.8400000000000003,1.8010499977866696,1.0,-0.02,3.0,0.7399999999906868,7.399999629906886e-06,1.5820895522388059,-0.02449999999953434,-0.032666666666045785,200.0,13.333333333333334,6.0,0.45000000000000007,microstructure_adaptive,0.0,15.0,150427
-9.89541781848402e-12,0.02,4,1.9208544477233858e-11,0.14000000000000004,27.0,0.135,0.0675,0.0,0.5100000000093132,100000.51000000001,0.13000000000000003,1.619225292312247,1.0,-0.02,3.0,0.2699999999895226,2.6999842049876267e-06,1.2985074626865671,0.02550000000046566,0.01888888888923382,200.0,7.407407407407407,7.0,0.5400000000000001,naive_symmetric,0.0,27.0,270067
-2.852196256952766e-11,0.02,4.705,1.3969859991025402e-11,0.13000000000000003,25.0,0.125,0.0625,0.0,0.4999999999854481,100000.49999999999,0.1100000000000001,1.1718081448591355,1.0,-0.02,2.0,0.15000000000873115,1.4999915251351946e-06,0.9253731343283582,0.024999999999272403,0.019999999999417924,200.0,8.0,7.0,0.5400000000000001,inventory_skew,0.0,25.0,250051
6.402843533148683e-12,0.01,27.195,-5.23869142510236e-12,0.01,1.0,0.005,0.0025,0.0,-0.029999999998835847,99999.97,-0.04,0.23393667553251238,1.0,-0.02,1.0,0.05000000000291038,4.99999825029165e-07,0.05472636815920398,-0.0014999999999417923,-0.029999999998835847,200.0,200.0,7.0,0.04,avellaneda_stoikov,0.0,1.0,10002
-3.4925395908658174e-12,-0.019999999999999983,6.31,-1.2805683596850415e-11,0.1,17.0,0.085,0.0425,0.0,0.41999999998370185,100000.41999999998,0.09000000000000011,2.1054300797926113,1.0,-0.06,4.0,0.3249999999970896,3.2499761126464686e-06,1.6666666666666667,0.020999999999185094,0.024705882351982462,200.0,11.764705882352942,7.0,0.49,microstructure_adaptive,0.0,17.0,170012
1.455136011685454e-11,-0.060000000000000005,4,-1.8626433728741176e-11,0.16000000000000006,32.0,0.16,0.08,0.0,0.9799999999959255,100000.98,0.5000000000000003,2.004968951757717,0.0,0.0,4.0,0.20500000000174623,2.049979910214342e-06,1.5820895522388059,0.048999999999796276,0.03062499999987267,200.0,6.25,8.0,0.6400000000000002,naive_symmetric,0.0,32.0,320086
-2.5611734955077736e-11,-0.06000000000000001,4.66,3.026801032035564e-11,0.15000000000000005,29.0,0.145,0.0725,0.0,0.6300000000046566,100000.63,0.16000000000000011,1.2458887614751766,1.0,-0.02,2.0,0.14499999998952262,1.4499891249767889e-06,0.9552238805970149,0.03150000000023283,0.021724137931195056,200.0,6.896551724137931,8.0,0.6400000000000002,inventory_skew,0.0,29.0,290070
-5.238698363996264e-12,-0.02,27.105,-2.328307685539599e-12,0.01,2.0,0.01,0.005,0.0,0.069999999992433,100000.06999999999,0.01,0.07053456158585983,0.0,0.0,1.0,0.0,0.0,0.004975124378109453,0.0034999999996216504,0.0349999999962165,200.0,100.0,8.0,0.07,avellaneda_stoikov,0.0,2.0,19974
-2.444766611375826e-11,-0.08,6.2,4.3655780379570075e-11,0.10000000000000002,20.0,0.1,0.05,0.0,0.6300000000192085,100000.63000000002,0.13000000000000012,1.0485716415973632,0.0,0.0,2.0,0.13999999999941792,1.3999911800497447e-06,0.7412935323383084,0.031500000000960426,0.031500000000960426,200.0,10.0,8.0,0.6000000000000003,microstructure_adaptive,0.0,20.0,200085
-6.926748064017829e-11,-0.15,4,7.625206022154885e-11,0.19000000000000006,34.0,0.17,0.085,0.0,0.5700000000069849,100000.57,0.16000000000000003,2.3361745317475897,1.0,-0.08,4.0,0.5800000000017462,5.799953890384033e-06,1.9253731343283582,0.028500000000349246,0.01676470588255838,200.0,5.882352941176471,9.0,0.6800000000000003,naive_symmetric,0.0,34.0,339848
-3.2596592092204446e-11,-0.12000000000000001,4.795,1.280572002604341e-11,0.17000000000000004,30.0,0.15,0.075,0.0,1.2599999999802094,100001.25999999998,0.8400000000000001,1.7001609522870451,1.0,-0.08,5.0,0.3299999999871943,3.299958420395847e-06,1.3383084577114428,0.06299999999901047,0.041999999999340315,200.0,6.666666666666667,9.0,0.6700000000000003,inventory_skew,0.0,30.0,299867
1.7462142842816775e-12,-0.01,27.915,2.4447215085654506e-11,0.030000000000000002,5.0,0.025,0.0125,0.0,0.20000000002619345,100000.20000000003,0.07999999999999999,0.22304986837273527,1.0,-0.02,1.0,0.020000000004074536,1.9999960004154521e-07,0.04975124378109453,0.010000000001309673,0.04000000000523869,200.0,40.0,9.0,0.17,avellaneda_stoikov,0.0,5.0,50043
-2.5029534000964304e-11,-0.11,6.28,1.7462337131846084e-11,0.15000000000000002,26.0,0.13,0.065,0.0,1.069999999992433,100001.06999999999,0.5199999999999999,1.279381069266702,1.0,-0.08,4.0,0.22000000000116415,2.199976460263517e-06,0.9104477611940298,0.05349999999962165,0.041153846153555114,200.0,7.6923076923076925,9.0,0.7800000000000005,microstructure_adaptive,0.0,26.0,259866
-4.423805766151645e-11,0.049999999999999996,4,5.99539029533247e-11,0.15000000000000002,27.0,0.135,0.0675,0.0,0.7200000000157161,100000.72000000002,0.39,1.4694230092452965,1.0,-0.06,4.0,0.1849999999976717,1.8499858475849826e-06,1.1144278606965174,0.036000000000785806,0.026666666667248744,200.0,7.407407407407407,10.0,0.5400000000000001,naive_symmetric,0.0,27.0,268954
-6.868527968606486e-11,0.06999999999999999,4.735,8.265490375469753e-11,0.13000000000000003,24.0,0.12,0.06,0.0,0.6400000000139698,100000.64000000001,0.2700000000000001,1.3512478110125357,1.0,-0.04,3.0,0.17500000000291038,1.7499882751076601e-06,1.0696517412935322,0.03200000000069849,0.026666666667248744,200.0,8.333333333333334,10.0,0.5400000000000001,inventory_skew,0.0,24.0,239087
4.0745185003743245e-12,0.03,29.475,-1.1641521080463235e-12,0.01,1.0,0.005,0.0025,0.0,0.05000000000291038,100000.05,0.020000000000000018,0.30745302597970897,1.0,-0.02,1.0,0.07000000000698492,6.999995450701449e-07,0.0945273631840796,0.002500000000145519,0.05000000000291038,200.0,200.0,10.0,0.06,avellaneda_stoikov,0.0,1.0,9959
1.5133727604421665e-11,0.05,6.295,-3.899911643623355e-11,0.1,17.0,0.085,0.0425,0.0,0.48999999997613486,100000.48999999998,0.11,0.9798974461519554,1.0,-0.06,3.0,0.13999999999941792,1.399992510034251e-06,0.6119402985074627,0.024499999998806744,0.028823529410360874,200.0,11.764705882352942,10.0,0.5400000000000003,microstructure_adaptive,0.0,17.0,169352
3.25959814695409e-11,-0.010000000000000005,4,-3.958118555136281e-11,0.2000000000000001,38.0,0.19,0.095,0.0,0.17999999999301508,100000.18,-0.33999999999999997,2.4444067538176726,1.0,-0.04,5.0,0.4250000000029104,4.249983212595413e-06,2.014925373134328,0.008999999999650754,0.004736842105079344,200.0,5.2631578947368425,11.0,0.7600000000000003,naive_symmetric,0.0,38.0,380164
-1.7463808177353712e-12,0.010000000000000002,4.675,-2.386511474550268e-11,0.16000000000000006,31.0,0.155,0.0775,0.0,0.6599999999743886,100000.65999999997,0.16999999999999993,1.078971317727034,1.0,-0.02,2.0,0.10499999999592546,1.0499927025099724e-06,0.835820895522388,0.03299999999871943,0.02129032257981899,200.0,6.451612903225806,11.0,0.6700000000000003,inventory_skew,0.0,31.0,310110
9.895403940696212e-12,-0.02,27.525,-1.45519117589199e-11,0.01,1.0,0.005,0.0025,0.0,0.11999999999534339,100000.12,0.11999999999999993,0.9899997487310601,1.0,-0.02,1.0,0.22000000000116415,2.199995930019171e-06,0.9800995024875622,0.005999999999767169,0.11999999999534339,200.0,200.0,11.0,0.03,avellaneda_stoikov,0.0,1.0,10005
-2.2118973319606994e-11,0.01999999999999999,6.29,1.455192910615466e-11,0.12000000000000002,22.0,0.11,0.055,0.0,0.819999999992433,100000.81999999999,0.31999999999999995,1.4946005639538427,1.0,-0.04,4.0,0.16000000000349246,1.5999848001793229e-06,1.0696517412935322,0.04099999999962165,0.037272727272383316,200.0,9.090909090909092,11.0,0.6600000000000001,microstructure_adaptive,0.0,22.0,220116
-3.026816297602153e-11,-0.17000000000000004,4,2.153685563222041e-11,0.16000000000000003,28.0,0.14,0.07,0.0,0.09999999999126885,100000.09999999999,-0.22,4.191320099813957,1.0,-0.08,8.0,1.2250000000058208,1.2249877501283195e-05,3.4079601990049753,0.004999999999563442,0.003571428571116745,200.0,7.142857142857143,12.0,0.5600000000000002,naive_symmetric,0.0,28.0,279972
-5.821010340412158e-12,-0.13,4.81,-6.984895301043181e-12,0.12000000000000004,24.0,0.12,0.06,0.0,0.3299999999871943,100000.32999999999,-0.09999999999999995,2.019802463125974,0.0,0.0,4.0,0.4250000000029104,4.249972375208665e-06,1.6616915422885572,0.016499999999359714,0.01374999999946643,200.0,8.333333333333334,12.0,0.5500000000000003,inventory_skew,0.0,24.0,239973
-5.820951359813975e-13,-0.01,27.42,9.895303326734606e-12,0.01,2.0,0.01,0.005,0.0,0.010000000009313226,100000.01000000001,-0.10999999999999999,0.451641560867119,0.0,0.0,1.0,0.19999999999708962,1.999998099972701e-06,0.20398009950248755,0.0005000000004656613,0.005000000004656613,200.0,100.0,12.0,0.13,avellaneda_stoikov,0.0,2.0,20000
7.567058091240142e-12,-0.11,6.3,3.085005861880319e-11,0.09,15.0,0.075,0.03865979381443299,0.0,0.26000000003841706,100000.26000000004,-0.07,2.7983648388200346,1.0,-0.06,5.0,0.8150000000023283,8.149935208038377e-06,2.298507462686567,0.013000000001920854,0.01733333333589447,200.0,13.333333333333334,12.0,0.48,microstructure_adaptive,0.0,15.0,149972
2.153671685434233e-11,-0.049999999999999996,4,-1.9208509782764338e-11,0.15000000000000005,28.0,0.14,0.07,0.0,0.4400000000023283,100000.44,0.06999999999999997,0.810380415552133,1.0,-0.04,2.0,0.1299999999901047,1.2999928499403722e-06,0.5373134328358209,0.022000000000116416,0.015714285714368868,200.0,7.142857142857143,13.0,0.5600000000000002,naive_symmetric,0.0,28.0,280273
2.153671685434233e-11,-0.049999999999999996,4.48,-2.4447197738419746e-11,0.15000000000000005,28.0,0.14,0.07,0.0,0.4499999999970896,100000.45,0.06999999999999997,0.810380415552133,1.0,-0.04,2.0,0.1299999999901047,1.2999927199418153e-06,0.5373134328358209,0.02249999999985448,0.01607142857132463,200.0,7.142857142857143,13.0,0.5700000000000002,inventory_skew,0.0,28.0,280272
-5.23869142510236e-12,-0.02,23.995,-1.1641521080463235e-12,0.01,2.0,0.01,0.005,0.0,0.03999999999359716,100000.04,0.01,0.07053456158585983,0.0,0.0,1.0,0.0,0.0,0.004975124378109453,0.0019999999996798577,0.01999999999679858,200.0,100.0,13.0,0.04,avellaneda_stoikov,0.0,2.0,19999
1.2223333456518048e-11,-0.00999999999999999,6.15,-2.96858752857343e-11,0.1,18.0,0.09,0.045,0.0,0.4499999999825377,100000.44999999998,0.0599999999999999,0.7948841399977109,1.0,-0.04,2.0,0.10000000000582077,9.999944000895674e-07,0.5124378109452736,0.022499999999126885,0.02499999999902987,200.0,11.11111111111111,13.0,0.5300000000000002,microstructure_adaptive,0.0,18.0,180183
4.656597329955048e-11,-0.09,4,-3.026796868699222e-11,0.12000000000000002,22.0,0.11,0.055,0.0,0.33000000001629815,100000.33000000002,0.05,1.0366421106976322,1.0,-0.04,2.0,0.13999999999941792,1.399993280026435e-06,0.8059701492537313,0.016500000000814908,0.015000000000740825,200.0,9.090909090909092,14.0,0.4400000000000001,naive_symmetric,0.0,22.0,220087
1.5715873047383866e-11,-0.06999999999999999,4.555,-6.4028227164669715e-12,0.11000000000000001,20.0,0.1,0.05,0.0,0.2600000000093132,100000.26000000001,-0.030000000000000002,1.2318331605064798,1.0,-0.04,3.0,0.20000000001164153,1.9999918001500348e-06,0.8606965174129353,0.013000000000465662,0.013000000000465662,200.0,10.0,14.0,0.44000000000000017,inventory_skew,0.0,20.0,200085
-2.3282487049414158e-12,0.0,27.585,1.7462212231755814e-12,0.01,2.0,0.01,0.005,0.0,0.13999999999941792,100000.14,0.05999999999999997,0.9515632594924629,0.0,0.0,1.0,0.16000000000349246,1.5999967200416485e-06,0.9054726368159204,0.006999999999970896,0.06999999999970896,200.0,100.0,14.0,0.09,avellaneda_stoikov,0.0,2.0,20005
2.328165438214569e-12,0.0,6.345,-2.095473447538687e-11,0.07999999999999999,14.0,0.07,0.035,0.0,0.22999999998137355,100000.22999999998,-0.059999999999999984,0.9671211832467413,1.0,-0.04,2.0,0.13999999999941792,1.3999946800143954e-06,0.7562189054726368,0.011499999999068677,0.016428571427240968,200.0,14.285714285714286,14.0,0.4100000000000001,microstructure_adaptive,0.0,14.0,140051
-6.344635927746367e-11,-0.04999999999999999,4,5.005859615714314e-11,0.15000000000000002,24.0,0.12,0.06,0.0,0.7199999999866122,100000.71999999999,0.5099999999999998,3.1409666731423695,1.0,-0.12,6.0,0.6600000000034925,6.599914861133217e-06,2.4328358208955225,0.03599999999933061,0.029999999999442178,200.0,8.333333333333334,15.0,0.48000000000000015,naive_symmetric,0.0,24.0,240053
1.3969825296555882e-11,-0.019999999999999983,4.75,5.2387157112310234e-12,0.11000000000000001,18.0,0.09,0.045,0.0,0.6300000000192085,100000.63000000002,0.3899999999999999,2.0804706700540683,1.0,-0.08,4.0,0.4399999999877764,4.399955560326604e-06,1.572139303482587,0.031500000000960426,0.03500000000106714,200.0,11.11111111111111,15.0,0.43000000000000005,inventory_skew,0.0,18.0,180038
0.0,0.0,30.19,0.0,0.0,0.0,0.0,0.0,0.0,0.0,100000.0,0.0,0.0,0.0,0.0,0.0,0.0,0.0,0,0.0,0.0,200.0,0.0,15.0,0.0,avellaneda_stoikov,0.0,0.0,0
1.8626322706438714e-11,-0.019999999999999983,6.47,-2.9685903041309913e-11,0.1,17.0,0.085,0.0425,0.0,0.6599999999889405,100000.65999999999,0.2699999999999999,1.9483377275250593,1.0,-0.06,3.0,0.33000000000174623,3.299968815312158e-06,1.5572139303482586,0.03299999999944703,0.03882352941111415,200.0,11.764705882352942,15.0,0.5500000000000002,microstructure_adaptive,0.0,17.0,170040
-7.043121641459038e-11,-0.18,4,5.937184077708935e-11,0.18000000000000005,28.0,0.14,0.07,0.0,1.1599999999889405,100001.15999999999,0.9399999999999998,3.477003341788151,1.0,-0.16,8.0,0.6650000000081491,6.649883294629669e-06,2.985074626865672,0.05799999999944703,0.04142857142817645,200.0,7.142857142857143,16.0,0.5600000000000002,naive_symmetric,0.0,28.0,280666
-1.6298296046102223e-11,-0.15,4.965,2.8521792566627013e-11,0.14000000000000004,24.0,0.12,0.06,0.0,1.3100000000122236,100001.31000000001,0.92,2.513644358336916,1.0,-0.08,4.0,0.41000000000349246,4.099930711205905e-06,2.2786069651741294,0.06550000000061118,0.05458333333384265,200.0,8.333333333333334,16.0,0.6100000000000003,inventory_skew,0.0,24.0,240511
-8.149064756324265e-12,0.0,26.32,1.8626451075975936e-11,0.02,2.0,0.01,0.005,0.0,-0.01999999998952262,99999.98000000001,-0.04000000000000001,0.2821382463434393,1.0,-0.04,2.0,0.06000000001222361,5.999994901226696e-07,0.06965174129353234,-0.000999999999476131,-0.00999999999476131,200.0,100.0,16.0,0.08,avellaneda_stoikov,0.0,2.0,20072
1.397015836346327e-11,-0.13,6.36,2.91038235178398e-11,0.12000000000000002,21.0,0.105,0.053164556962025315,0.0,1.3900000000430737,100001.39000000004,0.8899999999999997,2.4586126411866887,1.0,-0.06,5.0,0.35999999998603016,3.5999380809253086e-06,2.1641791044776117,0.06950000000215369,0.06619047619252731,200.0,9.523809523809524,16.0,0.6800000000000003,microstructure_adaptive,0.0,21.0,210465
-1.0477618772597452e-11,0.030000000000000006,4,1.3877787807814457e-17,0.15000000000000002,25.0,0.125,0.0625,0.0,0.2699999999895226,100000.26999999999,0.02000000000000013,3.6069308627635515,1.0,-0.1,6.0,0.7600000000238651,7.5999395807189835e-06,3.009950248756219,0.01349999999947613,0.010799999999580905,200.0,8.0,17.0,0.5000000000000001,naive_symmetric,0.0,25.0,249841
1.2805700944085174e-11,0.020000000000000004,4.55,-1.688020556667169e-11,0.11000000000000003,21.0,0.105,0.0525,0.0,0.22999999999592546,100000.23,-0.08000000000000004,0.8949832539637945,1.0,-0.02,2.0,0.1900000000023283,1.8999930650485955e-06,0.6318407960199005,0.011499999999796274,0.010952380952186928,200.0,9.523809523809524,17.0,0.44000000000000006,inventory_skew,0.0,21.0,209877
-9.313227272711444e-12,0.01,29.87,5.23869142510236e-12,0.01,1.0,0.005,0.0025,0.0,-0.020000000004074536,99999.98,-0.01,0.0,1.0,-0.02,0.0,0.010000000009313226,1.0000000009313226e-07,0,-0.0010000000002037268,-0.020000000004074536,200.0,200.0,17.0,0.02,avellaneda_stoikov,0.0,1.0,9994
2.5029145422905685e-11,-0.009999999999999997,6.32,-2.386511474550268e-11,0.06999999999999999,12.0,0.06,0.03,0.0,0.47000000000116415,100000.47,0.22999999999999993,1.2237289069932709,1.0,-0.04,2.0,0.22500000000582077,2.2499863876405626e-06,0.9800995024875622,0.023500000000058207,0.03916666666676368,200.0,16.666666666666668,17.0,0.3500000000000001,microstructure_adaptive,0.0,12.0,119916
4.0746073182162945e-11,-0.1,4,-2.7939650593111764e-11,0.18000000000000005,28.0,0.14,0.07,0.0,1.1700000000128057,100001.17000000001,0.9499999999999993,5.6770463906324595,1.0,-0.16,9.0,0.6300000000046566,6.299874947528856e-06,5.263681592039801,0.05850000000064028,0.04178571428617163,200.0,7.142857142857143,18.0,0.5600000000000002,naive_symmetric,0.0,28.0,280147
5.820677273504771e-12,-0.029999999999999985,4.805,-7.566976559236771e-12,0.13000000000000003,23.0,0.115,0.0575,0.0,-0.08000000000174623,99999.92,-0.4,2.607871742412886,1.0,-0.06,5.0,0.3600000000005821,3.599989920034045e-06,2.084577114427861,-0.004000000000087311,-0.0034782608696411403,200.0,8.695652173913043,18.0,0.5100000000000001,inventory_skew,0.0,23.0,230148
9.313244619946204e-12,0.0,31.81,-6.402840063701731e-12,0.01,2.0,0.01,0.005,0.0,-0.19999999999708962,99999.8,-0.24000000000000002,0.9899997487310601,0.0,0.0,1.0,0.3700000000098953,3.699997595100516e-06,0.9800995024875622,-0.009999999999854481,-0.09999999999854481,200.0,100.0,18.0,0.05,avellaneda_stoikov,0.0,2.0,20023
1.862621168413625e-11,-0.04999999999999999,6.37,1.6298160737671097e-11,0.1,17.0,0.085,0.0425,0.0,0.1000000000349246,100000.10000000003,-0.22999999999999984,2.666355703262115,1.0,-0.06,4.0,0.3600000000005821,3.599983980077108e-06,2.174129353233831,0.00500000000174623,0.005882352943230858,200.0,11.764705882352942,18.0,0.4900000000000001,microstructure_adaptive,0.0,17.0,170059
-5.587930118622353e-11,0.05999999999999999,4,3.2596307597554386e-11,0.15000000000000005,29.0,0.145,0.0725,0.0,0.8499999999767169,100000.84999999998,0.43999999999999995,1.2277877204823169,1.0,-0.02,3.0,0.180000000007567,1.799983800221468e-06,0.8407960199004975,0.042499999998835844,0.029310344826783342,200.0,6.896551724137931,19.0,0.5800000000000002,naive_symmetric,0.0,29.0,289656
-1.33880684316523e-11,0.07999999999999999,4.7,6.402867819277347e-12,0.13000000000000003,26.0,0.13,0.065,0.0,0.9299999999930151,100000.93,0.47000000000000003,1.3308434463177723,0.0,0.0,3.0,0.17000000001280569,1.6999824903084064e-06,1.0348258706467661,0.04649999999965075,0.035769230768962115,200.0,7.6923076923076925,19.0,0.5900000000000002,inventory_skew,0.0,26.0,259704
-2.9103872090097127e-12,0.01,28.335,-5.23869142510236e-12,0.01,1.0,0.005,0.0025,0.0,-0.04000000000814907,99999.95999999999,-0.049999999999999996,0.22304986837273527,1.0,-0.02,1.0,0.05000000000291038,4.99999825029165e-07,0.04975124378109453,-0.0020000000004074536,-0.04000000000814907,200.0,200.0,19.0,0.04,avellaneda_stoikov,0.0,1.0,9967
1.3969825296555882e-11,0.019999999999999997,6.305,-3.492435507457259e-12,0.08,15.0,0.075,0.0375,0.0,0.7300000000104774,100000.73000000001,0.3899999999999999,1.3252240963220663,1.0,-0.02,3.0,0.20000000001164153,1.999983000260913e-06,1.0398009950248757,0.03650000000052387,0.04866666666736516,200.0,13.333333333333334,19.0,0.44000000000000006,microstructure_adaptive,0.0,15.0,149877
1.280547889948025e-11,-0.04000000000000001,4,-6.984912648277941e-12,0.14,22.0,0.11,0.055,0.0,-0.14999999999417923,99999.85,-0.3299999999999999,4.566261738956356,1.0,-0.12,7.0,1.179999999993015,1.179991976047578e-05,4.104477611940299,-0.007499999999708962,-0.006818181817917238,200.0,9.090909090909092,20.0,0.4400000000000001,naive_symmetric,0.0,22.0,220191
-3.143227345070443e-11,-0.04000000000000001,4.805,2.386517025665391e-11,0.12000000000000002,20.0,0.1,0.05,0.0,0.069999999992433,100000.06999999999,-0.18999999999999997,2.9582501214560146,1.0,-0.08,5.0,0.7300000000104774,7.299960580317639e-06,2.572139303482587,0.0034999999996216504,0.0034999999996216504,200.0,10.0,20.0,0.4600000000000001,inventory_skew,0.0,20.0,200181
0.0,0.0,26.29,0.0,0.0,0.0,0.0,0.0,0.0,0.0,100000.0,0.0,0.0,0.0,0.0,0.0,0.0,0.0,0,0.0,0.0,200.0,0.0,20.0,0.0,avellaneda_stoikov,0.0,0.0,0
-1.920849590497653e-11,-0.02,6.38,4.7730291941050496e-11,0.09,14.0,0.07,0.035,0.0,0.14000000002852175,100000.14000000003,-0.13000000000000003,2.4626564147106316,1.0,-0.08,4.0,0.6849999999976717,6.8499626676801775e-06,2.144278606965174,0.007000000001426088,0.010000000002037268,200.0,14.285714285714286,20.0,0.44,microstructure_adaptive,0.0,14.0,140129
-1.5134171693631515e-11,0.11,4,4.889443017130901e-11,0.20000000000000007,31.0,0.155,0.07769423558897243,0.0,0.13000000003376044,100000.13000000003,-0.11000000000000004,3.8303579194436614,1.0,-0.18,10.0,0.5350000000180444,5.349980740249777e-06,2.91044776119403,0.006500000001688022,0.00419354838818582,200.0,6.451612903225806,21.0,0.6200000000000002,naive_symmetric,0.004975124378109453,31.0,310708
1.6297962979194835e-11,0.07,4.915,-2.968587008156387e-11,0.15000000000000002,26.0,0.13,0.065,0.0,0.46999999998661224,100000.46999999999,0.07999999999999995,1.8635012250922718,1.0,-0.08,5.0,0.28500000000349246,2.849984895114981e-06,1.6119402985074627,0.023499999999330612,0.018076923076408163,200.0,7.6923076923076925,21.0,0.6200000000000002,inventory_skew,0.0,26.0,260558
1.0477389789098623e-11,0.02,28.53,-2.2118917808455762e-11,0.01,2.0,0.01,0.005,0.0,0.04999999998835847,100000.04999999999,-0.02,0.07053456158585983,0.0,0.0,1.0,0.01999999998952262,1.9999989989527629e-07,0.004975124378109453,0.0024999999994179236,0.024999999994179234,200.0,100.0,21.0,0.08,avellaneda_stoikov,0.0,2.0,20072
1.920830161594722e-11,0.04000000000000001,6.23,-4.307364881439568e-11,0.1,17.0,0.085,0.0425,0.0,0.7399999999761349,100000.73999999998,0.3799999999999999,1.3749717319572763,1.0,-0.06,4.0,0.11999999999534339,1.199990580027381e-06,1.164179104477612,0.036999999998806744,0.04352941176330205,200.0,11.764705882352942,21.0,0.5200000000000002,microstructure_adaptive,0.0,17.0,170391
2.735765780581545e-11,-0.039999999999999994,4,-6.4028227164669715e-12,0.15000000000000002,26.0,0.13,0.065,0.0,-0.03999999997904524,99999.96000000002,-0.3300000000000002,5.32290647422377,1.0,-0.08,8.0,1.5500000000029104,1.5499755103898458e-05,4.791044776119403,-0.001999999998952262,-0.0015384615376555862,200.0,7.6923076923076925,22.0,0.5200000000000001,naive_symmetric,0.0,26.0,260237
3.143219018397758e-11,-0.06999999999999999,4.815,-1.97905858367875e-11,0.1,18.0,0.09,0.045,0.0,0.7000000000116415,100000.70000000001,0.43999999999999995,1.4053911833042971,1.0,-0.04,3.0,0.22999999999592546,2.2999827500886288e-06,1.1890547263681592,0.03500000000058208,0.03888888888953564,200.0,11.11111111111111,22.0,0.4,inventory_skew,0.0,18.0,180136
-1.047738285020472e-11,0.0,28.405,1.2223611012274205e-11,0.02,3.0,0.015,0.0075,0.0,0.08000000000174623,100000.08,0.02,0.21160368475757949,1.0,-0.02,1.0,0.029999999998835847,2.999996849886892e-07,0.04477611940298507,0.004000000000087311,0.026666666667248744,200.0,66.66666666666667,22.0,0.1,avellaneda_stoikov,0.0,3.0,30009
8.148814956143724e-12,-0.05,6.265,5.820791765254185e-12,0.08,15.0,0.075,0.0375,0.0,0.6400000000139698,100000.64000000001,0.29000000000000004,1.619225292312247,1.0,-0.02,3.0,0.3049999999930151,3.049979717565028e-06,1.308457711442786,0.03200000000069849,0.04266666666759799,200.0,13.333333333333334,22.0,0.4500000000000002,microstructure_adaptive,0.0,15.0,150095
1.1641243524707079e-11,-0.029999999999999992,4,-3.8999109497339646e-11,0.18000000000000005,32.0,0.16,0.08,0.0,0.5799999999726424,100000.57999999997,0.2,3.072911659916657,1.0,-0.08,5.0,0.7899999999935972,7.899924555656466e-06,2.746268656716418,0.02899999999863212,0.018124999999145075,200.0,6.25,23.0,0.6400000000000002,naive_symmetric,0.0,32.0,319668
-2.220446049250313e-16,-0.039999999999999994,4.815,-2.3865111276055728e-11,0.13000000000000003,26.0,0.13,0.065,0.0,0.48999999997613486,100000.48999999998,-1.249000902703301e-16,1.8913261029924735,0.0,0.0,4.0,0.5899999999965075,5.899966075160144e-06,1.5572139303482586,0.024499999998806744,0.018846153845235955,200.0,7.6923076923076925,23.0,0.6200000000000003,inventory_skew,0.0,26.0,259756
-6.98485713712671e-12,0.0,28.4,-2.328307685539599e-12,0.01,2.0,0.01,0.005,0.0,0.23999999999068677,100000.23999999999,0.17999999999999994,0.9671211832467413,0.0,0.0,1.0,0.19999999999708962,1.9999940999883013e-06,0.9353233830845771,0.011999999999534338,0.11999999999534339,200.0,100.0,23.0,0.07,avellaneda_stoikov,0.0,2.0,19981
-7.567335646996298e-12,-0.05000000000000001,6.27,-3.958120289859757e-11,0.11000000000000003,21.0,0.105,0.0525,0.0,0.3399999999528518,100000.33999999995,-0.17999999999999985,1.5677089789836856,1.0,-0.02,4.0,0.5749999999970896,5.749974125087336e-06,1.1144278606965174,0.01699999999764259,0.016190476188231037,200.0,9.523809523809524,23.0,0.6500000000000002,microstructure_adaptive,0.0,21.0,209801
-6.228240145844666e-11,-0.039999999999999994,4,1.0186343435414358e-10,0.19000000000000006,30.0,0.15,0.075,0.0,1.2300000000395812,100001.23000000004,0.9800000000000001,3.133036928925344,1.0,-0.16,8.0,0.34999999999126885,3.4999471507107113e-06,2.1044776119402986,0.06150000000197906,0.04100000000131938,200.0,6.666666666666667,24.0,0.6000000000000002,naive_symmetric,0.0,30.0,300670
1.6298074001497298e-11,-0.009999999999999997,4.58,9.895329347586745e-12,0.13000000000000003,24.0,0.12,0.06,0.0,0.7000000000261934,100000.70000000003,0.3299999999999999,1.4862554369557734,1.0,-0.04,5.0,0.2649999999994179,2.6499795951512956e-06,0.9950248756218906,0.03500000000130967,0.02916666666775806,200.0,8.333333333333334,24.0,0.5400000000000001,inventory_skew,0.0,24.0,240529
0.0,0.0,26.87,0.0,0.0,0.0,0.0,0.0,0.0,0.0,100000.0,0.0,0.0,0.0,0.0,0.0,0.0,0.0,0,0.0,0.0,200.0,0.0,24.0,0.0,avellaneda_stoikov,0.0,0.0,0
-1.6298074001497298e-11,-0.019999999999999997,6.31,7.567012988429767e-12,0.1,18.0,0.09,0.045,0.0,0.34999999999126885,100000.34999999999,-0.08000000000000015,1.839316334161807,1.0,-0.04,4.0,0.4150000000081491,4.149982570154696e-06,1.6019900497512438,0.01749999999956344,0.01944444444395938,200.0,11.11111111111111,24.0,0.5700000000000001,microstructure_adaptive,0.0,18.0,180397
-3.0850211274469075e-11,-0.07,4,9.313244619946204e-12,0.17000000000000007,34.0,0.17,0.085,0.0,0.42999999997846317,100000.42999999998,-0.08000000000000006,1.358591603197446,0.0,0.0,4.0,0.22999999999592546,2.299989075011149e-06,0.9900497512437811,0.02149999999892316,0.012647058822895976,200.0,5.882352941176471,25.0,0.6800000000000003,naive_symmetric,0.0,34.0,340340
4.481959248181511e-11,-0.04999999999999999,4.655,-2.6193418961595327e-11,0.16000000000000006,32.0,0.16,0.08,0.0,0.5200000000186265,100000.52000000002,-0.029999999999999975,1.2216944435630523,0.0,0.0,3.0,0.17999999999301508,1.7999898299876112e-06,0.9253731343283582,0.026000000000931323,0.016250000000582077,200.0,6.25,25.0,0.7100000000000003,inventory_skew,0.0,32.0,320332
-8.149064756324265e-12,-0.01,26.615,8.73114774924133e-12,0.01,2.0,0.01,0.005,0.0,0.11000000000058208,100000.11,-0.04000000000000002,0.8949832539637945,0.0,0.0,1.0,0.28999999999359716,2.899995794942069e-06,0.8009950248756219,0.005500000000029104,0.05500000000029104,200.0,100.0,25.0,0.16,avellaneda_stoikov,0.0,2.0,20010
4.0745185003743245e-11,0.05,6.135,-1.5716032641943656e-11,0.11000000000000003,22.0,0.11,0.055,0.0,0.4800000000250293,100000.48000000003,-0.049999999999999996,0.9773555548504418,0.0,0.0,3.0,0.08999999999650754,8.999956799858112e-07,0.6567164179104478,0.024000000001251465,0.021818181819319514,200.0,9.090909090909092,25.0,0.6400000000000002,microstructure_adaptive,0.0,22.0,220199
2.3281793160023767e-12,-0.2,4,-4.016326160538597e-11,0.19000000000000006,34.0,0.17,0.085,0.0,0.09999999996216502,100000.09999999996,-0.3100000000000001,2.121906586584116,1.0,-0.08,5.0,0.375,3.749986500048601e-06,1.626865671641791,0.004999999998108251,0.002941176469475442,200.0,5.882352941176471,26.0,0.6800000000000003,naive_symmetric,0.0,34.0,339051
7.566697268757139e-12,-0.2,4.76,-1.1641495059611096e-11,0.19000000000000006,35.0,0.175,0.0875,0.0,0.22999999999592546,100000.23,-0.32000000000000006,2.0672764306681435,1.0,-0.06,5.0,0.33000000000174623,3.2999848200872903e-06,1.5970149253731343,0.011499999999796274,0.006571428571312156,200.0,5.714285714285714,26.0,0.8000000000000004,inventory_skew,0.0,35.0,348993
-4.07454625594994e-12,-0.02,29.87,8.731161627029138e-12,0.02,2.0,0.01,0.005,0.0,0.1300000000046566,100000.13,-0.01999999999999999,0.7563989049982733,1.0,-0.04,2.0,0.16000000000349246,1.5999961600441403e-06,0.40298507462686567,0.006500000000232831,0.0650000000023283,200.0,100.0,26.0,0.21,avellaneda_stoikov,0.0,2.0,19895
6.984496314643707e-12,-0.14,6.375,-3.550666011209458e-11,0.14000000000000004,24.0,0.12,0.06217616580310881,0.0,0.10999999997147825,100000.10999999997,-0.4299999999999999,2.3489173964453034,1.0,-0.08,5.0,0.375,3.749985562555585e-06,1.8059701492537314,0.005499999998573912,0.004583333332144927,200.0,8.333333333333334,26.0,0.7600000000000003,microstructure_adaptive,0.0,24.0,239367
-5.704370309445039e-11,0.04999999999999998,4,7.508790117460862e-11,0.16000000000000006,31.0,0.155,0.0775,0.0,1.6600000000180444,100001.66000000002,1.22,2.5057148611073305,1.0,-0.02,5.0,0.47999999999592546,4.799905201831517e-06,2.0199004975124377,0.08300000000090221,0.05354838709735627,200.0,6.451612903225806,27.0,0.6200000000000002,naive_symmetric,0.0,31.0,309901
3.6670444458763995e-11,0.09999999999999999,4.775,-3.3760418072237286e-11,0.13000000000000003,24.0,0.12,0.06,0.0,0.8000000000029104,100000.8,0.4300000000000002,1.2538497930304837,1.0,-0.04,3.0,0.29999999998835847,2.9999691002018524e-06,1.0348258706467661,0.040000000000145516,0.0333333333334546,200.0,8.333333333333334,27.0,0.5400000000000001,inventory_skew,0.0,24.0,239953
-1.0477230194538834e-11,0.0,26.43,9.313223803264492e-12,0.01,1.0,0.005,0.0025,0.0,0.27999999999883585,100000.28,0.2699999999999999,0.9798974461519554,1.0,-0.02,1.0,0.22999999999592546,2.299991604989896e-06,0.9601990049751243,0.013999999999941792,0.27999999999883585,200.0,200.0,27.0,0.04,avellaneda_stoikov,0.0,1.0,10002
-9.313438908975513e-12,0.060000000000000005,6.28,8.731175504816946e-12,0.08,16.0,0.08,0.04,0.0,0.6399999999994179,100000.64,0.24000000000000007,0.7758801774444581,0.0,0.0,2.0,0.16000000000349246,1.5999876001310233e-06,0.5920398009950248,0.0319999999999709,0.03999999999996362,200.0,12.5,27.0,0.4800000000000001,microstructure_adaptive,0.0,16.0,160000
2.502931195635938e-11,-0.09999999999999998,4,-3.84170611988921e-11,0.20000000000000007,31.0,0.155,0.0775,0.0,1.4699999999866122,100001.46999999999,1.2299999999999998,4.263112636704997,1.0,-0.18,9.0,0.5099999999947613,5.0999104965183994e-06,2.9800995024875623,0.07349999999933061,0.04741935483827781,200.0,6.451612903225806,28.0,0.6200000000000002,naive_symmetric,0.0,31.0,310510
-1.86266557733461e-11,-0.05999999999999998,4.675,-5.820741458273382e-12,0.13000000000000003,25.0,0.125,0.0625,0.0,0.8799999999755528,100000.87999999998,0.4800000000000001,2.427044965319265,1.0,-0.02,5.0,0.27999999999883585,2.7999739602305288e-06,1.8109452736318408,0.04399999999877764,0.03519999999902211,200.0,8.0,28.0,0.5500000000000002,inventory_skew,0.0,25.0,250378
-4.074534112885608e-12,-0.01,29.78,9.313223803264492e-12,0.01,1.0,0.005,0.0025,0.0,-0.00999999999476131,99999.99,-0.02,0.18661690879115475,1.0,-0.02,1.0,0.05000000000291038,4.99999675029315e-07,0.03482587064676617,-0.0004999999997380655,-0.00999999999476131,200.0,200.0,28.0,0.04,avellaneda_stoikov,0.0,1.0,10035
2.677569277409475e-11,-0.05999999999999998,6.355,-2.968589610241601e-11,0.1,18.0,0.09,0.04904632152588556,0.0,1.1999999999970896,100001.2,0.8099999999999998,2.972510873911547,1.0,-0.04,5.0,0.35000000000582077,3.4999550256361283e-06,2.517412935323383,0.05999999999985448,0.06666666666650498,200.0,11.11111111111111,28.0,0.53,microstructure_adaptive,0.0,18.0,180268
9.895029240425401e-12,0.10000000000000002,4,-3.550663929541287e-11,0.19000000000000006,31.0,0.155,0.0775,0.0,-0.34000000002561137,99999.65999999997,-0.6299999999999999,3.072911659916657,1.0,-0.14,7.0,0.9000000000087311,8.999959050273635e-06,2.3383084577114426,-0.017000000001280567,-0.010967741936310045,200.0,6.451612903225806,29.0,0.6200000000000002,naive_symmetric,0.0,31.0,310326
1.5715678758354557e-11,0.07999999999999999,4.88,-3.085002392433367e-11,0.16000000000000003,28.0,0.14,0.07,0.0,0.139999999984866,100000.13999999998,-0.27999999999999986,1.839316334161807,1.0,-0.08,4.0,0.34500000000116415,3.449987407557605e-06,1.572139303482587,0.006999999999243301,0.0049999999994595,200.0,7.142857142857143,29.0,0.6600000000000003,inventory_skew,0.0,28.0,280310
-9.313230742158396e-12,0.05,27.005,1.2223607542827253e-11,0.03,4.0,0.02,0.01,0.0,0.05000000000291038,100000.05,-0.009999999999999992,0.43480423913315197,1.0,-0.04,2.0,0.05000000000291038,4.999996000294238e-07,0.11940298507462686,0.002500000000145519,0.012500000000727596,200.0,50.0,29.0,0.13,avellaneda_stoikov,0.0,4.0,40044
5.817152315401586e-13,0.12,6.315,-1.804434726637716e-11,0.11000000000000001,18.0,0.09,0.045,0.0,-0.0500000000174623,99999.94999999998,-0.3899999999999998,1.7732113824824083,1.0,-0.08,4.0,0.40499999999883585,4.049988052523604e-06,1.4825870646766168,-0.002500000000873115,-0.0027777777787479055,200.0,11.11111111111111,29.0,0.5300000000000001,microstructure_adaptive,0.0,18.0,180198
-4.423816868381891e-11,0.019999999999999993,4,3.434252882072997e-11,0.12000000000000002,21.0,0.105,0.0525,0.0,0.8799999999901047,100000.87999999999,0.6400000000000001,1.8298247747988499,1.0,-0.06,4.0,0.19500000000698492,1.949980792759041e-06,1.4875621890547264,0.043999999999505233,0.0419047619042907,200.0,9.523809523809524,30.0,0.4200000000000001,naive_symmetric,0.0,21.0,210187
-1.1102230246251565e-16,0.029999999999999995,4.57,8.149085573005976e-12,0.09000000000000001,18.0,0.09,0.045,0.0,0.5400000000081491,100000.54000000001,0.24999999999999997,0.8464147390303179,0.0,0.0,2.0,0.09999999999126885,9.999945999418487e-07,0.6169154228855721,0.027000000000407455,0.030000000000452727,200.0,11.11111111111111,30.0,0.3800000000000001,inventory_skew,0.0,18.0,180143
5.238809386298726e-12,0.02,27.18,-5.23869142510236e-12,0.01,1.0,0.005,0.0025,0.0,-0.25,99999.75,-0.2600000000000001,0.9899997487310601,1.0,-0.02,1.0,0.33999999999650754,3.399996429968824e-06,0.9800995024875622,-0.0125,-0.25,200.0,200.0,30.0,0.04,avellaneda_stoikov,0.0,1.0,10007
1.571598406968633e-11,0.029999999999999995,6.315,-6.984902239937085e-12,0.049999999999999996,9.0,0.045,0.0225,0.0,0.6500000000087311,100000.65000000001,0.4700000000000001,1.385784258082855,1.0,-0.02,2.0,0.16000000000349246,1.5999890401099997e-06,1.243781094527363,0.032500000000436555,0.07222222222319236,200.0,22.22222222222222,30.0,0.25,microstructure_adaptive,0.0,9.0,90087
-2.0372814546476548e-11,-0.06999999999999999,4,2.0954779578197247e-11,0.18000000000000008,34.0,0.17,0.085,0.0,1.110000000000582,100001.11,0.65,2.8450882874146592,1.0,-0.04,5.0,0.2549999999901047,2.5499643004008416e-06,2.4925373134328357,0.0555000000000291,0.03264705882354653,200.0,5.882352941176471,31.0,0.6800000000000003,naive_symmetric,0.0,34.0,339905
-2.910671703659773e-12,-0.019999999999999993,4.705,-8.149047409089505e-12,0.15000000000000005,29.0,0.145,0.0725,0.0,0.6599999999889405,100000.65999999999,0.20000000000000007,1.1197014527469284,1.0,-0.02,2.0,0.10000000000582077,9.999931501051294e-07,0.8855721393034826,0.03299999999944703,0.022758620689273812,200.0,6.896551724137931,31.0,0.6300000000000002,inventory_skew,0.0,29.0,289891
9.313223803264492e-12,-0.01,30.06,-1.45519117589199e-11,0.01,1.0,0.005,0.0025,0.0,0.00999999999476131,100000.01,0.01,0.14106912317171966,1.0,-0.02,1.0,0.020000000004074536,1.9999993004076984e-07,0.01990049751243781,0.0004999999997380655,0.00999999999476131,200.0,200.0,31.0,0.03,avellaneda_stoikov,0.0,1.0,9978
1.4551582161459464e-11,0.05,6.315,-7.50878595412452e-11,0.06999999999999999,13.0,0.065,0.0325,0.0,0.809999999939464,100000.80999999994,0.5000000000000001,1.0650485238752998,1.0,-0.02,2.0,0.11999999999534339,1.1999899800371011e-06,0.9353233830845771,0.0404999999969732,0.06230769230303569,200.0,15.384615384615385,31.0,0.40000000000000013,microstructure_adaptive,0.0,13.0,129960
2.211875127500207e-11,0.08,4,-5.35510316646004e-11,0.14000000000000004,27.0,0.135,0.0675,0.0,0.30999999996856786,100000.30999999997,-0.06999999999999991,1.9457825294059183,1.0,-0.02,4.0,0.35000000000582077,3.499978475190586e-06,1.6666666666666667,0.015499999998428392,0.011481481480317328,200.0,7.407407407407407,32.0,0.5400000000000001,naive_symmetric,0.0,27.0,269934
8.148925978446186e-12,0.09999999999999999,4.84,-5.995386825885518e-11,0.12000000000000004,24.0,0.12,0.06,0.0,0.4599999999481952,100000.45999999995,0.04000000000000008,1.4036200531950742,0.0,0.0,3.0,0.21000000000640284,2.0999871901421695e-06,1.2039800995024876,0.02299999999740976,0.01916666666450813,200.0,8.333333333333334,32.0,0.5400000000000001,inventory_skew,0.0,24.0,239952
-9.313230742158396e-12,0.019999999999999997,24.005,5.820760540231618e-12,0.01,2.0,0.01,0.005,0.0,0.08999999999650754,100000.09,-0.010000000000000004,0.2639161633805939,0.0,0.0,1.0,0.05000000000291038,4.99999475029655e-07,0.06965174129353234,0.004499999999825377,0.04499999999825377,200.0,100.0,32.0,0.11000000000000001,avellaneda_stoikov,0.0,2.0,20000
-2.2701174273720426e-11,0.08,6.18,4.714822629536819e-11,0.08,16.0,0.08,0.04,0.0,0.3700000000244472,100000.37000000002,-0.04000000000000004,1.1373356313368792,0.0,0.0,3.0,0.1349999999802094,1.349994667323158e-06,0.845771144278607,0.01850000000122236,0.02312500000152795,200.0,12.5,32.0,0.4900000000000002,microstructure_adaptive,0.0,16.0,159969
1.455180420606439e-11,0.09999999999999999,4,1.3969853052131498e-11,0.13000000000000003,26.0,0.13,0.065,0.0,0.39000000002852175,100000.39000000003,-3.122502256758253e-17,2.069681639661578,0.0,0.0,4.0,0.28500000000349246,2.849985465109052e-06,1.8059701492537314,0.01950000000142609,0.01500000000109699,200.0,7.6923076923076925,33.0,0.5200000000000001,naive_symmetric,0.0,26.0,260188
4.365563466279809e-11,0.06999999999999999,4.625,-4.190949670634936e-11,0.11000000000000003,21.0,0.105,0.0525,0.0,0.5800000000017462,100000.58,0.24999999999999997,1.0197063278340857,1.0,-0.02,2.0,0.22499999999126885,2.2499813250676906e-06,0.7611940298507462,0.02900000000008731,0.02761904761913077,200.0,9.523809523809524,33.0,0.4600000000000001,inventory_skew,0.0,21.0,210163
0.0,0.0,27.66,0.0,0.0,0.0,0.0,0.0,0.0,0.0,100000.0,0.0,0.0,0.0,0.0,0.0,0.0,0.0,0,0.0,0.0,200.0,0.0,33.0,0.0,avellaneda_stoikov,0.0,0.0,0
1.688033046676196e-11,0.07999999999999999,6.275,-2.9103820048392848e-11,0.07999999999999999,13.0,0.065,0.0325,0.0,0.4399999999877764,100000.43999999999,0.18999999999999984,1.8794515977959398,1.0,-0.06,4.0,0.4850000000005821,4.849951500490816e-06,1.2736318407960199,0.02199999999938882,0.03384615384521357,200.0,15.384615384615385,33.0,0.39,microstructure_adaptive,0.0,13.0,130122
-2.3865298626191134e-11,-0.04,4,2.3283250327743588e-12,0.16000000000000006,31.0,0.155,0.0775,0.0,0.42999999997846317,100000.42999999998,-0.009999999999999976,1.4506817748701122,1.0,-0.02,3.0,0.2450000000098953,2.449989097647469e-06,1.199004975124378,0.02149999999892316,0.013870967741240747,200.0,6.451612903225806,34.0,0.6200000000000002,naive_symmetric,0.0,31.0,310230
2.735733861669587e-11,-0.07,4.68,-3.20141899101678e-11,0.15000000000000005,29.0,0.145,0.0725,0.0,0.3699999999953434,100000.37,-0.07999999999999997,0.9722518356068021,1.0,-0.02,2.0,0.1750000000174623,1.749990025231479e-06,0.7661691542288557,0.018499999999767168,0.0127586206894946,200.0,6.896551724137931,34.0,0.6200000000000002,inventory_skew,0.0,29.0,290199
-1.7462281620694853e-12,0.02,25.815,3.469446951953614e-18,0.01,1.0,0.005,0.0025,0.0,-0.08000000000174623,99999.92,-0.08,0.14106912317171966,1.0,-0.02,1.0,0.08000000000174623,7.999999600174644e-07,0.01990049751243781,-0.004000000000087311,-0.08000000000174623,200.0,200.0,34.0,0.03,avellaneda_stoikov,0.0,1.0,10014
1.8044198080158225e-11,0.039999999999999994,6.23,-3.8999109497339646e-11,0.1,18.0,0.09,0.045,0.0,0.03999999997904524,100000.03999999998,-0.33999999999999997,1.0509412980468027,1.0,-0.04,2.0,0.319999999992433,3.199989919956083e-06,0.7960199004975125,0.001999999998952262,0.002222222221058069,200.0,11.11111111111111,34.0,0.5200000000000001,microstructure_adaptive,0.0,18.0,180108
3.317768282329325e-11,-2.7755575615628914e-17,4,-5.005856840156753e-11,0.2300000000000001,36.0,0.18,0.09809264305177112,0.0,1.3099999999831198,100001.30999999998,1.0200000000000002,7.757198550587308,1.0,-0.2,10.0,1.445000000006985,1.4449702336201726e-05,7.109452736318408,0.06549999999915598,0.03638888888841999,200.0,5.555555555555555,35.0,0.7200000000000003,naive_symmetric,0.16417910447761194,36.0,360192
2.386468800352759e-11,-0.04,4.88,-1.9790563285382312e-11,0.16000000000000006,30.0,0.15,0.075,0.0,0.5200000000040745,100000.52,0.010000000000000085,2.8045804751853787,1.0,-0.04,6.0,0.5849999999918509,5.849960805181115e-06,2.442786069651741,0.026000000000203728,0.01733333333346915,200.0,6.666666666666667,35.0,0.7100000000000004,inventory_skew,0.0,30.0,300152
-9.313225537987968e-12,-0.03,25.975,1.4551918697813804e-11,0.01,1.0,0.005,0.0025,0.0,-0.00999999999476131,99999.99,-0.01,0.15772007446912795,1.0,-0.02,1.0,0.05000000000291038,4.99999675029315e-07,0.024875621890547265,-0.0004999999997380655,-0.00999999999476131,200.0,200.0,35.0,0.03,avellaneda_stoikov,0.0,1.0,9996
-1.6880497000215655e-11,-0.009999999999999995,6.31,6.693881560160264e-11,0.1,18.0,0.09,0.045,0.0,0.4600000000500586,100000.46000000005,0.06000000000000002,2.1207339384776547,1.0,-0.04,4.0,0.3699999999953434,3.6999774300911088e-06,1.900497512437811,0.023000000002502928,0.02555555555833659,200.0,11.11111111111111,35.0,0.5400000000000001,microstructure_adaptive,0.0,18.0,180084
3.492445221908724e-11,0.1,4,-1.629812951264853e-11,0.14000000000000004,28.0,0.14,0.07,0.0,0.27000000001862645,100000.27000000002,-0.15,1.7885762424689584,0.0,0.0,4.0,0.23999999999068677,2.3999935199243634e-06,1.3482587064676617,0.013500000000931323,0.009642857143522374,200.0,7.142857142857143,36.0,0.5600000000000002,naive_symmetric,0.0,28.0,280349
-2.0372814546476548e-11,0.039999999999999994,4.75,2.968592732743858e-11,0.12000000000000004,23.0,0.115,0.0575,0.0,0.7600000000093132,100000.76000000001,0.39999999999999997,1.3120186869194626,1.0,-0.02,3.0,0.1900000000023283,1.8999850851403646e-06,1.064676616915423,0.03800000000046566,0.03304347826127449,200.0,8.695652173913043,36.0,0.5000000000000001,inventory_skew,0.0,23.0,230280
0.0,0.0,26.61,0.0,0.0,0.0,0.0,0.0,0.0,0.0,100000.0,0.0,0.0,0.0,0.0,0.0,0.0,0.0,0,0.0,0.0,200.0,0.0,36.0,0.0,avellaneda_stoikov,0.0,0.0,0
-5.238726119571879e-12,0.08,6.28,6.984943873300509e-12,0.06999999999999999,14.0,0.07,0.035,0.0,-0.16999999999825377,99999.83,-0.4900000000000001,1.4089267641952408,0.0,0.0,3.0,0.3850000000093132,3.84999268510703e-06,1.109452736318408,-0.008499999999912689,-0.012142857142732413,200.0,14.285714285714286,36.0,0.3900000000000001,microstructure_adaptive,0.0,14.0,140170
3.2013502959671314e-11,-0.039999999999999994,4,-6.868502988588432e-11,0.13000000000000003,23.0,0.115,0.0575,0.0,2.069999999963329,100002.06999999996,1.8000000000000007,3.502664231184301,1.0,-0.06,5.0,0.319999999992433,3.199928481522769e-06,3.2238805970149254,0.10349999999816646,0.08999999999840562,200.0,8.695652173913043,37.0,0.46000000000000013,naive_symmetric,0.0,23.0,230312
-9.895639863088945e-12,0.029999999999999995,4.805,-2.211889699177405e-11,0.10000000000000002,20.0,0.1,0.05,0.0,0.9499999999679858,100000.94999999997,0.6300000000000001,1.1949312517954382,0.0,0.0,2.0,0.09999999999126885,9.999905000029388e-07,1.0099502487562189,0.04749999999839929,0.04749999999839929,200.0,10.0,37.0,0.42000000000000004,inventory_skew,0.0,20.0,200313
-8.149481089958499e-12,0.009999999999999998,30,6.402843533148683e-12,0.02,4.0,0.02,0.01,0.0,0.6699999999982538,100000.67,0.46000000000000035,1.0972602697183962,0.0,0.0,2.0,0.09999999999126885,9.99993299957579e-07,1.0248756218905473,0.03349999999991269,0.16749999999956344,200.0,50.0,37.0,0.23,avellaneda_stoikov,0.0,4.0,40093
2.3282487049414158e-12,0.029999999999999995,6.265,-7.566985232854151e-12,0.06999999999999999,13.0,0.065,0.0325,0.0,0.5099999999947613,100000.51,0.19000000000000003,0.7629479354705706,1.0,-0.02,2.0,0.07499999999708962,7.499959874923631e-07,0.48258706467661694,0.025499999999738066,0.03923076923036625,200.0,15.384615384615385,37.0,0.41,microstructure_adaptive,0.0,13.0,130236
-1.3970102852312039e-11,-0.019999999999999987,4,2.968592038854467e-11,0.16000000000000003,29.0,0.145,0.0725,0.0,-0.27999999998428393,99999.72000000002,-0.6399999999999999,3.0099338020191264,1.0,-0.06,5.0,1.084999999991851,1.0849904520758726e-05,2.671641791044776,-0.013999999999214197,-0.00965517241325117,200.0,6.896551724137931,38.0,0.5800000000000002,naive_symmetric,0.0,29.0,290393
6.05356875738039e-11,-0.03,4.765,-3.492457364973056e-11,0.13000000000000003,25.0,0.125,0.0625,0.0,0.5900000000256114,100000.59000000003,0.19000000000000003,1.5517603548889163,1.0,-0.02,4.0,0.20499999998719431,2.049986264963968e-06,1.2039800995024876,0.029500000001280568,0.023600000001024454,200.0,8.0,38.0,0.5500000000000003,inventory_skew,0.0,25.0,250341
1.2223611012274205e-11,0.0,26.475,-1.5716067336413175e-11,0.01,1.0,0.005,0.0025,0.0,0.08999999999650754,100000.09,0.06,0.290821447675134,1.0,-0.02,1.0,0.03999999999359716,3.9999953993650065e-07,0.0845771144278607,0.004499999999825377,0.08999999999650754,200.0,200.0,38.0,0.06,avellaneda_stoikov,0.0,1.0,10005
2.5611290865867886e-11,-0.09,6.205,5.820934012579215e-13,0.09,16.0,0.08,0.04,0.0,0.9500000000261934,100000.95000000003,0.59,1.664675427405284,1.0,-0.04,4.0,0.16500000000814907,1.6499835002464878e-06,1.3383084577114428,0.047500000001309675,0.05937500000163709,200.0,12.5,38.0,0.49000000000000016,microstructure_adaptive,0.0,16.0,160202
-4.0745185003743245e-12,0.12,4,3.492461181364703e-11,0.13000000000000003,25.0,0.125,0.0625,0.0,0.8300000000308501,100000.83000000003,0.4799999999999999,2.3126302571893462,1.0,-0.02,4.0,0.35499999999592546,3.549969647718766e-06,2.174129353233831,0.041500000001542504,0.033200000001234,200.0,8.0,39.0,0.5000000000000001,naive_symmetric,0.0,25.0,250360
-3.49247297748434e-11,0.10999999999999999,4.715,4.132746228568962e-11,0.11000000000000001,20.0,0.1,0.05,0.0,0.46000000000640284,100000.46,0.14999999999999994,1.14387836391934,1.0,-0.04,2.0,0.15999999998894054,1.5999915199343495e-06,0.9104477611940298,0.023000000000320143,0.023000000000320143,200.0,10.0,39.0,0.4600000000000002,inventory_skew,0.0,20.0,200275
-1.2805589921782712e-11,0.0,28.41,2.153683828498565e-11,0.02,3.0,0.015,0.0075,0.0,0.40000000000873115,100000.40000000001,0.32999999999999996,1.1062913707585924,1.0,-0.02,2.0,0.15999999998894054,1.5999931199189897e-06,1.064676616915423,0.020000000000436557,0.13333333333624373,200.0,66.66666666666667,39.0,0.11,avellaneda_stoikov,0.0,3.0,30034
1.9790724614665578e-11,0.01,6.385,-1.862644066763508e-11,0.06999999999999999,12.0,0.06,0.03,0.0,0.7200000000011642,100000.72,0.4899999999999999,2.112507175647974,1.0,-0.04,3.0,0.27999999999883585,2.7999785801522204e-06,1.9850746268656716,0.03600000000005821,0.06000000000009701,200.0,16.666666666666668,39.0,0.33999999999999997,microstructure_adaptive,0.0,12.0,120153
-3.376010582201161e-11,0.09,4,6.9849542816413646e-12,0.20000000000000007,33.0,0.165,0.0825,0.0,-0.8100000000267755,99999.18999999997,-1.1300000000000006,5.519301275267022,1.0,-0.14,9.0,1.5350000000034925,1.534996085763474e-05,5.059701492537314,-0.04050000000133878,-0.024545454546265926,200.0,6.0606060606060606,40.0,0.6600000000000003,naive_symmetric,0.0,33.0,330567
4.831207656152969e-11,0.1,4.9,-4.773025030768707e-11,0.14000000000000004,27.0,0.135,0.0675,0.0,0.11000000000058208,100000.11,-0.37000000000000005,1.7277368511627202,1.0,-0.02,4.0,0.27499999999417923,2.74999422495392e-06,1.492537313432836,0.005500000000029104,0.004074074074095633,200.0,7.407407407407407,40.0,0.6400000000000003,inventory_skew,0.0,27.0,270461
1.4551693183761927e-11,0.0,27.145,5.820795234701137e-13,0.02,4.0,0.02,0.01,0.0,-0.139999999984866,99999.86000000002,-0.2499999999999998,0.9824327607288114,0.0,0.0,2.0,0.35000000000582077,3.499997725059686e-06,0.9552238805970149,-0.006999999999243301,-0.0349999999962165,200.0,50.0,40.0,0.13,avellaneda_stoikov,0.0,4.0,40028
-8.731571021769469e-12,0.04,6.125,-1.164120883023756e-12,0.12000000000000004,24.0,0.12,0.06,0.0,0.6299999999901047,100000.62999999999,0.1,1.2558321654825921,0.0,0.0,3.0,0.21500000001105946,2.149986455195927e-06,1,0.031499999999505236,0.026249999999587697,200.0,8.333333333333334,40.0,0.6500000000000004,microstructure_adaptive,0.0,24.0,240399
-2.5029700534417998e-11,0.03,4,7.159544485046965e-11,0.19000000000000009,37.0,0.185,0.0925,0.0,0.30000000004656613,100000.30000000005,-0.22999999999999987,4.51641560867119,1.0,-0.02,7.0,1.1000000000058208,1.099994445033873e-05,4.059701492537314,0.015000000002328307,0.008108108109366652,200.0,5.405405405405405,41.0,0.7400000000000003,naive_symmetric,0.0,37.0,370330
-2.8522129102981353e-11,0.020000000000000004,4.875,4.4819925548722495e-11,0.17000000000000004,31.0,0.155,0.0775,0.0,0.08000000001629815,100000.08000000002,-0.39,2.2593091005748414,1.0,-0.06,4.0,0.39999999999417923,3.999986799985352e-06,1.800995024875622,0.004000000000814907,0.002580645161816069,200.0,6.451612903225806,41.0,0.7000000000000004,inventory_skew,0.0,31.0,310266
-4.656591084950534e-12,0.01,27.055,8.73114774924133e-12,0.030000000000000002,5.0,0.025,0.0125,0.0,0.020000000004074536,100000.02,-0.13000000000000003,1.8148091740754613,1.0,-0.02,2.0,0.5399999999935972,5.399993519943748e-06,1.7412935323383085,0.0010000000002037268,0.004000000000814907,200.0,40.0,41.0,0.2,avellaneda_stoikov,0.0,5.0,50006
5.2382542747864136e-12,-0.05,6.245,-1.0477337747394344e-11,0.13000000000000003,24.0,0.12,0.06,0.0,0.2599999999947613,100000.26,-0.26,1.7147298642826183,1.0,-0.04,3.0,0.28999999999359716,2.899990574966603e-06,1.3880597014925373,0.012999999999738065,0.010833333333115055,200.0,8.333333333333334,41.0,0.6900000000000004,microstructure_adaptive,0.0,24.0,240197
4.947650622533217e-11,0.01999999999999999,4,-3.085004474101538e-11,0.14000000000000004,28.0,0.14,0.07,0.0,0.02000000001862645,100000.02000000002,-0.40000000000000013,2.5674967966864193,0.0,0.0,5.0,0.6349999999947613,6.349980950004763e-06,1.9253731343283582,0.0010000000009313225,0.0007142857149509447,200.0,7.142857142857143,42.0,0.5600000000000002,naive_symmetric,0.0,28.0,280666
3.317808527913968e-11,0.039999999999999994,4.7,-2.6775491546171537e-11,0.14000000000000004,26.0,0.13,0.065,0.0,-0.03999999999359716,99999.96,-0.48000000000000004,1.9470605476254206,1.0,-0.04,4.0,0.39000000001396984,3.899986935183465e-06,1.492537313432836,-0.0019999999996798577,-0.0015384615382152754,200.0,7.6923076923076925,42.0,0.6200000000000003,inventory_skew,0.0,26.0,260610
6.402850472042587e-12,0.01,29.16,-1.45519117589199e-11,0.01,1.0,0.005,0.0025,0.0,-0.04000000000814907,99999.95999999999,-0.04,0.12216944435630522,1.0,-0.02,1.0,0.03999999999359716,3.999999399359806e-07,0.014925373134328358,-0.0020000000004074536,-0.04000000000814907,200.0,200.0,42.0,0.03,avellaneda_stoikov,0.0,1.0,10030
2.619315875307393e-11,0.10999999999999997,6.255,-4.6566125955216364e-11,0.09000000000000001,18.0,0.09,0.04534005037783375,0.0,0.14999999997962732,100000.14999999998,-0.2999999999999997,2.357374372124262,0.0,0.0,5.0,0.5150000000139698,5.14998068771212e-06,1.736318407960199,0.007499999998981366,0.008333333332201518,200.0,11.11111111111111,42.0,0.54,microstructure_adaptive,0.0,18.0,180404
1.1638606745023594e-12,0.23,4,-9.895279040605942e-12,0.18000000000000005,32.0,0.16,0.08,0.0,0.09999999999126885,100000.09999999999,-0.2799999999999999,1.7633640396464958,1.0,-0.08,4.0,0.34500000001571607,3.449981197759633e-06,1.2786069651741294,0.004999999999563442,0.0031249999997271516,200.0,6.25,43.0,0.6400000000000002,naive_symmetric,0.0,32.0,319842
2.910061080996229e-12,0.22000000000000003,4.73,-3.20141829712739e-11,0.15000000000000005,28.0,0.14,0.07,0.0,0.24999999997089617,100000.24999999997,-0.2,1.6068881579745387,1.0,-0.04,4.0,0.19999999999708962,1.9999900000208968e-06,1.199004975124378,0.012499999998544809,0.008928571427532006,200.0,7.142857142857143,43.0,0.6400000000000003,inventory_skew,0.0,28.0,279898
-6.402850472042587e-12,0.02,28.6,4.074532378162132e-12,0.01,1.0,0.005,0.0025,0.0,0.059999999997671694,100000.06,0.04000000000000001,0.2639161633805939,1.0,-0.02,1.0,0.059999999997671694,5.999996099769705e-07,0.06965174129353234,0.0029999999998835845,0.059999999997671694,200.0,200.0,43.0,0.05,avellaneda_stoikov,0.0,1.0,9981
-4.132749698015914e-11,0.13999999999999999,6.275,5.2387087723371195e-12,0.12000000000000002,22.0,0.11,0.055,0.0,0.6799999999639113,100000.67999999996,0.1899999999999999,1.8433691844686881,1.0,-0.04,4.0,0.19999999999708962,1.9999814001438755e-06,1.4179104477611941,0.033999999998195564,0.03090909090745051,200.0,9.090909090909092,43.0,0.6500000000000002,microstructure_adaptive,0.0,22.0,219940
-3.0849767185259225e-11,0.04000000000000001,4,4.074532378162132e-12,0.21000000000000008,33.0,0.165,0.09269662921348315,0.0,-1.0600000000267755,99998.93999999997,-1.3300000000000005,6.8744968155976105,1.0,-0.18,10.0,1.5549999999784632,1.5549944019986168e-05,5.865671641791045,-0.053000000001338775,-0.0321212121220235,200.0,6.0606060606060606,44.0,0.6600000000000003,naive_symmetric,0.21890547263681592,33.0,329597
-2.910657825871965e-12,2.42861286636753e-17,4.83,-6.111800995856065e-11,0.15000000000000005,28.0,0.14,0.07,0.0,-0.10000000006402843,99999.89999999994,-0.55,2.594483240181383,1.0,-0.04,6.0,0.5949999999866122,5.9499723324947805e-06,2.1243781094527363,-0.005000000003201421,-0.003571428573715301,200.0,7.142857142857143,44.0,0.6400000000000003,inventory_skew,0.0,28.0,279663
-1.4551915228366852e-11,0.03,25.74,6.984919587171845e-12,0.03,4.0,0.02,0.01,0.0,0.069999999992433,100000.06999999999,-1.3877787807814457e-17,0.3526728079292991,1.0,-0.04,2.0,0.08000000000174623,7.999984000206623e-07,0.0845771144278607,0.0034999999996216504,0.01749999999810825,200.0,50.0,44.0,0.14,avellaneda_stoikov,0.0,4.0,39968
-9.895001484849786e-12,0.09000000000000001,6.235,1.804436808305887e-11,0.1,18.0,0.09,0.04891304347826087,0.0,-0.20999999999185093,99999.79000000001,-0.6200000000000003,3.2667478921772912,1.0,-0.04,5.0,0.5649999999877764,5.649981637437442e-06,2.8507462686567164,-0.010499999999592547,-0.01166666666621394,200.0,11.11111111111111,44.0,0.55,microstructure_adaptive,0.0,18.0,179783
1.163735774412089e-12,0.010000000000000002,4,-1.6880191688883883e-11,0.21000000000000008,34.0,0.17,0.08673469387755102,0.0,-1.970000000015716,99998.02999999998,-2.28,6.418645104313245,1.0,-0.16,10.0,2.7400000000052387,2.739977121196277e-05,5.72636815920398,-0.0985000000007858,-0.05794117647105047,200.0,5.882352941176471,45.0,0.6800000000000003,naive_symmetric,0.03980099502487562,34.0,340064
4.598402214561759e-11,-0.029999999999999992,4.845,-5.0640637516696785e-11,0.13000000000000003,25.0,0.125,0.0625,0.0,-0.1300000000046566,99999.87,-0.5600000000000003,1.570879273382359,1.0,-0.02,3.0,0.5350000000180444,5.349977797772582e-06,1.373134328358209,-0.006500000000232831,-0.005200000000186265,200.0,8.0,45.0,0.5800000000000003,inventory_skew,0.0,25.0,250079
0.0,0.0,26.82,0.0,0.0,0.0,0.0,0.0,0.0,0.0,100000.0,0.0,0.0,0.0,0.0,0.0,0.0,0.0,0,0.0,0.0,200.0,0.0,45.0,0.0,avellaneda_stoikov,0.0,0.0,0
-1.047706366108514e-11,-0.09999999999999998,6.32,-9.895296387840702e-12,0.11000000000000001,18.0,0.09,0.048,0.0,-0.8500000000203727,99999.14999999998,-1.2300000000000004,2.9991706979800083,1.0,-0.08,5.0,1.3300000000162981,1.3299933500495478e-05,2.6766169154228856,-0.04250000000101863,-0.04722222222335404,200.0,11.11111111111111,45.0,0.5700000000000001,microstructure_adaptive,0.0,18.0,180064
-7.217759723232575e-11,0.17,4,5.471523234490405e-11,0.22000000000000008,36.0,0.18,0.09,0.0,-0.3000000000174623,99999.69999999998,-0.6400000000000001,3.1904708865012292,1.0,-0.16,8.0,0.3799999999901047,3.799992399916248e-06,2.427860696517413,-0.015000000000873115,-0.008333333333818397,200.0,5.555555555555555,46.0,0.7200000000000003,naive_symmetric,0.0,36.0,360458
-3.7835120453300064e-11,0.12,4.715,8.731172035369994e-12,0.15000000000000005,28.0,0.14,0.07,0.0,-2.9103830456733704e-11,99999.99999999997,-0.4,1.2948424288008504,1.0,-0.04,4.0,0.2400000000197906,2.3999964002033065e-06,0.9402985074626866,-1.4551915228366853e-12,-1.039422516311918e-12,200.0,7.142857142857143,46.0,0.5900000000000002,inventory_skew,0.0,28.0,280343
-4.656545982140159e-12,0.03,28.775,-8.731154688135234e-12,0.01,2.0,0.01,0.005,0.0,-0.030000000013387762,99999.96999999999,-0.13000000000000006,0.9436881178024825,0.0,0.0,1.0,0.22999999999592546,2.2999994249593987e-06,0.8905472636815921,-0.0015000000006693882,-0.015000000006693881,200.0,100.0,46.0,0.11,avellaneda_stoikov,0.0,2.0,20014
-3.0268176853809337e-11,-0.020000000000000004,6.285,4.481992207927554e-11,0.10000000000000002,19.0,0.095,0.0475,0.0,0.2500000000145519,100000.25000000001,-0.22,0.9619631668251951,1.0,-0.02,3.0,0.14999999999417923,1.4999951249576361e-06,0.5472636815920398,0.012500000000727596,0.013157894737607995,200.0,10.526315789473685,46.0,0.5900000000000002,microstructure_adaptive,0.0,19.0,190233
-4.656899865729258e-12,0.05,4,-1.688020556667169e-11,0.13000000000000003,24.0,0.12,0.06,0.0,-0.07000000002153683,99999.92999999998,-0.37999999999999984,1.176046162833087,1.0,-0.04,3.0,0.3150000000023283,3.149998582523921e-06,0.8955223880597015,-0.003500000001076842,-0.002916666667564035,200.0,8.333333333333334,47.0,0.48000000000000015,naive_symmetric,0.0,24.0,239998
9.313091964280318e-12,0.03,4.54,-1.0477362033523008e-11,0.11000000000000001,20.0,0.1,0.05,0.0,0.029999999998835847,100000.03,-0.2399999999999999,0.8894069800262436,1.0,-0.04,2.0,0.17999999999301508,1.7999962199380886e-06,0.6218905472636815,0.0014999999999417923,0.0014999999999417923,200.0,10.0,47.0,0.42000000000000004,inventory_skew,0.0,20.0,200018
-9.313227272711444e-12,0.01,28.08,5.23869142510236e-12,0.01,1.0,0.005,0.0025,0.0,-0.020000000004074536,99999.98,-0.01,0.0,1.0,-0.02,0.0,0.010000000009313226,1.0000000009313226e-07,0,-0.0010000000002037268,-0.020000000004074536,200.0,200.0,47.0,0.02,avellaneda_stoikov,0.0,1.0,9978
-1.746223998733143e-11,0.03,6.25,1.8626451075975936e-11,0.05999999999999999,11.0,0.055,0.0275,0.0,-0.029999999998835847,99999.97,-0.30000000000000004,0.6026475583639165,1.0,-0.02,1.0,0.2600000000093132,2.599998310094231e-06,0.36318407960199006,-0.0014999999999417923,-0.002727272727166895,200.0,18.181818181818183,47.0,0.35,microstructure_adaptive,0.0,11.0,110006
8.731459999467006e-12,0.03,4,-9.895279040605942e-12,0.15000000000000002,22.0,0.11,0.055,0.0,-0.7200000000011642,99999.28,-0.8500000000000004,4.089788278041294,1.0,-0.16,8.0,1.5199999999895226,1.5199870041006376e-05,3.7313432835820897,-0.03600000000005821,-0.032727272727325646,200.0,9.090909090909092,48.0,0.4400000000000001,naive_symmetric,0.0,22.0,220217
-3.899927603079334e-11,0.06999999999999999,4.935,9.313251558840108e-12,0.12000000000000002,19.0,0.095,0.0475,0.0,-0.11000000002968591,99999.88999999997,-0.36999999999999994,2.226033216418168,1.0,-0.1,5.0,0.5500000000029104,5.499974150150599e-06,1.9104477611940298,-0.005500000001484295,-0.005789473685772943,200.0,10.526315789473685,48.0,0.4800000000000001,inventory_skew,0.0,19.0,190206
3.4924424463511627e-12,0.05,27.96,2.910376800668857e-12,0.03,3.0,0.015,0.0075,0.0,-0.03999999999359716,99999.96,-0.09,0.5943347801077867,1.0,-0.06,3.0,0.10000000000582077,9.999992000588476e-07,0.17412935323383086,-0.0019999999996798577,-0.013333333331199052,200.0,66.66666666666667,48.0,0.14,avellaneda_stoikov,0.0,3.0,30068
-2.386504188711669e-11,0.09,6.255,-8.149071695218169e-12,0.09,13.0,0.065,0.032663316582914576,0.0,-0.050000000032014214,99999.94999999997,-0.26000000000000006,2.2549006883736276,1.0,-0.1,5.0,0.5399999999935972,5.399972460076427e-06,2.0199004975124377,-0.0025000000016007105,-0.003846153848616478,200.0,15.384615384615385,48.0,0.39999999999999997,microstructure_adaptive,0.0,13.0,130163
2.2700730184510576e-11,-0.06000000000000001,4,-3.20141829712739e-11,0.16000000000000003,25.0,0.125,0.0625,0.0,-1.0100000000093132,99998.98999999999,-1.21,3.9195897846078216,1.0,-0.14,7.0,1.3150000000023283,1.3149946742738975e-05,3.472636815920398,-0.05050000000046566,-0.04040000000037253,200.0,8.0,49.0,0.5000000000000001,naive_symmetric,0.0,25.0,250257
1.0477008149933908e-11,-0.04000000000000001,4.845,-5.82072931520905e-12,0.16000000000000003,27.0,0.135,0.0675,0.0,-0.3699999999953434,99999.63,-0.7699999999999999,3.0362650530934903,1.0,-0.1,6.0,0.7349999999860302,7.349968762493062e-06,2.701492537313433,-0.018499999999767168,-0.013703703703531236,200.0,7.407407407407407,49.0,0.6600000000000003,inventory_skew,0.0,27.0,270287
1.1059431148652266e-11,-0.04,25.51,-1.3969835704896738e-11,0.02,3.0,0.015,0.0075,0.0,-0.05000000000291038,99999.95,-0.15999999999999998,0.8894069800262436,1.0,-0.02,1.0,0.27000000000407454,2.6999979750422643e-06,0.7910447761194029,-0.002500000000145519,-0.016666666667636793,200.0,66.66666666666667,49.0,0.15,avellaneda_stoikov,0.0,3.0,30009
-5.7625848537412594e-11,-0.04000000000000001,6.21,5.5297277173904646e-11,0.14000000000000004,23.0,0.115,0.059278350515463915,0.0,-0.4400000000023283,99999.56,-0.8899999999999999,3.176405553263936,1.0,-0.1,5.0,0.8899999999994179,8.899955500216679e-06,2.8955223880597014,-0.022000000000116416,-0.019130434782709926,200.0,8.695652173913043,49.0,0.6900000000000002,microstructure_adaptive,0.0,23.0,230222
-2.0954793455985055e-11,-0.039999999999999966,4,1.9208544477233858e-11,0.14000000000000004,27.0,0.135,0.0675,0.0,0.6699999999982538,100000.67,0.29,1.7190764615330567,1.0,-0.02,3.0,0.2549999999901047,2.5499790900725085e-06,1.4129353233830846,0.03349999999991269,0.02481481481475014,200.0,7.407407407407407,50.0,0.5400000000000001,naive_symmetric,0.0,27.0,270372
-2.444722202454841e-11,0.01,4.885,9.895324143416317e-12,0.12000000000000004,23.0,0.115,0.0575,0.0,0.4999999999854481,100000.49999999999,0.12999999999999992,1.603789045816995,1.0,-0.02,3.0,0.28500000000349246,2.849980335170612e-06,1.3980099502487562,0.024999999999272403,0.021739130434149916,200.0,8.695652173913043,50.0,0.5100000000000001,inventory_skew,0.0,23.0,230303
-4.656469654307216e-12,-0.01,30.645,1.7462212231755814e-12,0.01,2.0,0.01,0.005,0.0,0.19999999999708962,100000.2,0.11999999999999988,0.9436881178024825,0.0,0.0,1.0,0.180000000007567,1.7999943300935301e-06,0.8905472636815921,0.009999999999854481,0.09999999999854481,200.0,100.0,50.0,0.09,avellaneda_stoikov,0.0,2.0,20017
-1.2223555501122974e-11,0.030000000000000006,6.39,3.492461875254094e-11,0.09,16.0,0.08,0.04,0.0,0.540000000022701,100000.54000000002,0.1899999999999999,1.4879282066883155,1.0,-0.04,3.0,0.21000000000640284,2.0999844601790223e-06,1.2587064676616915,0.02700000000113505,0.03375000000141881,200.0,12.5,50.0,0.4800000000000001,microstructure_adaptive,0.0,16.0,160215
3.026789929805318e-11,-0.020000000000000004,4,-7.566981763407199e-12,0.12000000000000004,23.0,0.115,0.0575,0.0,0.290000000022701,100000.29000000002,-0.029999999999999975,1.3382992102364115,1.0,-0.02,3.0,0.3150000000023283,3.149990865049774e-06,1.064676616915423,0.01450000000113505,0.012608695653160912,200.0,8.695652173913043,51.0,0.46000000000000013,naive_symmetric,0.0,23.0,230029
1.3387679853593681e-11,-0.03,4.62,-1.1641382302585157e-12,0.10000000000000002,19.0,0.095,0.0475,0.0,0.3100000000122236,100000.31000000001,0.030000000000000027,1.0245736887999293,1.0,-0.02,2.0,0.19999999999708962,1.999993799990116e-06,0.7611940298507462,0.015500000000611181,0.016315789474327557,200.0,10.526315789473685,51.0,0.4000000000000001,inventory_skew,0.0,19.0,190013
4.074535847609084e-12,-0.02,29.42,5.23869142510236e-12,0.01,1.0,0.005,0.0025,0.0,0.010000000009313226,100000.01000000001,0.02,0.0,1.0,-0.02,0.0,0.0,0.0,0,0.0005000000004656613,0.010000000009313226,200.0,200.0,51.0,0.02,avellaneda_stoikov,0.0,1.0,9998
9.895265162818134e-12,-0.030000000000000006,6.37,1.3877787807814457e-17,0.06999999999999999,12.0,0.06,0.03,0.0,0.1200000000098953,100000.12000000001,-0.12999999999999998,1.5645322604631233,1.0,-0.04,3.0,0.2599999999947613,2.599988819995687e-06,1.4129353233830846,0.006000000000494765,0.010000000000824608,200.0,16.666666666666668,51.0,0.36,microstructure_adaptive,0.0,12.0,120007
9.313994020487826e-12,0.020000000000000004,4,1.1641798636219391e-12,0.18000000000000005,28.0,0.14,0.07,0.0,0.9800000000104774,100000.98000000001,0.7599999999999992,5.126266376728206,1.0,-0.16,9.0,1.1049999999959255,1.1049775689512756e-05,4.189054726368159,0.04900000000052387,0.03500000000037419,200.0,7.142857142857143,52.0,0.5600000000000002,naive_symmetric,0.0,28.0,279722
1.0476730594177752e-11,0.030000000000000006,4.68,-1.5133947914303114e-11,0.17000000000000004,30.0,0.15,0.075,0.0,1.1199999999953434,100001.12,0.7300000000000002,3.782652205984947,1.0,-0.08,6.0,0.5950000000011642,5.94990063667101e-06,3.1641791044776117,0.05599999999976717,0.03733333333317811,200.0,6.666666666666667,52.0,0.6400000000000003,inventory_skew,0.0,30.0,299669
2.3282764605170314e-12,0.01,25.885,-1.5133977404602206e-11,0.02,2.0,0.01,0.005,0.0,0.07999999998719431,100000.07999999999,-0.059999999999999984,0.816496580927726,1.0,-0.04,2.0,0.2599999999947613,2.5999919399725994e-06,0.44776119402985076,0.003999999999359715,0.03999999999359716,200.0,100.0,52.0,0.2,avellaneda_stoikov,0.0,2.0,19980
4.714828527596637e-11,-0.03,6.235,-4.481989779314688e-11,0.1,15.0,0.075,0.0398936170212766,0.0,0.6900000000023283,100000.69,0.40999999999999986,2.777844111977445,1.0,-0.1,5.0,0.6500000000087311,6.499914526211291e-06,2.18407960199005,0.03450000000011642,0.04600000000015522,200.0,13.333333333333334,52.0,0.48,microstructure_adaptive,0.0,15.0,149872
4.423750255000414e-11,0.08999999999999998,4,-2.270096610690331e-11,0.18000000000000008,34.0,0.17,0.085,0.0,0.5700000000215368,100000.57000000002,0.11000000000000006,1.2948424288008504,1.0,-0.04,3.0,0.16999999999825377,1.699989120052169e-06,1.0796019900497513,0.02850000000107684,0.016764705882986376,200.0,5.882352941176471,53.0,0.6800000000000003,naive_symmetric,0.0,34.0,340117
2.5611179843565424e-11,0.08999999999999998,4.665,-1.8626426789847272e-11,0.16000000000000006,31.0,0.155,0.0775,0.0,0.5700000000069849,100000.57,0.09000000000000002,1.1174776144985958,1.0,-0.02,3.0,0.16999999999825377,1.6999897150447616e-06,0.8507462686567164,0.028500000000349246,0.018387096774418868,200.0,6.451612903225806,53.0,0.6600000000000003,inventory_skew,0.0,31.0,310087
-1.746242039857293e-12,0.01,27.97,8.14907516466512e-12,0.01,2.0,0.01,0.005,0.0,0.21000000000640284,100000.21,0.17,0.9874838622020375,0.0,0.0,1.0,0.1899999999877764,1.899996009886143e-06,0.9751243781094527,0.010500000000320142,0.10500000000320142,200.0,100.0,53.0,0.05,avellaneda_stoikov,0.0,2.0,20018
3.4924507730238474e-11,0.0,6.37,-6.402840063701731e-11,0.1,18.0,0.09,0.045,0.0,0.7499999999708962,100000.74999999997,0.35,1.8661690879115476,1.0,-0.04,4.0,0.27000000000407454,2.699977860222292e-06,1.492537313432836,0.03749999999854481,0.041666666665049784,200.0,11.11111111111111,53.0,0.5400000000000001,microstructure_adaptive,0.0,18.0,180055
2.968536527703236e-11,0.029999999999999995,4,-4.5984036023405395e-11,0.13000000000000003,24.0,0.12,0.06,0.0,1.4199999999837019,100001.41999999998,1.1100000000000005,3.9694103977130704,1.0,-0.04,6.0,0.680000000007567,6.799879302218057e-06,3.736318407960199,0.07099999999918509,0.05916666666598758,200.0,8.333333333333334,54.0,0.48000000000000015,naive_symmetric,0.0,24.0,240441
-6.403100272223128e-12,0.030000000000000002,4.82,-4.307364534494873e-11,0.11000000000000003,21.0,0.105,0.0525,0.0,0.8999999999505235,100000.89999999995,0.54,2.320147533480237,1.0,-0.02,4.0,0.4400000000023283,4.399951600555678e-06,1.900497512437811,0.04499999999752617,0.04285714285478683,200.0,9.523809523809524,54.0,0.4900000000000002,inventory_skew,0.0,21.0,210407
-6.4028227164669715e-12,0.05,31.635,2.910380270115809e-12,0.01,2.0,0.01,0.005,0.0,0.33999999999650754,100000.34,0.29,0.9645456229263951,0.0,0.0,1.0,0.14999999999417923,1.4999934749701762e-06,0.9303482587064676,0.016999999999825377,0.16999999999825377,200.0,100.0,54.0,0.06,avellaneda_stoikov,0.0,2.0,20031
2.3283597272438783e-12,0.0,6.49,2.328307685539599e-11,0.08,16.0,0.08,0.04,0.0,1.0900000000256114,100001.09000000003,0.6899999999999997,1.9661311354513067,0.0,0.0,4.0,0.3299999999871943,3.2999605653431866e-06,1.6666666666666667,0.054500000001280566,0.06812500000160071,200.0,12.5,54.0,0.4800000000000001,microstructure_adaptive,0.0,16.0,160287
2.0373036591081473e-11,0.09,4,-3.4924702019267784e-12,0.15000000000000002,21.0,0.105,0.06481481481481481,0.0,1.4400000000168802,100001.44000000002,1.3499999999999994,7.917170709274936,1.0,-0.18,10.0,0.9000000000087311,8.999819103723325e-06,7.199004975124378,0.07200000000084401,0.06857142857223239,200.0,9.523809523809524,55.0,0.4200000000000001,naive_symmetric,0.3781094527363184,21.0,210004
-5.238698363996264e-12,0.05,4.885,1.4551934310325088e-11,0.08,15.0,0.075,0.0375,0.0,0.5100000000093132,100000.51000000001,0.2599999999999999,3.0198349267922953,1.0,-0.02,5.0,0.3600000000005821,3.599978220137589e-06,2.800995024875622,0.02550000000046566,0.03400000000062088,200.0,13.333333333333334,55.0,0.3500000000000001,inventory_skew,0.0,15.0,150020
2.910380270115809e-12,0.02,28.125,-2.328307685539599e-12,0.01,2.0,0.01,0.005,0.0,0.11000000000058208,100000.11,0.04999999999999999,0.9619631668251951,0.0,0.0,1.0,0.16000000000349246,1.5999978400378405e-06,0.9253731343283582,0.005500000000029104,0.05500000000029104,200.0,100.0,55.0,0.07,avellaneda_stoikov,0.0,2.0,20010
8.148925978446186e-12,0.020000000000000004,6.37,5.2387053028901676e-12,0.05999999999999999,11.0,0.055,0.0275,0.0,0.5300000000133878,100000.53000000001,0.29000000000000004,2.5790969918815265,1.0,-0.02,4.0,0.35000000000582077,3.499979875173925e-06,2.383084577114428,0.026500000000669387,0.04818181818303525,200.0,18.181818181818183,55.0,0.32000000000000006,microstructure_adaptive,0.0,11.0,110022
-2.9104080256914244e-11,0.04000000000000001,4,3.1432162428401966e-11,0.20000000000000007,36.0,0.18,0.09,0.0,0.1900000000023283,100000.19,-0.25,2.0467180378274286,1.0,-0.08,4.0,0.4250000000029104,4.2499859750753855e-06,1.7412935323383085,0.009500000000116415,0.005277777777842453,200.0,5.555555555555555,56.0,0.7200000000000003,naive_symmetric,0.0,36.0,359781
-1.8044565841535132e-11,0.05999999999999999,4.73,1.9790630939597875e-11,0.16000000000000006,31.0,0.155,0.0775,0.0,0.08000000000174623,100000.08,-0.41000000000000003,1.424728306123191,1.0,-0.02,3.0,0.27000000000407454,2.6999964900453084e-06,1.0746268656716418,0.004000000000087311,0.0025806451613466525,200.0,6.451612903225806,56.0,0.6700000000000003,inventory_skew,0.0,31.0,309801
-6.985079181731635e-12,0.02,29.42,5.23869142510236e-12,0.01,1.0,0.005,0.0025,0.0,-0.08000000000174623,99999.92,-0.06999999999999985,0.995012437733208,1.0,-0.02,1.0,0.16000000000349246,1.5999984800363685e-06,0.9900497512437811,-0.004000000000087311,-0.08000000000174623,200.0,200.0,56.0,0.02,avellaneda_stoikov,0.0,1.0,9998
-4.1327719024764065e-11,0.05,6.365,4.132746575513657e-11,0.13000000000000003,24.0,0.12,0.06,0.0,0.25,100000.25,-0.31000000000000005,1.3604213570275632,1.0,-0.04,3.0,0.180000000007567,1.7999942400941015e-06,1.1144278606965174,0.0125,0.010416666666666666,200.0,8.333333333333334,56.0,0.7300000000000003,microstructure_adaptive,0.0,24.0,239838
2.793942854850684e-11,0.12999999999999998,4,-6.519255968395754e-11,0.17000000000000007,32.0,0.16,0.08,0.0,0.4599999999627471,100000.45999999996,0.03000000000000002,1.5944555676512062,1.0,-0.04,4.0,0.20999999999185093,2.099988869977499e-06,1.1492537313432836,0.022999999998137354,0.014374999998835847,200.0,6.25,57.0,0.6400000000000002,naive_symmetric,0.0,32.0,320135
-3.026834338726303e-11,0.09,4.795,5.2387157112310234e-12,0.14000000000000004,28.0,0.14,0.07,0.0,0.2699999999749707,100000.26999999997,-0.22,1.4912681170785236,0.0,0.0,3.0,0.23500000000058208,2.349993185025585e-06,1.208955223880597,0.013499999998748536,0.00964285714196324,200.0,7.142857142857143,57.0,0.6300000000000003,inventory_skew,0.0,28.0,280129
1.1641521080463235e-12,-0.01,27.075,5.820760540231618e-12,0.01,2.0,0.01,0.005,0.0,0.07000000000698492,100000.07,-0.03,0.12216944435630522,0.0,0.0,1.0,0.029999999998835847,2.9999978998850546e-07,0.014925373134328358,0.003500000000349246,0.03500000000349246,200.0,100.0,57.0,0.11,avellaneda_stoikov,0.0,2.0,20022
-1.1642908859244017e-12,0.019999999999999997,6.295,-4.0745219698212765e-12,0.09000000000000001,18.0,0.09,0.045,0.0,0.5099999999947613,100000.51,0.029999999999999992,1.6780704389297698,0.0,0.0,3.0,0.33000000000174623,3.299983170103295e-06,1.2537313432835822,0.025499999999738066,0.028333333333042294,200.0,11.11111111111111,57.0,0.5700000000000001,microstructure_adaptive,0.0,18.0,180088
-5.820954829260927e-12,0.07,4,2.3283250327743588e-12,0.16000000000000006,31.0,0.155,0.0775,0.0,0.33999999999650754,100000.34,-0.09999999999999992,0.9696899027331813,1.0,-0.02,2.0,0.16499999999359716,1.649994224956184e-06,0.7412935323383084,0.016999999999825377,0.01096774193537121,200.0,6.451612903225806,58.0,0.6200000000000002,naive_symmetric,0.0,31.0,309447
-4.0745629092953095e-11,0.07,4.735,2.910385474286237e-11,0.15000000000000005,30.0,0.15,0.075,0.0,0.5499999999883585,100000.54999999999,0.050000000000000044,1.2754864451031187,0.0,0.0,2.0,0.22500000000582077,2.2499876251262697e-06,1.0298507462686568,0.027499999999417924,0.018333333332945283,200.0,6.666666666666667,58.0,0.6500000000000002,inventory_skew,0.0,30.0,299454
0.0,0.02,29.62,3.469446951953614e-18,0.01,1.0,0.005,0.0025,0.0,0.0,100000.0,0.0,0.12216944435630522,1.0,-0.02,1.0,0.029999999998835847,2.999999849883592e-07,0.014925373134328358,0.0,0.0,200.0,200.0,58.0,0.03,avellaneda_stoikov,0.0,1.0,9980
5.81756864903582e-13,0.02,6.34,-1.7462271212353997e-11,0.10000000000000002,19.0,0.095,0.0475,0.0,0.3099999999831198,100000.30999999998,-0.13999999999999996,1.0123614087323496,1.0,-0.02,2.0,0.16000000000349246,1.5999946400528804e-06,0.736318407960199,0.01549999999915599,0.01631578947279578,200.0,10.526315789473685,58.0,0.5700000000000003,microstructure_adaptive,0.0,19.0,189666
-9.313549931277976e-12,0.05999999999999998,4,2.7755575615628914e-17,0.22000000000000008,40.0,0.2,0.1,0.0,-0.5100000000093132,99999.48999999999,-1.01,4.06110050521196,1.0,-0.08,7.0,1.459999999991851,1.4599883200852904e-05,3.388059701492537,-0.02550000000046566,-0.01275000000023283,200.0,5.0,59.0,0.8000000000000004,naive_symmetric,0.0,40.0,399509
-2.386534719844846e-11,0.08,4.71,1.2223652645637628e-11,0.18000000000000008,34.0,0.17,0.085,0.0,0.04999999998835847,100000.04999999999,-0.5100000000000002,3.05586460068365,1.0,-0.04,5.0,0.9799999999813735,9.79991572053854e-06,2.5223880597014925,0.0024999999994179236,0.0014705882349517196,200.0,5.882352941176471,59.0,0.7800000000000005,inventory_skew,0.0,34.0,339535
-2.5029256445208148e-11,-0.01,25.245,9.895303326734606e-12,0.04,6.0,0.03,0.015,0.0,0.139999999984866,100000.13999999998,0.02,0.09975093361076329,1.0,-0.04,1.0,0.010000000009313226,9.999984509337237e-08,0.009950248756218905,0.006999999999243301,0.023333333330811,200.0,33.333333333333336,59.0,0.19999999999999998,avellaneda_stoikov,0.0,6.0,59866
3.084998922986415e-11,0.11999999999999998,6.255,-9.895296387840702e-12,0.12000000000000004,24.0,0.12,0.06201550387596899,0.0,0.21000000002095476,100000.21000000002,-0.4200000000000001,2.925271599415729,0.0,0.0,5.0,0.9499999999825377,9.499911650647026e-06,2.3482587064676617,0.010500000001047737,0.008750000000873115,200.0,8.333333333333334,59.0,0.7500000000000002,microstructure_adaptive,0.0,24.0,239675
-1.1641465569312004e-11,-0.029999999999999992,4,-2.8521740524922734e-11,0.16000000000000003,29.0,0.145,0.0725,0.0,0.9099999999598367,100000.90999999996,0.5499999999999998,3.241521662208532,1.0,-0.06,6.0,0.5450000000128057,5.449935963380489e-06,2.7064676616915424,0.045499999997991834,0.03137931034344264,200.0,6.896551724137931,60.0,0.5800000000000002,naive_symmetric,0.0,29.0,289933
-3.608890963846534e-11,-0.019999999999999997,4.78,-3.4924424463511627e-12,0.12000000000000004,23.0,0.115,0.0575,0.0,0.5199999999604188,100000.51999999996,0.18000000000000002,0.9463204468147677,1.0,-0.02,2.0,0.08999999999650754,8.99995004992798e-07,0.8159203980099502,0.02599999999802094,0.02260869565045299,200.0,8.695652173913043,60.0,0.4800000000000001,inventory_skew,0.0,23.0,229930
-9.313225537987968e-12,0.01,24.725,1.4551918697813804e-11,0.01,1.0,0.005,0.0025,0.0,-0.00999999999476131,99999.99,-0.01,0.12216944435630522,1.0,-0.02,1.0,0.010000000009313226,9.999997509313847e-08,0.014925373134328358,-0.0004999999997380655,-0.00999999999476131,200.0,200.0,60.0,0.03,avellaneda_stoikov,0.0,1.0,9988
-1.5134227204782746e-11,-0.019999999999999997,6.205,2.0372706993621037e-11,0.08,15.0,0.075,0.0375,0.0,0.4900000000052387,100000.49,0.14,1.0172639139607609,1.0,-0.02,3.0,0.16499999999359716,1.6499913374814496e-06,0.7164179104477612,0.024500000000261934,0.03266666666701591,200.0,13.333333333333334,60.0,0.4500000000000002,microstructure_adaptive,0.0,15.0,149983
-2.7357893728208182e-11,-0.029999999999999978,4,2.3283083794289894e-11,0.16000000000000006,30.0,0.15,0.075,0.0,0.47999999999592546,100000.48,0.08000000000000007,2.1877087675788323,1.0,-0.04,3.0,0.5349999999889405,5.349951582827582e-06,2,0.023999999999796275,0.015999999999864182,200.0,6.666666666666667,61.0,0.6000000000000002,naive_symmetric,0.0,30.0,300324
-1.5716317136593716e-11,-0.029999999999999992,4.815,1.6880247200035114e-11,0.14000000000000004,27.0,0.135,0.0675,0.0,0.47000000000116415,100000.47,0.029999999999999978,1.3289729697134007,1.0,-0.02,2.0,0.2449999999953434,2.4499840750569462e-06,1.1293532338308458,0.023500000000058207,0.017407407407450524,200.0,7.407407407407407,61.0,0.6000000000000002,inventory_skew,0.0,27.0,270296
-1.7462281620694853e-11,-0.01,27.57,1.6298139920989385e-11,0.02,3.0,0.015,0.0075,0.0,0.029999999998835847,100000.03,-0.05,0.23393667553251238,1.0,-0.02,1.0,0.07000000000698492,6.999994050703549e-07,0.05472636815920398,0.0014999999999417923,0.00999999999961195,200.0,66.66666666666667,61.0,0.12,avellaneda_stoikov,0.0,3.0,30016
4.889449956024805e-11,-0.10000000000000002,6.385,-5.762557445110339e-11,0.11000000000000001,18.0,0.09,0.045,0.0,0.34999999999126885,100000.34999999999,-0.010000000000000078,1.817548510236983,1.0,-0.08,4.0,0.5149999999994179,5.149965752721924e-06,1.4825870646766168,0.01749999999956344,0.01944444444395938,200.0,11.11111111111111,61.0,0.55,microstructure_adaptive,0.0,18.0,180172
3.317834895710803e-11,0.08,4,-2.1536827876644793e-11,0.14,22.0,0.11,0.055,0.0,0.7000000000116415,100000.70000000001,0.5199999999999999,2.722670623373875,1.0,-0.12,8.0,0.3249999999970896,3.2499723752057063e-06,1.9701492537313432,0.03500000000058208,0.03181818181871098,200.0,9.090909090909092,62.0,0.4400000000000001,naive_symmetric,0.0,22.0,220288
-2.1536938898947255e-11,0.13,4.78,2.6193471003299607e-11,0.11000000000000001,18.0,0.09,0.045,0.0,0.3800000000046566,100000.38,0.18000000000000008,2.5538966423294216,1.0,-0.08,6.0,0.5149999999994179,5.149975280112835e-06,2.0348258706467663,0.01900000000023283,0.02111111111136981,200.0,11.11111111111111,62.0,0.39,inventory_skew,0.0,18.0,180225
-6.402628427437662e-12,0.03,24.52,2.9103872090097127e-12,0.01,2.0,0.01,0.005,0.0,-0.16000000000349246,99999.84,-0.21000000000000021,0.9773555548504418,0.0,0.0,1.0,0.2900000000081491,2.8999992750816715e-06,0.9552238805970149,-0.008000000000174623,-0.08000000000174623,200.0,100.0,62.0,0.06,avellaneda_stoikov,0.0,2.0,20023
-1.979083563696804e-11,0.13999999999999999,6.215,4.249160398539509e-11,0.09,15.0,0.075,0.03787878787878788,0.0,0.290000000022701,100000.29000000002,0.010000000000000092,2.3115543649435444,1.0,-0.06,5.0,0.5149999999994179,5.149981202562789e-06,1.8805970149253732,0.01450000000113505,0.01933333333484673,200.0,13.333333333333334,62.0,0.43000000000000005,microstructure_adaptive,0.0,15.0,150187
2.9687363678476686e-11,-0.02999999999999999,4,-6.984926526065749e-12,0.18000000000000005,27.0,0.135,0.07317073170731707,0.0,-2.209999999977299,99997.79000000002,-2.390000000000001,7.2746407478273625,1.0,-0.18,10.0,2.510000000023865,2.509997113527184e-05,6.651741293532338,-0.11049999999886495,-0.08185185185101107,200.0,7.407407407407407,63.0,0.5400000000000001,naive_symmetric,0.15422885572139303,27.0,270605
4.2491454799176154e-11,-0.009999999999999978,4.87,-4.8312317688092854e-11,0.15000000000000002,26.0,0.13,0.065,0.0,-0.8500000000058208,99999.15,-1.2200000000000002,3.77475247120993,1.0,-0.08,6.0,1.084999999991851,1.0849991862424615e-05,3.5323383084577116,-0.04250000000029104,-0.03269230769253157,200.0,7.6923076923076925,63.0,0.6000000000000003,inventory_skew,0.0,26.0,260650
1.7464363288866025e-12,0.05,27.845,-2.328311154986551e-12,0.02,3.0,0.015,0.0075,0.0,-0.3600000000005821,99999.64,-0.42000000000000015,0.9722518356068021,1.0,-0.02,1.0,0.4400000000023283,4.4000000000232835e-06,0.945273631840796,-0.018000000000029104,-0.12000000000019402,200.0,66.66666666666667,63.0,0.1,avellaneda_stoikov,0.0,3.0,30076
-2.6193047730771468e-11,0.010000000000000004,6.245,4.016329283040854e-11,0.09,16.0,0.08,0.04155844155844156,0.0,-0.8599999999860302,99999.14000000001,-1.2000000000000004,3.261413178424042,1.0,-0.04,5.0,1.1049999999959255,1.1049990054968203e-05,2.9751243781094527,-0.04299999999930151,-0.053749999999126885,200.0,12.5,63.0,0.47,microstructure_adaptive,0.0,16.0,160347
-3.20147242049984e-11,-2.0816681711721685e-17,4,4.540198772495785e-11,0.15000000000000002,27.0,0.135,0.0675,0.0,0.7800000000133878,100000.78000000001,0.45000000000000034,1.5242647685284583,1.0,-0.06,4.0,0.21000000000640284,2.0999793152677728e-06,1.228855721393035,0.03900000000066939,0.02888888888938473,200.0,7.407407407407407,64.0,0.5400000000000001,naive_symmetric,0.0,27.0,269738
6.402656183013278e-12,0.01999999999999998,4.675,1.2223628359508965e-11,0.12000000000000002,22.0,0.11,0.055,0.0,0.5200000000186265,100000.52000000002,0.21000000000000008,1.304412717399456,1.0,-0.04,3.0,0.21000000000640284,2.099984775174408e-06,0.945273631840796,0.026000000000931323,0.023636363637210292,200.0,9.090909090909092,64.0,0.4700000000000001,inventory_skew,0.0,22.0,219814
4.07454625594994e-12,-0.02,29.26,-1.2805683596850415e-11,0.01,2.0,0.01,0.005,0.0,0.09999999999126885,100000.09999999999,0.01999999999999999,0.3232299675777271,0.0,0.0,1.0,0.07000000000698492,6.999991250709429e-07,0.1044776119402985,0.004999999999563442,0.049999999995634425,200.0,100.0,64.0,0.09,avellaneda_stoikov,0.0,2.0,19977
1.746242039857293e-11,0.02999999999999999,6.35,-6.984917852448369e-11,0.06999999999999999,13.0,0.065,0.0325,0.0,0.3499999999476131,100000.34999999995,0.04999999999999999,0.9277373105642218,1.0,-0.02,2.0,0.13999999999941792,1.3999935600238036e-06,0.5422885572139303,0.017499999997380656,0.026923076919047162,200.0,15.384615384615385,64.0,0.3899999999999999,microstructure_adaptive,0.0,13.0,129887
-3.72533115466922e-11,-0.09,4,2.2701007740266732e-11,0.15000000000000002,26.0,0.13,0.065,0.0,0.24999999998544808,100000.24999999999,-0.039999999999999716,4.527967266024463,1.0,-0.08,8.0,1.430000000022119,1.4299878451254355e-05,3.736318407960199,0.012499999999272404,0.009615384614824926,200.0,7.6923076923076925,65.0,0.5200000000000001,naive_symmetric,0.0,26.0,260150
-1.7464918400378338e-12,-0.04999999999999999,4.69,-3.3760418072237286e-11,0.12000000000000004,23.0,0.115,0.0575,0.0,0.2899999999644933,100000.28999999996,-0.07999999999999989,2.618343253478204,1.0,-0.02,5.0,0.6000000000058208,5.999957700356422e-06,1.9900497512437811,0.014499999998224666,0.012608695650630145,200.0,8.695652173913043,65.0,0.5100000000000002,inventory_skew,0.0,23.0,230113
4.07452890871518e-12,0.0,26.775,-5.238687955655408e-12,0.02,2.0,0.01,0.005,0.0,0.029999999998835847,100000.03,0.02,0.2821382463434393,1.0,-0.04,2.0,0.020000000004074536,1.9999988004081733e-07,0.04975124378109453,0.0014999999999417923,0.014999999999417923,200.0,100.0,65.0,0.07,avellaneda_stoikov,0.0,2.0,20007
2.7357449638998332e-11,-0.049999999999999996,6.3,-6.111802730579541e-11,0.09000000000000001,18.0,0.09,0.04627249357326478,0.0,0.36999999996623956,100000.36999999997,-0.07999999999999986,2.434208933992388,0.0,0.0,5.0,0.5700000000069849,5.699956965394762e-06,1.8258706467661692,0.018499999998311978,0.020555555553679977,200.0,11.11111111111111,65.0,0.54,microstructure_adaptive,0.0,18.0,180070
-2.211900107518261e-11,-0.1,4,3.0850072496590997e-11,0.15000000000000002,27.0,0.135,0.0675,0.0,0.15000000000873115,100000.15000000001,-0.18000000000000005,2.1077917519650136,1.0,-0.06,6.0,0.555000000007567,5.5499619828360865e-06,1.7960199004975124,0.007500000000436558,0.005555555555878932,200.0,7.407407407407407,66.0,0.5400000000000001,naive_symmetric,0.0,27.0,270721
-9.89541781848402e-12,-0.07,4.63,4.190953833971278e-11,0.12000000000000004,24.0,0.12,0.06,0.0,0.3000000000320142,100000.30000000003,-0.11999999999999998,1.2155706233281995,0.0,0.0,3.0,0.20500000000174623,2.0499906725599022e-06,0.8706467661691543,0.01500000000160071,0.012500000001333925,200.0,8.333333333333334,66.0,0.5400000000000001,inventory_skew,0.0,24.0,240660
-9.895279040605942e-12,-0.06,24.78,4.07452890871518e-12,0.03,3.0,0.015,0.0075,0.0,0.14999999999417923,100000.15,0.13,0.4112836355311519,1.0,-0.06,2.0,0.03999999999359716,3.9999903993827575e-07,0.08955223880597014,0.007499999999708962,0.04999999999805974,200.0,66.66666666666667,66.0,0.11,avellaneda_stoikov,0.0,3.0,30087
-3.143219018397758e-11,-0.08000000000000002,6.18,3.2596307597554386e-11,0.09000000000000001,17.0,0.085,0.0425,0.0,0.47000000000116415,100000.47,0.06000000000000009,1.1718081448591355,1.0,-0.02,3.0,0.2600000000093132,2.59998661016209e-06,0.8557213930348259,0.023500000000058207,0.02764705882359789,200.0,11.764705882352942,66.0,0.52,microstructure_adaptive,0.0,17.0,170451
-4.1327469224583524e-11,0.030000000000000002,4,3.783498514486894e-11,0.049999999999999996,10.0,0.05,0.025,0.0,0.08999999999650754,100000.09,-0.059999999999999956,0.9357467021300495,0.0,0.0,2.0,0.29499999999825377,2.949993952494935e-06,0.6169154228855721,0.004499999999825377,0.008999999999650754,200.0,20.0,67.0,0.19999999999999998,naive_symmetric,0.0,10.0,100236
-4.132749698015914e-11,0.030000000000000002,4.49,2.7357609233558122e-11,0.049999999999999996,10.0,0.05,0.025,0.0,0.10999999998603016,100000.10999999999,-0.059999999999999956,0.9357467021300495,0.0,0.0,2.0,0.28500000000349246,2.8499941575469018e-06,0.6169154228855721,0.005499999999301508,0.010999999998603016,200.0,20.0,67.0,0.21999999999999997,inventory_skew,0.0,10.0,100238
0.0,0.0,27.78,0.0,0.0,0.0,0.0,0.0,0.0,0.0,100000.0,0.0,0.0,0.0,0.0,0.0,0.0,0.0,0,0.0,0.0,200.0,0.0,67.0,0.0,avellaneda_stoikov,0.0,0.0,0
-5.820677273504771e-12,0.06999999999999999,6.24,2.3283080324842942e-11,0.04,7.0,0.035,0.0175,0.0,0.3000000000174623,100000.30000000002,0.1499999999999999,0.8434706788440555,1.0,-0.02,1.0,0.1299999999901047,1.2999960349131401e-06,0.7114427860696517,0.015000000000873115,0.04285714285963747,200.0,28.571428571428573,67.0,0.21,microstructure_adaptive,0.0,7.0,70163
-1.8626489239892408e-11,-0.010000000000000004,4,1.804438543029363e-11,0.12000000000000002,19.0,0.095,0.0475,0.0,-0.3600000000005821,99999.64,-0.52,2.1089715963070366,1.0,-0.1,5.0,0.5449999999982538,5.4499831050349125e-06,1.6318407960199004,-0.018000000000029104,-0.018947368421083268,200.0,10.526315789473685,68.0,0.38000000000000006,naive_symmetric,0.0,19.0,189880
1.862641985095337e-11,0.009999999999999992,4.515,-2.6775501954512393e-11,0.1,16.0,0.08,0.04,0.0,-0.04000000000814907,99999.95999999999,-0.22999999999999998,1.4575246514048181,1.0,-0.08,4.0,0.41499999999359716,4.149980287529606e-06,0.8606965174129353,-0.0020000000004074536,-0.002500000000509317,200.0,12.5,68.0,0.37,inventory_skew,0.0,16.0,159892
0.0,0.0,28.4,0.0,0.0,0.0,0.0,0.0,0.0,0.0,100000.0,0.0,0.0,0.0,0.0,0.0,0.0,0.0,0,0.0,0.0,200.0,0.0,68.0,0.0,avellaneda_stoikov,0.0,0.0,0
1.746229549848266e-11,0.009999999999999992,6.245,-5.2386740778676e-12,0.09,14.0,0.07,0.035,0.0,0.06000000001222361,100000.06000000001,-0.2,1.4334316754415621,1.0,-0.08,4.0,0.40499999999883585,4.049977117617643e-06,0.7910447761194029,0.0030000000006111804,0.004285714286587401,200.0,14.285714285714286,68.0,0.43,microstructure_adaptive,0.0,14.0,139895
6.403100272223128e-12,0.06999999999999999,4,-2.211887617509234e-11,0.20000000000000007,33.0,0.165,0.0825,0.0,1.779999999984284,100001.77999999998,1.46,3.577152484937917,1.0,-0.14,8.0,0.35000000000582077,3.4999266765943333e-06,2.7661691542288556,0.0889999999992142,0.053939393938917696,200.0,6.0606060606060606,69.0,0.6600000000000003,naive_symmetric,0.0,33.0,329647
1.7460477508279837e-12,0.06,4.725,-1.9208509782764338e-11,0.15000000000000002,27.0,0.135,0.0675,0.0,0.6999999999825377,100000.69999999998,0.3299999999999999,1.4592303566712304,1.0,-0.06,4.0,0.16500000000814907,1.6499862226965316e-06,1.0348258706467661,0.03499999999912688,0.025925925925279175,200.0,7.407407407407407,69.0,0.5800000000000002,inventory_skew,0.0,27.0,269702
-9.895306796181558e-12,0.05,28.23,1.7462302437376565e-11,0.01,2.0,0.01,0.005,0.0,0.430000000007567,100000.43000000001,0.38,0.9899997487310601,0.0,0.0,1.0,0.17999999999301508,1.7999922599634327e-06,0.9800995024875622,0.02150000000037835,0.2150000000037835,200.0,100.0,69.0,0.06,avellaneda_stoikov,0.0,2.0,19964
-1.2223888568030361e-11,0.01999999999999999,6.205,-1.5133960057367446e-11,0.1,18.0,0.09,0.045,0.0,0.8299999999726424,100000.82999999997,0.44000000000000017,1.1219208829778022,1.0,-0.04,3.0,0.11999999999534339,1.1999889600550018e-06,0.7910447761194029,0.04149999999863212,0.04611111110959124,200.0,11.11111111111111,69.0,0.5300000000000001,microstructure_adaptive,0.0,18.0,179795
2.3864979437071554e-11,0.04,4,2.9103941479036166e-12,0.10000000000000002,20.0,0.1,0.05,0.0,0.060000000026775524,100000.06000000003,-0.2399999999999999,1.9342423664934827,0.0,0.0,3.0,0.2550000000046566,2.5499963025519267e-06,1.5621890547263682,0.0030000000013387764,0.0030000000013387764,200.0,10.0,70.0,0.4000000000000001,naive_symmetric,0.0,20.0,200244
4.016320609423474e-11,0.010000000000000004,4.735,4.074556664290796e-12,0.1,18.0,0.09,0.045,0.0,0.3600000000442378,100000.36000000004,0.09000000000000002,1.6360369541739836,1.0,-0.04,3.0,0.27000000000407454,2.6999844751300125e-06,1.2835820895522387,0.018000000002211893,0.020000000002457656,200.0,11.11111111111111,70.0,0.41000000000000003,inventory_skew,0.0,18.0,180226
-9.313216864370588e-12,-0.01,24.125,5.8207640096785696e-12,0.02,3.0,0.015,0.0075,0.0,0.08999999999650754,100000.09,-0.010000000000000002,0.19950186722152657,1.0,-0.02,1.0,0.04000000000814907,3.999993800824516e-07,0.03980099502487562,0.004499999999825377,0.029999999998835847,200.0,66.66666666666667,70.0,0.14,avellaneda_stoikov,0.0,3.0,30051
8.148870467294955e-12,0.03,6.125,5.820795234701137e-12,0.06999999999999999,14.0,0.07,0.035,0.0,0.39000000001396984,100000.39000000001,0.04000000000000002,0.7123641530615955,0.0,0.0,1.0,0.09000000001105946,8.999959951284161e-07,0.5074626865671642,0.019500000000698493,0.027857142858140702,200.0,14.285714285714286,70.0,0.42000000000000015,microstructure_adaptive,0.0,14.0,140180
2.328304216092647e-11,-0.06999999999999999,4,-2.968589263296906e-11,0.13000000000000003,26.0,0.13,0.065,0.0,0.28999999999359716,100000.29,-0.10000000000000003,1.0269987186745677,0.0,0.0,2.0,0.1849999999976717,1.8499946349922755e-06,0.746268656716418,0.014499999999679858,0.01115384615359989,200.0,7.6923076923076925,71.0,0.5200000000000001,naive_symmetric,0.0,26.0,260364
2.3282875627472777e-11,-0.06999999999999999,4.595,-3.085004127156843e-11,0.13000000000000003,26.0,0.13,0.065,0.0,0.319999999992433,100000.31999999999,-0.10000000000000003,1.0269987186745677,0.0,0.0,2.0,0.1849999999976717,1.849994079995661e-06,0.746268656716418,0.01599999999962165,0.01230769230740127,200.0,7.6923076923076925,71.0,0.5500000000000003,inventory_skew,0.0,26.0,260367
3.492428568563355e-12,-0.04,30.13,-1.047738285020472e-11,0.01,1.0,0.005,0.0025,0.0,0.17999999999301508,100000.18,0.16,0.2821382463434393,1.0,-0.02,1.0,0.04000000000814907,3.999992800827866e-07,0.07960199004975124,0.008999999999650754,0.17999999999301508,200.0,200.0,71.0,0.05,avellaneda_stoikov,0.0,1.0,10017
2.3283250327743588e-11,-0.07,6.34,-5.5297259826669887e-11,0.05999999999999999,12.0,0.06,0.03,0.0,-0.050000000032014214,99999.94999999997,-0.3500000000000002,1.2909944487358056,0.0,0.0,2.0,0.4800000000104774,4.799988960130166e-06,1.0796019900497513,-0.0025000000016007105,-0.004166666669334518,200.0,16.666666666666668,71.0,0.36,microstructure_adaptive,0.0,12.0,120169
-2.8521407458015346e-11,-0.009999999999999997,4,2.095476570040944e-11,0.11000000000000001,19.0,0.095,0.0475,0.0,1.069999999992433,100001.06999999999,0.8599999999999997,3.1512455091132567,1.0,-0.06,5.0,0.33500000000640284,3.3499541056927806e-06,2.81592039800995,0.05349999999962165,0.05631578947328595,200.0,10.526315789473685,72.0,0.38000000000000006,naive_symmetric,0.0,19.0,189896
2.7357005549788482e-11,-3.469446951953614e-18,4.86,-4.074534112885608e-11,0.09000000000000001,17.0,0.085,0.0425,0.0,0.9699999999866122,100000.96999999999,0.6700000000000003,2.2024409796080158,1.0,-0.02,4.0,0.17500000000291038,1.7499811002332212e-06,1.855721393034826,0.04849999999933061,0.05705882352862425,200.0,11.764705882352942,72.0,0.41000000000000014,inventory_skew,0.0,17.0,169912
0.0,0.0,27.89,0.0,0.0,0.0,0.0,0.0,0.0,0.0,100000.0,0.0,0.0,0.0,0.0,0.0,0.0,0.0,0,0.0,0.0,200.0,0.0,72.0,0.0,avellaneda_stoikov,0.0,0.0,0
8.731459999467006e-12,-0.010000000000000004,6.28,-1.68802194444595e-11,0.09,15.0,0.075,0.039473684210526314,0.0,1.209999999991851,100001.20999999999,0.8999999999999999,3.21145338372222,1.0,-0.06,5.0,0.28500000000349246,2.849956965684743e-06,2.870646766169154,0.060499999999592546,0.08066666666612339,200.0,13.333333333333334,72.0,0.45999999999999996,microstructure_adaptive,0.0,15.0,149928
-1.222363876784982e-11,-0.030000000000000006,4,5.937183383819544e-11,0.17000000000000007,33.0,0.165,0.0825,0.0,-0.0899999999528518,99999.91000000005,-0.5600000000000002,2.1440650469081235,1.0,-0.02,5.0,0.514999999984866,5.149994849853807e-06,1.8407960199004976,-0.004499999997642589,-0.0027272727258439936,200.0,6.0606060606060606,73.0,0.6600000000000003,naive_symmetric,0.0,33.0,330413
4.423783908635848e-11,0.04,4.715,-1.6298122573754625e-11,0.14000000000000004,27.0,0.135,0.0675,0.0,0.030000000027939677,100000.03000000003,-0.3900000000000002,1.1241359313000368,1.0,-0.02,3.0,0.3099999999831198,3.0999990698314758e-06,0.8855721393034826,0.001500000001396984,0.001111111112145914,200.0,7.407407407407407,73.0,0.5800000000000002,inventory_skew,0.0,27.0,270344
-5.238687955655408e-12,-0.01,28.06,5.23869142510236e-12,0.01,1.0,0.005,0.0025,0.0,0.0,100000.0,0.01,0.0,1.0,-0.02,0.0,0.0,0.0,0,0.0,0.0,200.0,200.0,73.0,0.02,avellaneda_stoikov,0.0,1.0,10024
1.0477174683387602e-11,-0.00999999999999999,6.24,-1.804434726637716e-11,0.09,16.0,0.08,0.04,0.0,-0.180000000007567,99999.81999999999,-0.52,1.1197014527469284,1.0,-0.04,2.0,0.33999999999650754,3.399997449966988e-06,0.9154228855721394,-0.00900000000037835,-0.011250000000472937,200.0,12.5,73.0,0.4700000000000002,microstructure_adaptive,0.0,16.0,160195
-5.005862391271876e-11,0.009999999999999992,4,9.196812755796202e-11,0.18000000000000005,32.0,0.16,0.08,0.0,-1.3299999999580905,99998.67000000004,-1.71,3.924663689365863,1.0,-0.08,7.0,1.834999999991851,1.8349888983090155e-05,3.3233830845771144,-0.06649999999790453,-0.04156249999869033,200.0,6.25,74.0,0.6400000000000002,naive_symmetric,0.0,32.0,319801
2.6193269775376393e-11,-3.469446951953614e-18,4.89,1.164188537239319e-12,0.15000000000000005,28.0,0.14,0.07,0.0,-0.5799999999726424,99999.42000000003,-1.05,2.6588816711718355,1.0,-0.04,5.0,1.014999999984866,1.0149950772587412e-05,2.3233830845771144,-0.02899999999863212,-0.020714285713308658,200.0,7.142857142857143,74.0,0.6600000000000003,inventory_skew,0.0,28.0,279829
-1.7462281620694853e-12,0.03,27.82,4.074532378162132e-12,0.01,1.0,0.005,0.0025,0.0,-0.059999999997671694,99999.94,-0.08,0.2821382463434393,1.0,-0.02,1.0,0.08999999999650754,8.999995049653477e-07,0.07960199004975124,-0.0029999999998835845,-0.059999999997671694,200.0,200.0,74.0,0.05,avellaneda_stoikov,0.0,1.0,9964
4.0745185003743245e-12,0.05,6.32,1.3969866929919306e-11,0.09000000000000001,17.0,0.085,0.0425,0.0,0.16000000001804437,100000.16000000002,-0.2300000000000001,1.5242647685284583,1.0,-0.02,3.0,0.375,3.749979000117599e-06,1.3880597014925373,0.00800000000090222,0.009411764706943786,200.0,11.764705882352942,74.0,0.5000000000000001,microstructure_adaptive,0.0,17.0,169894
-4.6562753652779065e-12,-0.14,4,1.8044399308081438e-11,0.16000000000000003,24.0,0.12,0.06015037593984962,0.0,0.5300000000133878,100000.53000000001,0.3699999999999995,6.683312551921141,1.0,-0.16,10.0,1.0800000000017462,1.0799869321598669e-05,6.248756218905473,0.026500000000669387,0.022083333333891158,200.0,8.333333333333334,75.0,0.48000000000000015,naive_symmetric,0.004975124378109453,24.0,240173
2.0372814546476548e-11,-0.13,4.85,-2.5029266853549004e-11,0.1,18.0,0.09,0.045,0.0,0.6199999999953434,100000.62,0.34999999999999976,3.2864867297580287,1.0,-0.04,5.0,0.6000000000058208,5.999947500517579e-06,3.0696517412935322,0.03099999999976717,0.03444444444418574,200.0,11.11111111111111,75.0,0.41000000000000014,inventory_skew,0.0,18.0,180142
-8.14915322722154e-12,0.02,31.59,1.3387763120320528e-11,0.01,1.0,0.005,0.0025,0.0,-0.00999999999476131,99999.99,-0.03999999999999992,0.9899997487310601,1.0,-0.02,1.0,0.180000000007567,1.7999979300780503e-06,0.9800995024875622,-0.0004999999997380655,-0.00999999999476131,200.0,200.0,75.0,0.06,avellaneda_stoikov,0.0,1.0,10007
2.9103830456733704e-11,-0.12,6.525,-1.396983917434369e-11,0.08,15.0,0.075,0.0375,0.0,0.610000000015134,100000.61000000002,0.2499999999999999,2.4887807960417625,1.0,-0.02,4.0,0.3600000000005821,3.599973180205628e-06,2.353233830845771,0.0305000000007567,0.0406666666676756,200.0,13.333333333333334,75.0,0.46,microstructure_adaptive,0.0,15.0,150116
-5.12228037763407e-11,-0.11,4,5.7625598737232053e-11,0.13000000000000003,26.0,0.13,0.065,0.0,0.46000000000640284,100000.46,0.06999999999999999,2.4198597878874772,0.0,0.0,4.0,0.5650000000168802,5.649974010288354e-06,2.014925373134328,0.023000000000320143,0.017692307692553956,200.0,7.6923076923076925,76.0,0.5200000000000001,naive_symmetric,0.0,26.0,259083
-1.1102230246251565e-16,-0.06000000000000001,4.385,2.1536852162773457e-11,0.13000000000000003,23.0,0.115,0.0575,0.0,0.32000000002153683,100000.32000000002,0.0,0.8225672710623038,1.0,-0.06,3.0,0.13500000000931323,1.349995072611117e-06,0.46766169154228854,0.01600000000107684,0.013913043479197253,200.0,8.695652173913043,76.0,0.5100000000000001,inventory_skew,0.0,23.0,229185
6.984912648277941e-12,-0.01,29.28,6.938893903907228e-18,0.02,2.0,0.01,0.005,0.0,0.07000000000698492,100000.07,0.07,0.2992528008322899,1.0,-0.04,2.0,0.0,0.0,0.04975124378109453,0.003500000000349246,0.03500000000349246,200.0,100.0,76.0,0.06,avellaneda_stoikov,0.0,2.0,19911
-8.149259045353574e-12,-0.010000000000000007,6.23,1.8044399308081438e-11,0.11000000000000001,19.0,0.095,0.0475,0.0,0.3700000000098953,100000.37000000001,-0.04000000000000001,0.7364024424280043,1.0,-0.06,3.0,0.11500000000523869,1.1499952275721923e-06,0.3333333333333333,0.018500000000494767,0.019473684211047122,200.0,10.526315789473685,76.0,0.5800000000000002,microstructure_adaptive,0.0,19.0,189322
-2.9103941479036166e-11,0.030000000000000013,4,3.3760466644494613e-11,0.18000000000000005,32.0,0.16,0.08,0.0,0.3800000000046566,100000.38,-1.457167719820518e-16,3.7714560314306893,1.0,-0.08,6.0,1.179999999993015,1.1799916220524985e-05,3.4975124378109452,0.01900000000023283,0.01187500000014552,200.0,6.25,77.0,0.6400000000000002,naive_symmetric,0.0,32.0,320094
-3.725308950208728e-11,0.010000000000000002,4.5,3.026800685090869e-11,0.14000000000000004,28.0,0.14,0.07,0.0,0.4299999999930151,100000.43,-0.040000000000000056,1.289066151246148,0.0,0.0,3.0,0.10000000000582077,9.999951500817297e-07,0.8159203980099502,0.021499999999650753,0.015357142856893395,200.0,7.142857142857143,77.0,0.6100000000000002,inventory_skew,0.0,28.0,280051
1.3969853052131498e-11,0.03,22.38,-1.4551908289472948e-11,0.02,2.0,0.01,0.005,0.0,-0.11000000000058208,99999.89,-0.11000000000000001,0.9874838622020375,1.0,-0.04,2.0,0.33999999999650754,3.3999926899807923e-06,0.9651741293532339,-0.005500000000029104,-0.05500000000029104,200.0,100.0,77.0,0.06,avellaneda_stoikov,0.0,2.0,20021
-9.895584351937714e-12,0.060000000000000005,6.055,9.895324143416317e-12,0.1,18.0,0.09,0.045,0.0,0.25,100000.25,-0.11999999999999998,1.625358743409011,1.0,-0.04,3.0,0.34499999998661224,3.449988097407187e-06,1.1890547263681592,0.0125,0.013888888888888888,200.0,11.11111111111111,77.0,0.5100000000000002,microstructure_adaptive,0.0,18.0,180087
-3.667111059257877e-11,0.19000000000000003,4,3.550666705098848e-11,0.19000000000000006,29.0,0.145,0.0725,0.0,0.5299999999988358,100000.53,0.32000000000000006,4.328546916455937,1.0,-0.18,9.0,0.8300000000017462,8.299921980750844e-06,3.174129353233831,0.026499999999941792,0.018275862068925373,200.0,6.896551724137931,78.0,0.5800000000000002,naive_symmetric,0.0,29.0,290412
-6.46107056745393e-11,0.17,4.755,4.423785469886976e-11,0.15000000000000002,26.0,0.13,0.065,0.0,0.3999999999796273,100000.39999999998,0.040000000000000015,2.341492486572745,1.0,-0.08,5.0,0.3550000000104774,3.5499787002325725e-06,1.8208955223880596,0.019999999998981367,0.01538461538383182,200.0,7.6923076923076925,78.0,0.5900000000000002,inventory_skew,0.0,26.0,260355
1.0477396727992527e-11,0.05000000000000001,28.24,-5.238684486208456e-12,0.030000000000000002,5.0,0.025,0.0125,0.0,0.2400000000052387,100000.24,-0.02000000000000001,0.9489454739013253,1.0,-0.02,1.0,0.17999999999301508,1.7999937899515754e-06,0.900497512437811,0.012000000000261935,0.04800000000104774,200.0,40.0,78.0,0.31,avellaneda_stoikov,0.0,5.0,50065
1.1640688413194766e-12,0.15,6.25,4.4237835616911525e-11,0.1,17.0,0.085,0.0425,0.0,0.580000000045402,100000.58000000005,0.22000000000000006,1.78300434032336,1.0,-0.06,4.0,0.3550000000104774,3.5499726653152493e-06,1.2985074626865671,0.0290000000022701,0.034117647061494234,200.0,11.764705882352942,78.0,0.52,microstructure_adaptive,0.0,17.0,170234
6.4029059831938184e-12,-0.05,4,1.746230937627047e-11,0.06999999999999999,10.0,0.05,0.025,0.0,0.010000000023865141,100000.01000000002,-0.04000000000000008,2.466693559084278,1.0,-0.08,4.0,0.46499999999650754,4.649982562530465e-06,2.0348258706467663,0.0005000000011932571,0.0010000000023865142,200.0,20.0,79.0,0.19999999999999998,naive_symmetric,0.0,10.0,100120
-9.313161353219357e-12,-0.03,4.85,5.8207744180194254e-12,0.04,7.0,0.035,0.0175,0.0,0.08999999999650754,100000.09,-0.010000000000000061,1.4177271418563655,1.0,-0.02,2.0,0.3000000000029104,2.9999898000637836e-06,1.2338308457711442,0.004499999999825377,0.012857142856643935,200.0,28.571428571428573,79.0,0.16,inventory_skew,0.0,7.0,70085
-5.820788295807233e-12,-0.01,23.735,-5.820760540231618e-13,0.01,2.0,0.01,0.005,0.0,0.28999999999359716,100000.29,0.15000000000000002,0.6874858659786381,0.0,0.0,1.0,0.10000000000582077,9.999971000666175e-07,0.472636815920398,0.014499999999679858,0.14499999999679858,200.0,100.0,79.0,0.15,avellaneda_stoikov,0.0,2.0,20026
2.9103386367523854e-12,-0.03,6.1,-5.820656456823059e-13,0.030000000000000002,6.0,0.03,0.015,0.0,0.1900000000023283,100000.19,0.05,0.7053456158585982,0.0,0.0,1.0,0.14999999999417923,1.4999954249557462e-06,0.4975124378109453,0.009500000000116415,0.03166666666705472,200.0,33.333333333333336,79.0,0.17,microstructure_adaptive,0.0,6.0,60072
-3.3759883777406685e-11,-0.08,4,3.667084691461042e-11,0.21000000000000008,37.0,0.185,0.0925,0.0,1.3000000000029104,100001.3,0.8699999999999993,4.627948838066514,1.0,-0.1,9.0,0.5849999999918509,5.849902014059775e-06,4.124378109452737,0.06500000000014552,0.035135135135213796,200.0,5.405405405405405,80.0,0.7400000000000003,naive_symmetric,0.0,37.0,370493
4.016298404962981e-11,-0.13,4.62,-3.3178336814043696e-11,0.15000000000000005,29.0,0.145,0.0725,0.0,0.5700000000069849,100000.57,0.08999999999999993,1.8433691844686881,1.0,-0.02,5.0,0.2950000000128057,2.9499787602809826e-06,1.2686567164179106,0.028500000000349246,0.019655172414033962,200.0,6.896551724137931,80.0,0.6500000000000004,inventory_skew,0.0,29.0,290404
2.9103941479036166e-12,-0.019999999999999997,26.49,-6.402840063701731e-12,0.01,2.0,0.01,0.005,0.0,0.33999999999650754,100000.34,0.3,0.9773555548504418,0.0,0.0,1.0,0.11999999999534339,1.199995919967306e-06,0.9552238805970149,0.016999999999825377,0.16999999999825377,200.0,100.0,80.0,0.05,avellaneda_stoikov,0.0,2.0,20031
-5.238809386298726e-12,-0.13,6.22,1.9208554885574713e-11,0.11000000000000001,19.0,0.095,0.04773869346733668,0.0,0.6400000000139698,100000.64000000001,0.2599999999999999,2.1254206490300653,1.0,-0.06,5.0,0.33999999999650754,3.3999745001563236e-06,1.691542288557214,0.03200000000069849,0.03368421052705104,200.0,10.526315789473685,80.0,0.5500000000000002,microstructure_adaptive,0.0,19.0,190235
-1.1644019082268642e-12,0.03,4,2.7357630050239834e-11,0.15000000000000002,23.0,0.115,0.0575,0.0,1.4500000000261934,100001.45000000003,1.2800000000000002,5.941673382731895,1.0,-0.14,8.0,0.6399999999994179,6.399880322232152e-06,5.621890547263682,0.07250000000130967,0.06304347826200841,200.0,8.695652173913043,81.0,0.46000000000000013,naive_symmetric,0.0,23.0,229795
-4.6562753652779065e-12,0.030000000000000002,4.945,6.984940403853557e-12,0.12000000000000002,21.0,0.105,0.0525,0.0,1.1900000000023283,100001.19,0.8699999999999999,3.687413039703192,1.0,-0.06,6.0,0.3600000000005821,3.5999487007368357e-06,3.45771144278607,0.05950000000011642,0.05666666666677754,200.0,9.523809523809524,81.0,0.5,inventory_skew,0.0,21.0,209804
1.688027495561073e-11,0.01,27.77,-2.852175093326359e-11,0.02,3.0,0.015,0.0075,0.0,0.29999999998835847,100000.29999999999,0.19,0.8949832539637945,1.0,-0.02,1.0,0.13999999999941792,1.3999953100098909e-06,0.8009950248756219,0.014999999999417923,0.09999999999611948,200.0,66.66666666666667,81.0,0.15,avellaneda_stoikov,0.0,3.0,29947
3.550693072895683e-11,0.07,6.305,-3.4924597935859225e-12,0.09,16.0,0.08,0.041884816753926704,0.0,1.0500000000320142,100001.05000000003,0.71,2.90821447675134,1.0,-0.04,5.0,0.3000000000029104,2.9999623505016045e-06,2.6666666666666665,0.05250000000160071,0.06562500000200089,200.0,12.5,81.0,0.47,microstructure_adaptive,0.0,16.0,159874
7.56605889051798e-12,0.01999999999999999,4,-2.5029284200783763e-11,0.17000000000000004,28.0,0.14,0.07734806629834254,0.0,-0.3000000000174623,99999.69999999998,-0.5699999999999992,6.928203230275509,1.0,-0.12,10.0,1.3500000000058208,1.349991765056054e-05,6.258706467661692,-0.015000000000873115,-0.010714285714909368,200.0,7.142857142857143,82.0,0.5600000000000002,naive_symmetric,0.1890547263681592,28.0,280381
1.2805423388329018e-11,-0.039999999999999994,4.69,-1.8626418116229893e-11,0.14000000000000004,28.0,0.14,0.07,0.0,0.39999999999417923,100000.4,-0.08000000000000008,3.110726107426188,0.0,0.0,6.0,0.3700000000098953,3.6999822401841997e-06,2.462686567164179,0.019999999999708962,0.014285714285506401,200.0,7.142857142857143,82.0,0.6200000000000003,inventory_skew,0.0,28.0,280410
0.0,0.0,28.03,0.0,0.0,0.0,0.0,0.0,0.0,0.0,100000.0,0.0,0.0,0.0,0.0,0.0,0.0,0.0,0,0.0,0.0,200.0,0.0,82.0,0.0,avellaneda_stoikov,0.0,0.0,0
2.7939650593111764e-11,0.0,6.33,-4.016328589151463e-11,0.1,18.0,0.09,0.0481283422459893,0.0,0.4399999999877764,100000.43999999999,0.029999999999999895,2.955726375691803,1.0,-0.04,5.0,0.40500000001338776,4.049973877802366e-06,2.4477611940298507,0.02199999999938882,0.024444444443765354,200.0,11.11111111111111,82.0,0.55,microstructure_adaptive,0.0,18.0,180258
2.4447333046850872e-11,-0.009999999999999993,4,-4.8894402415733396e-11,0.18000000000000005,29.0,0.145,0.0725,0.0,1.1299999999755528,100001.12999999998,0.8700000000000001,3.2292198278403736,1.0,-0.14,7.0,0.41499999999359716,4.149951652999215e-06,2.398009950248756,0.05649999999877764,0.038965517240536304,200.0,6.896551724137931,83.0,0.5800000000000002,naive_symmetric,0.0,29.0,289782
-1.5716206114291253e-11,-1.734723475976807e-18,4.705,-2.3283043895649946e-11,0.14,25.0,0.125,0.0625,0.0,0.8799999999610009,100000.87999999996,0.53,2.3499761827945176,1.0,-0.06,5.0,0.34500000001571607,3.4499691229335116e-06,1.8208955223880596,0.04399999999805004,0.035199999998440035,200.0,8.0,83.0,0.5500000000000002,inventory_skew,0.0,25.0,249877
0.0,0.0,27.64,0.0,0.0,0.0,0.0,0.0,0.0,0.0,100000.0,0.0,0.0,0.0,0.0,0.0,0.0,0.0,0,0.0,0.0,200.0,0.0,83.0,0.0,avellaneda_stoikov,0.0,0.0,0
2.3281376826389533e-12,0.019999999999999983,6.295,-2.4447190799525842e-11,0.09000000000000001,17.0,0.085,0.0425,0.0,0.3199999999778811,100000.31999999998,-0.060000000000000005,0.9515632594924629,1.0,-0.02,2.0,0.16999999999825377,1.6999944750004942e-06,0.746268656716418,0.015999999998894055,0.018823529410463592,200.0,11.764705882352942,83.0,0.49000000000000016,microstructure_adaptive,0.0,17.0,169908
-3.085032229677154e-11,0.16999999999999996,4,-1.3969825296555882e-11,0.16000000000000003,29.0,0.145,0.0725,0.0,0.5299999999551801,100000.52999999996,0.17,2.8755272066906112,1.0,-0.06,6.0,0.4950000000098953,4.94996436035556e-06,2.2388059701492535,0.026499999997759004,0.018275862067420004,200.0,6.896551724137931,84.0,0.5800000000000002,naive_symmetric,0.0,29.0,289824
1.105920910404734e-11,0.14999999999999997,4.775,-1.3969818357661978e-11,0.12000000000000004,23.0,0.115,0.0575,0.0,0.4499999999970896,100000.45,0.09000000000000002,1.5127978099965467,1.0,-0.02,3.0,0.20500000001629815,2.049987597738015e-06,1.2238805970149254,0.02249999999985448,0.019565217391177808,200.0,8.695652173913043,84.0,0.5000000000000002,inventory_skew,0.0,23.0,229884
5.819372761450836e-13,0.03,29.005,4.656615371079198e-12,0.03,4.0,0.02,0.01,0.0,-0.00999999999476131,99999.99,-0.13999999999999987,0.9619631668251951,1.0,-0.04,2.0,0.3099999999976717,3.0999951949841647e-06,0.8756218905472637,-0.0004999999997380655,-0.0024999999986903276,200.0,50.0,84.0,0.2,avellaneda_stoikov,0.0,4.0,39962
-1.222383305687913e-11,0.12999999999999998,6.275,-1.338773189529796e-11,0.10000000000000002,19.0,0.095,0.0475,0.0,0.40999999997438863,100000.40999999997,-0.06,1.0533056234153542,1.0,-0.02,2.0,0.11999999999534339,1.1999936399871424e-06,0.8407960199004975,0.02049999999871943,0.021578947367073085,200.0,10.526315789473685,84.0,0.5900000000000002,microstructure_adaptive,0.0,19.0,189890
-6.577471900470755e-11,0.10999999999999999,4,6.111805506137102e-11,0.18000000000000005,30.0,0.15,0.075,0.0,-0.1300000000046566,99999.87,-0.4300000000000001,2.070883196592784,1.0,-0.12,6.0,0.45500000001629815,4.549989990185003e-06,1.472636815920398,-0.006500000000232831,-0.004333333333488554,200.0,6.666666666666667,85.0,0.6000000000000002,naive_symmetric,0.0,30.0,300671
-5.064093588913465e-11,0.06,4.875,3.783500596155065e-11,0.14,25.0,0.125,0.0625,0.0,0.3299999999871943,100000.32999999999,-0.07,1.6451345421246075,1.0,-0.06,3.0,0.27999999999883585,2.799984180077741e-06,1.4029850746268657,0.016499999999359714,0.013199999999487773,200.0,8.0,85.0,0.6000000000000002,inventory_skew,0.0,25.0,250546
0.0,0.0,29.57,0.0,0.0,0.0,0.0,0.0,0.0,0.0,100000.0,0.0,0.0,0.0,0.0,0.0,0.0,0.0,0,0.0,0.0,200.0,0.0,85.0,0.0,avellaneda_stoikov,0.0,0.0,0
-2.4447333046850872e-11,0.049999999999999996,6.365,1.7462302437376565e-11,0.1,16.0,0.08,0.04177545691906005,0.0,0.4299999999930151,100000.43,0.1300000000000001,2.8240262707895356,1.0,-0.08,5.0,0.4850000000005821,4.849958532860365e-06,2.462686567164179,0.021499999999650753,0.026874999999563443,200.0,12.5,85.0,0.48,microstructure_adaptive,0.0,16.0,160365
-1.862653087325583e-11,0.009999999999999997,4,2.6775540118428864e-11,0.17000000000000004,29.0,0.145,0.0725,0.0,0.04000000000814907,100000.04000000001,-0.2700000000000001,2.5225352484359838,1.0,-0.1,5.0,0.5449999999837019,5.4499722049787736e-06,2.174129353233831,0.0020000000004074536,0.0013793103451085888,200.0,6.896551724137931,86.0,0.5800000000000002,naive_symmetric,0.0,29.0,290074
8.14884271171934e-12,-3.469446951953614e-18,4.94,-2.96858822246282e-11,0.14,25.0,0.125,0.0625,0.0,0.17999999997846317,100000.17999999998,-0.21000000000000005,1.7506217800871273,1.0,-0.06,4.0,0.3600000000005821,3.59998218009403e-06,1.4825870646766168,0.008999999998923158,0.007199999999138527,200.0,8.0,86.0,0.5900000000000003,inventory_skew,0.0,25.0,250065
5.820066650841227e-13,0.01,29.01,-2.328304216092647e-12,0.02,3.0,0.015,0.0075,0.0,-0.08000000000174623,99999.92,-0.13999999999999993,0.9874838622020375,1.0,-0.02,1.0,0.3099999999976717,3.099993334991047e-06,0.9751243781094527,-0.004000000000087311,-0.026666666667248744,200.0,66.66666666666667,86.0,0.1,avellaneda_stoikov,0.0,3.0,30003
2.793942854850684e-11,-0.010000000000000004,6.31,-5.820763315789179e-11,0.12000000000000002,22.0,0.11,0.055,0.0,0.279999999969732,100000.27999999997,-0.22000000000000003,1.5291528562283898,1.0,-0.04,3.0,0.23999999999068677,2.399988239964493e-06,1.3432835820895523,0.013999999998486602,0.01272727272589691,200.0,9.090909090909092,86.0,0.6600000000000003,microstructure_adaptive,0.0,22.0,220078
-3.084987820756169e-11,0.06999999999999999,4,5.238698363996264e-12,0.16000000000000003,26.0,0.13,0.065,0.0,-0.8400000000256114,99999.15999999997,-1.0800000000000003,3.521787198941308,1.0,-0.12,6.0,1.320000000006985,1.3199972280128064e-05,3.109452736318408,-0.04200000000128057,-0.03230769230867736,200.0,7.6923076923076925,87.0,0.5200000000000001,naive_symmetric,0.0,26.0,259634
-2.7357796583693528e-11,-3.469446951953614e-18,4.755,1.1059476251462641e-11,0.11000000000000003,21.0,0.105,0.0525,0.0,-0.08000000001629815,99999.91999999998,-0.41999999999999993,1.7420751621691777,1.0,-0.02,3.0,0.5,4.999988250027613e-06,1.3930348258706469,-0.004000000000814907,-0.003809523810299912,200.0,9.523809523809524,87.0,0.47000000000000014,inventory_skew,0.0,21.0,209723
4.07454625594994e-12,0.01,26.3,-1.5716067336413175e-11,0.01,1.0,0.005,0.0025,0.0,0.04999999998835847,100000.04999999999,0.01999999999999999,0.3596571059090113,1.0,-0.02,1.0,0.08000000000174623,7.999988400191443e-07,0.12935323383084577,0.0024999999994179236,0.04999999998835847,200.0,200.0,87.0,0.06,avellaneda_stoikov,0.0,1.0,9978
-2.328526260697572e-12,0.019999999999999997,6.265,-1.8044357674718015e-11,0.08,15.0,0.075,0.0375,0.0,-0.3500000000203727,99999.64999999998,-0.69,2.1440650469081235,1.0,-0.02,4.0,0.6999999999825377,6.999982499869127e-06,1.7611940298507462,-0.017500000001018635,-0.023333333334691512,200.0,13.333333333333334,87.0,0.44000000000000017,microstructure_adaptive,0.0,15.0,149829
-4.0745629092953095e-11,-0.039999999999999994,4,7.916241273608904e-11,0.19000000000000006,29.0,0.145,0.0821529745042493,0.0,2.010000000038417,100002.01000000004,1.8,7.533011924636547,1.0,-0.18,10.0,1.4049999999988358,1.4049698633952656e-05,6.885572139303482,0.10050000000192086,0.06931034482891094,200.0,6.896551724137931,88.0,0.5800000000000002,naive_symmetric,0.23383084577114427,29.0,290211
-2.6193491819981318e-11,-0.01,4.81,4.074539317056036e-11,0.16000000000000003,29.0,0.145,0.0725,0.0,1.250000000014552,100001.25000000001,0.8000000000000002,3.559026084010437,1.0,-0.06,7.0,0.4499999999970896,4.499941725725548e-06,3.1144278606965172,0.0625000000007276,0.04310344827636386,200.0,6.896551724137931,88.0,0.6700000000000002,inventory_skew,0.0,29.0,290216
1.1641465569312004e-11,-0.05,26.93,-1.9208520191105194e-11,0.02,3.0,0.015,0.0075,0.0,0.319999999992433,100000.31999999999,0.20000000000000007,0.42320736951515897,1.0,-0.02,1.0,0.059999999997671694,5.999979899834506e-07,0.1791044776119403,0.01599999999962165,0.10666666666414433,200.0,66.66666666666667,88.0,0.16,avellaneda_stoikov,0.0,3.0,30005
-8.730904887954694e-12,0.020000000000000004,6.23,1.920853059944605e-11,0.1,17.0,0.085,0.04533333333333334,0.0,0.9800000000104774,100000.98000000001,0.6,2.7858919630615158,1.0,-0.06,5.0,0.3500000000203727,3.4999641255714395e-06,2.308457711442786,0.04900000000052387,0.057647058824145725,200.0,11.764705882352942,88.0,0.5399999999999999,microstructure_adaptive,0.0,17.0,170111
-9.895348429544981e-12,0.05000000000000002,4,1.5716081214200983e-11,0.14000000000000004,23.0,0.115,0.0575,0.0,0.10000000000582077,100000.1,-0.12000000000000002,1.5850671313686604,1.0,-0.1,5.0,0.3850000000093132,3.849983445164318e-06,1.1592039800995024,0.005000000000291038,0.004347826087209599,200.0,8.695652173913043,89.0,0.46000000000000013,naive_symmetric,0.0,23.0,230216
-9.895556596362098e-12,0.05000000000000002,4.73,2.270101294443716e-11,0.14000000000000004,23.0,0.115,0.0575,0.0,0.17000000001280569,100000.17000000001,-0.12000000000000002,1.5850671313686604,1.0,-0.1,5.0,0.33500000000640284,3.3499849251318648e-06,1.1592039800995024,0.008500000000640284,0.007391304348382856,200.0,8.695652173913043,89.0,0.5300000000000002,inventory_skew,0.0,23.0,230223
7.566974824513295e-12,0.04000000000000001,28.5,-1.746229202903571e-11,0.04,6.0,0.03,0.015,0.0,0.1299999999901047,100000.12999999999,-0.07,0.4112836355311519,1.0,-0.04,2.0,0.11999999999534339,1.199997599958234e-06,0.11940298507462686,0.006499999999505235,0.02166666666501745,200.0,33.333333333333336,89.0,0.28,avellaneda_stoikov,0.0,6.0,60107
-4.0745185003743245e-12,0.09,6.325,-1.1641416997054677e-12,0.09,14.0,0.07,0.03535353535353535,0.0,0.2599999999947613,100000.26,-0.020000000000000018,1.3120186869194626,1.0,-0.08,5.0,0.3000000000029104,2.9999842501117905e-06,0.7960199004975125,0.012999999999738065,0.01857142857105438,200.0,14.285714285714286,89.0,0.44999999999999996,microstructure_adaptive,0.0,14.0,140143
-1.3970047341160807e-11,0.04000000000000002,4,-3.376042501113119e-11,0.15000000000000005,28.0,0.14,0.07,0.0,0.9799999999522697,100000.97999999995,0.6100000000000001,1.6130685198562533,1.0,-0.04,3.0,0.180000000007567,1.7999807402817498e-06,1.3681592039800996,0.04899999999761349,0.034999999998295346,200.0,7.142857142857143,90.0,0.5600000000000002,naive_symmetric,0.0,28.0,280297
1.396971427425342e-11,0.08000000000000002,4.825,-4.5401946091594425e-11,0.14000000000000004,26.0,0.13,0.065,0.0,0.8099999999685679,100000.80999999997,0.3899999999999999,1.440356506449581,1.0,-0.04,3.0,0.17999999999301508,1.7999839800727286e-06,1.228855721393035,0.04049999999842839,0.031153846152637225,200.0,7.6923076923076925,90.0,0.6000000000000002,inventory_skew,0.0,26.0,260271
5.238687955655408e-12,0.0,28.88,-6.402840063701731e-12,0.01,2.0,0.01,0.005,0.0,0.029999999998835847,100000.03,-0.01,0.09975093361076329,0.0,0.0,1.0,0.00999999999476131,9.999996994762212e-08,0.009950248756218905,0.0014999999999417923,0.014999999999417923,200.0,100.0,90.0,0.05,avellaneda_stoikov,0.0,2.0,20060
-1.1641798636219391e-11,0.010000000000000004,6.38,8.731168565923042e-12,0.1,18.0,0.09,0.045,0.0,0.9499999999970896,100000.95,0.55,1.4744929139313727,1.0,-0.04,3.0,0.13999999999941792,1.399985860136992e-06,1.208955223880597,0.04749999999985448,0.05277777777761609,200.0,11.11111111111111,90.0,0.5400000000000001,microstructure_adaptive,0.0,18.0,180197
3.4922897906852768e-12,0.18000000000000002,4,-2.910366392328001e-12,0.12000000000000002,20.0,0.1,0.05,0.0,-0.13999999999941792,99999.86,-0.3399999999999999,2.9056472720637894,1.0,-0.08,5.0,1.0749999999970896,1.0749995162473071e-05,2.3333333333333335,-0.006999999999970896,-0.006999999999970896,200.0,10.0,91.0,0.4000000000000001,naive_symmetric,0.0,20.0,199514
-5.238726119571879e-12,0.16,4.525,-5.238677547314552e-12,0.08,16.0,0.08,0.04,0.0,-0.23000000001047738,99999.76999999999,-0.49,1.0650485238752998,0.0,0.0,2.0,0.4200000000128057,4.1999979001291065e-06,0.7263681592039801,-0.011500000000523869,-0.014375000000654836,200.0,12.5,91.0,0.34,inventory_skew,0.0,16.0,159619
1.3387763120320528e-11,0.04,26.86,-2.0954758761515535e-11,0.02,2.0,0.01,0.005,0.0,-0.180000000007567,99999.81999999999,-0.22,0.47316022340738384,1.0,-0.04,2.0,0.1849999999976717,1.8499991674770916e-06,0.14427860696517414,-0.00900000000037835,-0.0900000000037835,200.0,100.0,91.0,0.1,avellaneda_stoikov,0.0,2.0,19946
-2.793987263771669e-11,0.09,6.32,3.550667745932934e-11,0.04,8.0,0.04,0.02,0.0,-0.319999999992433,99999.68000000001,-0.5299999999999998,1.7420751621691777,0.0,0.0,3.0,0.6149999999906868,6.149999692406883e-06,1.5422885572139304,-0.01599999999962165,-0.039999999999054126,200.0,25.0,91.0,0.25,microstructure_adaptive,0.0,8.0,79814
-6.053590961840882e-11,-0.04999999999999999,4,3.899915113070307e-11,0.15000000000000005,28.0,0.14,0.07,0.0,0.6799999999784632,100000.67999999998,0.30999999999999983,2.558762138533404,1.0,-0.04,4.0,0.3650000000052387,3.6499669678513286e-06,2.1791044776119404,0.033999999998923155,0.024285714284945113,200.0,7.142857142857143,92.0,0.5600000000000002,naive_symmetric,0.0,28.0,279875
-1.5716206114291253e-11,-0.039999999999999994,4.44,-4.656594554397486e-12,0.13000000000000003,25.0,0.125,0.0625,0.0,0.14999999997962732,100000.14999999998,-0.21999999999999997,0.8315902167276945,1.0,-0.02,2.0,0.22000000000116415,2.1999957100200074e-06,0.5223880597014925,0.007499999998981366,0.005999999999185093,200.0,8.0,92.0,0.5200000000000001,inventory_skew,0.0,25.0,249899
2.9103872090097127e-12,-0.02,30.76,9.313223803264492e-12,0.01,1.0,0.005,0.0025,0.0,0.06000000001222361,100000.06000000001,0.05,0.18661690879115475,1.0,-0.02,1.0,0.020000000004074536,1.999997900409658e-07,0.03482587064676617,0.0030000000006111804,0.06000000001222361,200.0,200.0,92.0,0.04,avellaneda_stoikov,0.0,1.0,10020
2.561106882126296e-11,-0.019999999999999997,6.29,-2.0372648013022854e-11,0.08,16.0,0.08,0.04,0.0,0.4900000000052387,100000.49,0.09000000000000011,1.2929198703109084,0.0,0.0,2.0,0.22000000000116415,2.1999891100655466e-06,1.0248756218905473,0.024500000000261934,0.030625000000327418,200.0,12.5,92.0,0.4800000000000002,microstructure_adaptive,0.0,16.0,159945
1.688002515543019e-11,-0.06,4,-8.149064756324265e-12,0.15000000000000002,24.0,0.12,0.06,0.0,0.15000000000873115,100000.15000000001,-0.05999999999999994,3.160703996144495,1.0,-0.12,6.0,0.5600000000122236,5.599984600164585e-06,2.388059701492537,0.007500000000436558,0.006250000000363798,200.0,8.333333333333334,93.0,0.48000000000000015,naive_symmetric,0.0,24.0,240160
1.7460755064035993e-12,-0.07999999999999999,4.705,-1.1641514141569331e-11,0.12000000000000002,21.0,0.105,0.0525,0.0,0.1299999999901047,100000.12999999999,-0.16999999999999993,1.824378855653404,1.0,-0.06,3.0,0.375,3.7499889375326343e-06,1.3980099502487562,0.006499999999505235,0.006190476190004986,200.0,9.523809523809524,93.0,0.4800000000000001,inventory_skew,0.0,21.0,210147
4.074542786502988e-12,0.02,24.3,-5.23869142510236e-12,0.01,1.0,0.005,0.0025,0.0,0.029999999998835847,100000.03,0.019999999999999997,0.23393667553251238,1.0,-0.02,1.0,0.020000000004074536,1.999999100407858e-07,0.05472636815920398,0.0014999999999417923,0.029999999998835847,200.0,200.0,93.0,0.04,avellaneda_stoikov,0.0,1.0,10002
1.1059431148652266e-11,-0.07999999999999999,6.195,-3.7834964328187226e-11,0.09,16.0,0.08,0.04,0.0,0.18999999997322448,100000.18999999997,-0.15999999999999998,1.7234120963168802,1.0,-0.04,3.0,0.35499999999592546,3.5499870425065504e-06,1.2985074626865671,0.009499999998661223,0.01187499999832653,200.0,12.5,93.0,0.48,microstructure_adaptive,0.0,16.0,160126
-7.56700258008891e-12,0.11,4,-5.238677547314552e-12,0.10000000000000002,19.0,0.095,0.0475,0.0,0.07999999998719431,100000.07999999999,-0.18000000000000005,1.7732113824824083,1.0,-0.02,3.0,0.3600000000005821,3.5999861400591817e-06,1.4427860696517414,0.003999999999359715,0.00421052631511549,200.0,10.526315789473685,94.0,0.38000000000000006,naive_symmetric,0.0,19.0,189917
-2.735758841687641e-11,0.12000000000000001,4.515,1.9790617061810067e-11,0.09000000000000001,17.0,0.085,0.0425,0.0,0.069999999992433,100000.06999999999,-0.17000000000000004,0.9250521028757385,1.0,-0.02,2.0,0.2400000000052387,2.399997720054553e-06,0.6268656716417911,0.0034999999996216504,0.004117647058378412,200.0,11.764705882352942,94.0,0.35000000000000003,inventory_skew,0.0,17.0,169921
-1.047738285020472e-11,0.0,30.665,1.4551918697813804e-11,0.01,1.0,0.005,0.0025,0.0,0.020000000004074536,100000.02,0.02,0.07053456158585983,1.0,-0.02,1.0,0.0,0.0,0.004975124378109453,0.0010000000002037268,0.020000000004074536,200.0,200.0,94.0,0.03,avellaneda_stoikov,0.0,1.0,10004
-1.0477327339053488e-11,0.07999999999999999,6.51,1.804438543029363e-11,0.06,9.0,0.045,0.0225,0.0,-0.069999999992433,99999.93000000001,-0.23000000000000004,1.4053911833042971,1.0,-0.06,3.0,0.35499999999592546,3.549999112459476e-06,1.1791044776119404,-0.0034999999996216504,-0.0077777777769370005,200.0,22.22222222222222,94.0,0.27999999999999997,microstructure_adaptive,0.0,9.0,89968
1.21654242235536e-10,0.11999999999999995,4,-1.2456440046104689e-10,0.19000000000000006,29.0,0.145,0.07474226804123711,0.0,0.19999999999708962,100000.2,-0.010000000000000314,4.576600663357116,1.0,-0.18,10.0,0.7200000000011642,7.199940240507645e-06,3.691542288557214,0.009999999999854481,0.006896551724037573,200.0,6.896551724137931,95.0,0.5800000000000002,naive_symmetric,0.05970149253731343,29.0,289641
3.3178237934805566e-11,0.05999999999999996,4.76,-5.3551009113195214e-11,0.15000000000000002,26.0,0.13,0.065,0.0,0.3999999999796273,100000.39999999998,0.01999999999999992,3.3753569923595705,1.0,-0.08,6.0,0.47500000000582077,4.7499622378584175e-06,2.8855721393034828,0.019999999998981367,0.01538461538383182,200.0,7.6923076923076925,95.0,0.6100000000000002,inventory_skew,0.0,26.0,259717
0.0,0.0,27.14,0.0,0.0,0.0,0.0,0.0,0.0,0.0,100000.0,0.0,0.0,0.0,0.0,0.0,0.0,0.0,0,0.0,0.0,200.0,0.0,95.0,0.0,avellaneda_stoikov,0.0,0.0,0
1.7461865287060618e-12,0.030000000000000016,6.25,1.7462385704103411e-12,0.1,16.0,0.08,0.04,0.0,0.16000000000349246,100000.16,-0.16999999999999998,2.3404298622899398,1.0,-0.08,4.0,0.3699999999953434,3.6999852000126333e-06,2.0646766169154227,0.008000000000174623,0.010000000000218279,200.0,12.5,95.0,0.51,microstructure_adaptive,0.0,16.0,159800
-4.074435233647478e-12,-1.0408340855860843e-17,4,1.6298157268224145e-11,0.15000000000000002,27.0,0.135,0.0675,0.0,0.06000000001222361,100000.06000000001,-0.27000000000000024,1.4386284236360452,1.0,-0.06,4.0,0.22000000000116415,2.199995710020007e-06,1.154228855721393,0.0030000000006111804,0.0022222222226749486,200.0,7.407407407407407,96.0,0.5400000000000001,naive_symmetric,0.0,27.0,269956
-5.5297433299017484e-11,-0.01,4.62,3.492461875254094e-11,0.13000000000000003,24.0,0.12,0.06,0.0,0.14999999997962732,100000.14999999998,-0.20000000000000007,1.0197063278340857,1.0,-0.04,3.0,0.1200000000098953,1.199997120105865e-06,0.7512437810945274,0.007499999998981366,0.006249999999151139,200.0,8.333333333333334,96.0,0.5200000000000002,inventory_skew,0.0,24.0,239974
-1.1641659858341313e-12,-0.01,22.595,-2.328307685539599e-12,0.01,2.0,0.01,0.005,0.0,0.08999999999650754,100000.09,0.03,0.12216944435630522,0.0,0.0,1.0,0.0,0.0,0.014925373134328358,0.004499999999825377,0.04499999999825377,200.0,100.0,96.0,0.07,avellaneda_stoikov,0.0,2.0,19984
-1.7462475909724162e-11,-0.03,6.095,1.7462326723505228e-11,0.06999999999999999,13.0,0.065,0.0325,0.0,0.25,100000.25,-0.049999999999999954,0.7948841399977109,1.0,-0.02,2.0,0.08999999999650754,8.999973449729077e-07,0.48258706467661694,0.0125,0.019230769230769232,200.0,15.384615384615385,96.0,0.3900000000000001,microstructure_adaptive,0.0,13.0,129989
-7.916267641405739e-11,0.010000000000000002,4,5.1804838197000436e-11,0.2300000000000001,36.0,0.18,0.09448818897637795,0.0,1.3299999999726424,100001.32999999997,1.04,4.9875466805381645,1.0,-0.2,10.0,1.7299999999959255,1.729967130620444e-05,3.601990049751244,0.06649999999863213,0.03694444444368451,200.0,5.555555555555555,97.0,0.7200000000000003,naive_symmetric,0.0945273631840796,36.0,360114
4.6564974098828316e-12,-0.08,4.66,-4.2491557147861236e-11,0.19000000000000006,33.0,0.165,0.0825,0.0,1.349999999962165,100001.34999999996,0.88,3.068861425310891,1.0,-0.1,7.0,0.9650000000110595,9.649833057998693e-06,2.343283582089552,0.06749999999810825,0.040909090907944395,200.0,6.0606060606060606,97.0,0.7600000000000003,inventory_skew,0.0,33.0,330109
5.820760540231618e-12,-0.03,29.585,-1.5133998221283917e-11,0.02,3.0,0.015,0.0075,0.0,0.23999999999068677,100000.23999999999,0.1,0.2731791823540765,1.0,-0.02,1.0,0.029999999998835847,2.9999926499015924e-07,0.07462686567164178,0.011999999999534338,0.0799999999968956,200.0,66.66666666666667,97.0,0.18,avellaneda_stoikov,0.0,3.0,30015
-2.1536772365493562e-11,-0.06999999999999999,6.48,1.6298157268224145e-11,0.11000000000000001,17.0,0.085,0.04415584415584416,0.0,1.0099999999947613,100001.01,0.68,2.429093969454004,1.0,-0.1,5.0,0.7850000000034925,7.84990658614655e-06,1.8208955223880596,0.05049999999973807,0.059411764705574195,200.0,11.764705882352942,97.0,0.54,microstructure_adaptive,0.0,17.0,170077
1.6880052911005805e-11,-0.020000000000000025,4,-3.608872922722384e-11,0.17000000000000007,32.0,0.16,0.08,0.0,0.36999999998079147,100000.36999999998,-0.060000000000000074,1.1197014527469284,1.0,-0.04,3.0,0.17999999999301508,1.7999898299876118e-06,0.845771144278607,0.018499999999039573,0.011562499999399733,200.0,6.25,98.0,0.6400000000000002,naive_symmetric,0.0,32.0,320468
-1.6880497000215655e-11,-0.09999999999999999,4.74,9.895320673969366e-12,0.13000000000000003,25.0,0.125,0.0625,0.0,0.4299999999930151,100000.43,0.06,0.9489454739013253,1.0,-0.02,2.0,0.11999999999534339,1.1999942999805092e-06,0.7910447761194029,0.021499999999650753,0.017199999999720602,200.0,8.0,98.0,0.5200000000000002,inventory_skew,0.0,25.0,250345
6.402878227618203e-12,-0.01,28.04,-1.1641534958251043e-11,0.01,2.0,0.01,0.005,0.0,0.5099999999947613,100000.51,0.45999999999999996,0.9773555548504418,0.0,0.0,1.0,0.180000000007567,1.7999908201224874e-06,0.9552238805970149,0.025499999999738066,0.25499999999738066,200.0,100.0,98.0,0.06,avellaneda_stoikov,0.0,2.0,20048
7.567058091240142e-12,-0.04000000000000001,6.385,-5.238670608420648e-12,0.05999999999999999,12.0,0.06,0.03,0.0,1.1900000000023283,100001.19,0.93,1.9342423664934827,0.0,0.0,3.0,0.27000000000407454,2.699967870423087e-06,1.7313432835820894,0.05950000000011642,0.09916666666686069,200.0,16.666666666666668,98.0,0.32000000000000006,microstructure_adaptive,0.0,12.0,120135
-5.238698363996264e-12,0.11,4,-3.4924424463511627e-12,0.14000000000000004,26.0,0.13,0.065,0.0,1.0999999999912689,100001.09999999999,0.7600000000000002,3.1091263510296048,1.0,-0.04,6.0,0.29999999998835847,2.999966700253212e-06,2.5323383084577116,0.05499999999956344,0.042307692307356495,200.0,7.6923076923076925,99.0,0.5200000000000001,naive_symmetric,0.0,26.0,259830
2.502897888945199e-11,0.11,4.81,-3.6088725757776885e-11,0.12000000000000004,24.0,0.12,0.06,0.0,0.6599999999889405,100000.65999999999,0.23,2.0012433945870027,0.0,0.0,4.0,0.21000000000640284,2.0999846701759362e-06,1.6169154228855722,0.03299999999944703,0.027499999999539188,200.0,8.333333333333334,99.0,0.5500000000000003,inventory_skew,0.0,24.0,239846
0.0,0.0,25.52,0.0,0.0,0.0,0.0,0.0,0.0,0.0,100000.0,0.0,0.0,0.0,0.0,0.0,0.0,0.0,0,0.0,0.0,200.0,0.0,99.0,0.0,avellaneda_stoikov,0.0,0.0,0
-2.0373036591081473e-11,0.04000000000000001,6.235,9.895313735075462e-12,0.09000000000000001,17.0,0.085,0.04415584415584416,0.0,1.0199999999895226,100001.01999999999,0.6500000000000001,2.7472283635679142,1.0,-0.02,5.0,0.27999999999883585,2.799971300282531e-06,2.283582089552239,0.05099999999947613,0.059999999999383685,200.0,11.764705882352942,99.0,0.4800000000000001,microstructure_adaptive,0.0,17.0,169842
